14-07-09-904  INFO 1276 --- [main] com.heima.item.ItemApplication           : Starting ItemApplication using Java 11 on LAPTOP-GUBBUCIV with PID 1276 (D:\Develop\code\Project\hmall project\hmall\item-service\target\classes started by Lenovo in D:\Develop\code\Project\hmall project\hmall)
14-07-09-913  INFO 1276 --- [main] com.heima.item.ItemApplication           : The following 1 profile is active: "local"
14-07-11-719 ERROR 1276 --- [main] o.s.boot.SpringApplication               : Application run failed

java.lang.IllegalStateException: Error processing condition on com.hmall.common.config.MyBatisConfig.mybatisPlusInterceptor
	at org.springframework.boot.autoconfigure.condition.SpringBootCondition.matches(SpringBootCondition.java:60) ~[spring-boot-autoconfigure-2.7.12.jar:2.7.12]
	at org.springframework.context.annotation.ConditionEvaluator.shouldSkip(ConditionEvaluator.java:108) ~[spring-context-5.3.27.jar:5.3.27]
	at org.springframework.context.annotation.ConfigurationClassBeanDefinitionReader.loadBeanDefinitionsForBeanMethod(ConfigurationClassBeanDefinitionReader.java:193) ~[spring-context-5.3.27.jar:5.3.27]
	at org.springframework.context.annotation.ConfigurationClassBeanDefinitionReader.loadBeanDefinitionsForConfigurationClass(ConfigurationClassBeanDefinitionReader.java:153) ~[spring-context-5.3.27.jar:5.3.27]
	at org.springframework.context.annotation.ConfigurationClassBeanDefinitionReader.loadBeanDefinitions(ConfigurationClassBeanDefinitionReader.java:129) ~[spring-context-5.3.27.jar:5.3.27]
	at org.springframework.context.annotation.ConfigurationClassPostProcessor.processConfigBeanDefinitions(ConfigurationClassPostProcessor.java:343) ~[spring-context-5.3.27.jar:5.3.27]
	at org.springframework.context.annotation.ConfigurationClassPostProcessor.postProcessBeanDefinitionRegistry(ConfigurationClassPostProcessor.java:247) ~[spring-context-5.3.27.jar:5.3.27]
	at org.springframework.context.support.PostProcessorRegistrationDelegate.invokeBeanDefinitionRegistryPostProcessors(PostProcessorRegistrationDelegate.java:311) ~[spring-context-5.3.27.jar:5.3.27]
	at org.springframework.context.support.PostProcessorRegistrationDelegate.invokeBeanFactoryPostProcessors(PostProcessorRegistrationDelegate.java:112) ~[spring-context-5.3.27.jar:5.3.27]
	at org.springframework.context.support.AbstractApplicationContext.invokeBeanFactoryPostProcessors(AbstractApplicationContext.java:748) ~[spring-context-5.3.27.jar:5.3.27]
	at org.springframework.context.support.AbstractApplicationContext.refresh(AbstractApplicationContext.java:564) ~[spring-context-5.3.27.jar:5.3.27]
	at org.springframework.boot.web.servlet.context.ServletWebServerApplicationContext.refresh(ServletWebServerApplicationContext.java:147) ~[spring-boot-2.7.12.jar:2.7.12]
	at org.springframework.boot.SpringApplication.refresh(SpringApplication.java:731) ~[spring-boot-2.7.12.jar:2.7.12]
	at org.springframework.boot.SpringApplication.refreshContext(SpringApplication.java:408) ~[spring-boot-2.7.12.jar:2.7.12]
	at org.springframework.boot.SpringApplication.run(SpringApplication.java:307) ~[spring-boot-2.7.12.jar:2.7.12]
	at org.springframework.boot.SpringApplication.run(SpringApplication.java:1303) ~[spring-boot-2.7.12.jar:2.7.12]
	at org.springframework.boot.SpringApplication.run(SpringApplication.java:1292) ~[spring-boot-2.7.12.jar:2.7.12]
	at com.heima.item.ItemApplication.main(ItemApplication.java:11) ~[classes/:na]
Caused by: java.lang.IllegalStateException: Failed to introspect Class [com.hmall.common.config.MQConfig] from ClassLoader [jdk.internal.loader.ClassLoaders$AppClassLoader@2437c6dc]
	at org.springframework.util.ReflectionUtils.getDeclaredMethods(ReflectionUtils.java:485) ~[spring-core-5.3.27.jar:5.3.27]
	at org.springframework.util.ReflectionUtils.doWithMethods(ReflectionUtils.java:361) ~[spring-core-5.3.27.jar:5.3.27]
	at org.springframework.util.ReflectionUtils.getUniqueDeclaredMethods(ReflectionUtils.java:418) ~[spring-core-5.3.27.jar:5.3.27]
	at org.springframework.beans.factory.support.AbstractAutowireCapableBeanFactory.lambda$getTypeForFactoryMethod$2(AbstractAutowireCapableBeanFactory.java:765) ~[spring-beans-5.3.27.jar:5.3.27]
	at java.base/java.util.concurrent.ConcurrentHashMap.computeIfAbsent(ConcurrentHashMap.java:1705) ~[na:na]
	at org.springframework.beans.factory.support.AbstractAutowireCapableBeanFactory.getTypeForFactoryMethod(AbstractAutowireCapableBeanFactory.java:764) ~[spring-beans-5.3.27.jar:5.3.27]
	at org.springframework.beans.factory.support.AbstractAutowireCapableBeanFactory.determineTargetType(AbstractAutowireCapableBeanFactory.java:703) ~[spring-beans-5.3.27.jar:5.3.27]
	at org.springframework.beans.factory.support.AbstractAutowireCapableBeanFactory.predictBeanType(AbstractAutowireCapableBeanFactory.java:674) ~[spring-beans-5.3.27.jar:5.3.27]
	at org.springframework.beans.factory.support.AbstractBeanFactory.isFactoryBean(AbstractBeanFactory.java:1684) ~[spring-beans-5.3.27.jar:5.3.27]
	at org.springframework.beans.factory.support.DefaultListableBeanFactory.doGetBeanNamesForType(DefaultListableBeanFactory.java:570) ~[spring-beans-5.3.27.jar:5.3.27]
	at org.springframework.beans.factory.support.DefaultListableBeanFactory.getBeanNamesForType(DefaultListableBeanFactory.java:542) ~[spring-beans-5.3.27.jar:5.3.27]
	at org.springframework.boot.autoconfigure.condition.OnBeanCondition.collectBeanNamesForType(OnBeanCondition.java:246) ~[spring-boot-autoconfigure-2.7.12.jar:2.7.12]
	at org.springframework.boot.autoconfigure.condition.OnBeanCondition.getBeanNamesForType(OnBeanCondition.java:239) ~[spring-boot-autoconfigure-2.7.12.jar:2.7.12]
	at org.springframework.boot.autoconfigure.condition.OnBeanCondition.getBeanNamesForType(OnBeanCondition.java:229) ~[spring-boot-autoconfigure-2.7.12.jar:2.7.12]
	at org.springframework.boot.autoconfigure.condition.OnBeanCondition.getMatchingBeans(OnBeanCondition.java:182) ~[spring-boot-autoconfigure-2.7.12.jar:2.7.12]
	at org.springframework.boot.autoconfigure.condition.OnBeanCondition.getMatchOutcome(OnBeanCondition.java:157) ~[spring-boot-autoconfigure-2.7.12.jar:2.7.12]
	at org.springframework.boot.autoconfigure.condition.SpringBootCondition.matches(SpringBootCondition.java:47) ~[spring-boot-autoconfigure-2.7.12.jar:2.7.12]
	... 17 common frames omitted
Caused by: java.lang.NoClassDefFoundError: org/springframework/amqp/support/converter/MessageConverter
	at java.base/java.lang.Class.getDeclaredMethods0(Native Method) ~[na:na]
	at java.base/java.lang.Class.privateGetDeclaredMethods(Class.java:3167) ~[na:na]
	at java.base/java.lang.Class.getDeclaredMethods(Class.java:2310) ~[na:na]
	at org.springframework.util.ReflectionUtils.getDeclaredMethods(ReflectionUtils.java:467) ~[spring-core-5.3.27.jar:5.3.27]
	... 33 common frames omitted
Caused by: java.lang.ClassNotFoundException: org.springframework.amqp.support.converter.MessageConverter
	at java.base/jdk.internal.loader.BuiltinClassLoader.loadClass(BuiltinClassLoader.java:582) ~[na:na]
	at java.base/jdk.internal.loader.ClassLoaders$AppClassLoader.loadClass(ClassLoaders.java:178) ~[na:na]
	at java.base/java.lang.ClassLoader.loadClass(ClassLoader.java:521) ~[na:na]
	... 37 common frames omitted

14-07-11-727  WARN 1276 --- [main] o.s.boot.SpringApplication               : Unable to close ApplicationContext

java.lang.IllegalStateException: Failed to introspect Class [com.hmall.common.config.MQConfig] from ClassLoader [jdk.internal.loader.ClassLoaders$AppClassLoader@2437c6dc]
	at org.springframework.util.ReflectionUtils.getDeclaredMethods(ReflectionUtils.java:485) ~[spring-core-5.3.27.jar:5.3.27]
	at org.springframework.util.ReflectionUtils.doWithMethods(ReflectionUtils.java:361) ~[spring-core-5.3.27.jar:5.3.27]
	at org.springframework.util.ReflectionUtils.getUniqueDeclaredMethods(ReflectionUtils.java:418) ~[spring-core-5.3.27.jar:5.3.27]
	at org.springframework.beans.factory.support.AbstractAutowireCapableBeanFactory.lambda$getTypeForFactoryMethod$2(AbstractAutowireCapableBeanFactory.java:765) ~[spring-beans-5.3.27.jar:5.3.27]
	at java.base/java.util.concurrent.ConcurrentHashMap.computeIfAbsent(ConcurrentHashMap.java:1705) ~[na:na]
	at org.springframework.beans.factory.support.AbstractAutowireCapableBeanFactory.getTypeForFactoryMethod(AbstractAutowireCapableBeanFactory.java:764) ~[spring-beans-5.3.27.jar:5.3.27]
	at org.springframework.beans.factory.support.AbstractAutowireCapableBeanFactory.determineTargetType(AbstractAutowireCapableBeanFactory.java:703) ~[spring-beans-5.3.27.jar:5.3.27]
	at org.springframework.beans.factory.support.AbstractAutowireCapableBeanFactory.predictBeanType(AbstractAutowireCapableBeanFactory.java:674) ~[spring-beans-5.3.27.jar:5.3.27]
	at org.springframework.beans.factory.support.AbstractBeanFactory.isFactoryBean(AbstractBeanFactory.java:1684) ~[spring-beans-5.3.27.jar:5.3.27]
	at org.springframework.beans.factory.support.DefaultListableBeanFactory.doGetBeanNamesForType(DefaultListableBeanFactory.java:570) ~[spring-beans-5.3.27.jar:5.3.27]
	at org.springframework.beans.factory.support.DefaultListableBeanFactory.getBeanNamesForType(DefaultListableBeanFactory.java:542) ~[spring-beans-5.3.27.jar:5.3.27]
	at org.springframework.beans.factory.support.DefaultListableBeanFactory.getBeansOfType(DefaultListableBeanFactory.java:669) ~[spring-beans-5.3.27.jar:5.3.27]
	at org.springframework.beans.factory.support.DefaultListableBeanFactory.getBeansOfType(DefaultListableBeanFactory.java:661) ~[spring-beans-5.3.27.jar:5.3.27]
	at org.springframework.context.support.AbstractApplicationContext.getBeansOfType(AbstractApplicationContext.java:1302) ~[spring-context-5.3.27.jar:5.3.27]
	at org.springframework.boot.SpringApplication.getExitCodeFromMappedException(SpringApplication.java:864) ~[spring-boot-2.7.12.jar:2.7.12]
	at org.springframework.boot.SpringApplication.getExitCodeFromException(SpringApplication.java:852) ~[spring-boot-2.7.12.jar:2.7.12]
	at org.springframework.boot.SpringApplication.handleExitCode(SpringApplication.java:839) ~[spring-boot-2.7.12.jar:2.7.12]
	at org.springframework.boot.SpringApplication.handleRunFailure(SpringApplication.java:779) ~[spring-boot-2.7.12.jar:2.7.12]
	at org.springframework.boot.SpringApplication.run(SpringApplication.java:317) ~[spring-boot-2.7.12.jar:2.7.12]
	at org.springframework.boot.SpringApplication.run(SpringApplication.java:1303) ~[spring-boot-2.7.12.jar:2.7.12]
	at org.springframework.boot.SpringApplication.run(SpringApplication.java:1292) ~[spring-boot-2.7.12.jar:2.7.12]
	at com.heima.item.ItemApplication.main(ItemApplication.java:11) ~[classes/:na]
Caused by: java.lang.NoClassDefFoundError: org/springframework/amqp/support/converter/MessageConverter
	at java.base/java.lang.Class.getDeclaredMethods0(Native Method) ~[na:na]
	at java.base/java.lang.Class.privateGetDeclaredMethods(Class.java:3167) ~[na:na]
	at java.base/java.lang.Class.getDeclaredMethods(Class.java:2310) ~[na:na]
	at org.springframework.util.ReflectionUtils.getDeclaredMethods(ReflectionUtils.java:467) ~[spring-core-5.3.27.jar:5.3.27]
	... 21 common frames omitted
Caused by: java.lang.ClassNotFoundException: org.springframework.amqp.support.converter.MessageConverter
	at java.base/jdk.internal.loader.BuiltinClassLoader.loadClass(BuiltinClassLoader.java:582) ~[na:na]
	at java.base/jdk.internal.loader.ClassLoaders$AppClassLoader.loadClass(ClassLoaders.java:178) ~[na:na]
	at java.base/java.lang.ClassLoader.loadClass(ClassLoader.java:521) ~[na:na]
	... 25 common frames omitted

14-12-16-510  INFO 15320 --- [main] com.heima.item.ItemApplication           : Starting ItemApplication using Java 11 on LAPTOP-GUBBUCIV with PID 15320 (D:\Develop\code\Project\hmall project\hmall\item-service\target\classes started by Lenovo in D:\Develop\code\Project\hmall project\hmall)
14-12-16-515  INFO 15320 --- [main] com.heima.item.ItemApplication           : The following 1 profile is active: "local"
14-12-17-843 ERROR 15320 --- [main] o.s.boot.SpringApplication               : Application run failed

java.lang.IllegalStateException: Error processing condition on com.hmall.common.config.MyBatisConfig.mybatisPlusInterceptor
	at org.springframework.boot.autoconfigure.condition.SpringBootCondition.matches(SpringBootCondition.java:60) ~[spring-boot-autoconfigure-2.7.12.jar:2.7.12]
	at org.springframework.context.annotation.ConditionEvaluator.shouldSkip(ConditionEvaluator.java:108) ~[spring-context-5.3.27.jar:5.3.27]
	at org.springframework.context.annotation.ConfigurationClassBeanDefinitionReader.loadBeanDefinitionsForBeanMethod(ConfigurationClassBeanDefinitionReader.java:193) ~[spring-context-5.3.27.jar:5.3.27]
	at org.springframework.context.annotation.ConfigurationClassBeanDefinitionReader.loadBeanDefinitionsForConfigurationClass(ConfigurationClassBeanDefinitionReader.java:153) ~[spring-context-5.3.27.jar:5.3.27]
	at org.springframework.context.annotation.ConfigurationClassBeanDefinitionReader.loadBeanDefinitions(ConfigurationClassBeanDefinitionReader.java:129) ~[spring-context-5.3.27.jar:5.3.27]
	at org.springframework.context.annotation.ConfigurationClassPostProcessor.processConfigBeanDefinitions(ConfigurationClassPostProcessor.java:343) ~[spring-context-5.3.27.jar:5.3.27]
	at org.springframework.context.annotation.ConfigurationClassPostProcessor.postProcessBeanDefinitionRegistry(ConfigurationClassPostProcessor.java:247) ~[spring-context-5.3.27.jar:5.3.27]
	at org.springframework.context.support.PostProcessorRegistrationDelegate.invokeBeanDefinitionRegistryPostProcessors(PostProcessorRegistrationDelegate.java:311) ~[spring-context-5.3.27.jar:5.3.27]
	at org.springframework.context.support.PostProcessorRegistrationDelegate.invokeBeanFactoryPostProcessors(PostProcessorRegistrationDelegate.java:112) ~[spring-context-5.3.27.jar:5.3.27]
	at org.springframework.context.support.AbstractApplicationContext.invokeBeanFactoryPostProcessors(AbstractApplicationContext.java:748) ~[spring-context-5.3.27.jar:5.3.27]
	at org.springframework.context.support.AbstractApplicationContext.refresh(AbstractApplicationContext.java:564) ~[spring-context-5.3.27.jar:5.3.27]
	at org.springframework.boot.web.servlet.context.ServletWebServerApplicationContext.refresh(ServletWebServerApplicationContext.java:147) ~[spring-boot-2.7.12.jar:2.7.12]
	at org.springframework.boot.SpringApplication.refresh(SpringApplication.java:731) ~[spring-boot-2.7.12.jar:2.7.12]
	at org.springframework.boot.SpringApplication.refreshContext(SpringApplication.java:408) ~[spring-boot-2.7.12.jar:2.7.12]
	at org.springframework.boot.SpringApplication.run(SpringApplication.java:307) ~[spring-boot-2.7.12.jar:2.7.12]
	at org.springframework.boot.SpringApplication.run(SpringApplication.java:1303) ~[spring-boot-2.7.12.jar:2.7.12]
	at org.springframework.boot.SpringApplication.run(SpringApplication.java:1292) ~[spring-boot-2.7.12.jar:2.7.12]
	at com.heima.item.ItemApplication.main(ItemApplication.java:11) ~[classes/:na]
Caused by: java.lang.IllegalStateException: Failed to introspect Class [com.hmall.common.config.MQConfig] from ClassLoader [jdk.internal.loader.ClassLoaders$AppClassLoader@2437c6dc]
	at org.springframework.util.ReflectionUtils.getDeclaredMethods(ReflectionUtils.java:485) ~[spring-core-5.3.27.jar:5.3.27]
	at org.springframework.util.ReflectionUtils.doWithMethods(ReflectionUtils.java:361) ~[spring-core-5.3.27.jar:5.3.27]
	at org.springframework.util.ReflectionUtils.getUniqueDeclaredMethods(ReflectionUtils.java:418) ~[spring-core-5.3.27.jar:5.3.27]
	at org.springframework.beans.factory.support.AbstractAutowireCapableBeanFactory.lambda$getTypeForFactoryMethod$2(AbstractAutowireCapableBeanFactory.java:765) ~[spring-beans-5.3.27.jar:5.3.27]
	at java.base/java.util.concurrent.ConcurrentHashMap.computeIfAbsent(ConcurrentHashMap.java:1705) ~[na:na]
	at org.springframework.beans.factory.support.AbstractAutowireCapableBeanFactory.getTypeForFactoryMethod(AbstractAutowireCapableBeanFactory.java:764) ~[spring-beans-5.3.27.jar:5.3.27]
	at org.springframework.beans.factory.support.AbstractAutowireCapableBeanFactory.determineTargetType(AbstractAutowireCapableBeanFactory.java:703) ~[spring-beans-5.3.27.jar:5.3.27]
	at org.springframework.beans.factory.support.AbstractAutowireCapableBeanFactory.predictBeanType(AbstractAutowireCapableBeanFactory.java:674) ~[spring-beans-5.3.27.jar:5.3.27]
	at org.springframework.beans.factory.support.AbstractBeanFactory.isFactoryBean(AbstractBeanFactory.java:1684) ~[spring-beans-5.3.27.jar:5.3.27]
	at org.springframework.beans.factory.support.DefaultListableBeanFactory.doGetBeanNamesForType(DefaultListableBeanFactory.java:570) ~[spring-beans-5.3.27.jar:5.3.27]
	at org.springframework.beans.factory.support.DefaultListableBeanFactory.getBeanNamesForType(DefaultListableBeanFactory.java:542) ~[spring-beans-5.3.27.jar:5.3.27]
	at org.springframework.boot.autoconfigure.condition.OnBeanCondition.collectBeanNamesForType(OnBeanCondition.java:246) ~[spring-boot-autoconfigure-2.7.12.jar:2.7.12]
	at org.springframework.boot.autoconfigure.condition.OnBeanCondition.getBeanNamesForType(OnBeanCondition.java:239) ~[spring-boot-autoconfigure-2.7.12.jar:2.7.12]
	at org.springframework.boot.autoconfigure.condition.OnBeanCondition.getBeanNamesForType(OnBeanCondition.java:229) ~[spring-boot-autoconfigure-2.7.12.jar:2.7.12]
	at org.springframework.boot.autoconfigure.condition.OnBeanCondition.getMatchingBeans(OnBeanCondition.java:182) ~[spring-boot-autoconfigure-2.7.12.jar:2.7.12]
	at org.springframework.boot.autoconfigure.condition.OnBeanCondition.getMatchOutcome(OnBeanCondition.java:157) ~[spring-boot-autoconfigure-2.7.12.jar:2.7.12]
	at org.springframework.boot.autoconfigure.condition.SpringBootCondition.matches(SpringBootCondition.java:47) ~[spring-boot-autoconfigure-2.7.12.jar:2.7.12]
	... 17 common frames omitted
Caused by: java.lang.NoClassDefFoundError: org/springframework/amqp/support/converter/MessageConverter
	at java.base/java.lang.Class.getDeclaredMethods0(Native Method) ~[na:na]
	at java.base/java.lang.Class.privateGetDeclaredMethods(Class.java:3167) ~[na:na]
	at java.base/java.lang.Class.getDeclaredMethods(Class.java:2310) ~[na:na]
	at org.springframework.util.ReflectionUtils.getDeclaredMethods(ReflectionUtils.java:467) ~[spring-core-5.3.27.jar:5.3.27]
	... 33 common frames omitted
Caused by: java.lang.ClassNotFoundException: org.springframework.amqp.support.converter.MessageConverter
	at java.base/jdk.internal.loader.BuiltinClassLoader.loadClass(BuiltinClassLoader.java:582) ~[na:na]
	at java.base/jdk.internal.loader.ClassLoaders$AppClassLoader.loadClass(ClassLoaders.java:178) ~[na:na]
	at java.base/java.lang.ClassLoader.loadClass(ClassLoader.java:521) ~[na:na]
	... 37 common frames omitted

14-12-17-849  WARN 15320 --- [main] o.s.boot.SpringApplication               : Unable to close ApplicationContext

java.lang.IllegalStateException: Failed to introspect Class [com.hmall.common.config.MQConfig] from ClassLoader [jdk.internal.loader.ClassLoaders$AppClassLoader@2437c6dc]
	at org.springframework.util.ReflectionUtils.getDeclaredMethods(ReflectionUtils.java:485) ~[spring-core-5.3.27.jar:5.3.27]
	at org.springframework.util.ReflectionUtils.doWithMethods(ReflectionUtils.java:361) ~[spring-core-5.3.27.jar:5.3.27]
	at org.springframework.util.ReflectionUtils.getUniqueDeclaredMethods(ReflectionUtils.java:418) ~[spring-core-5.3.27.jar:5.3.27]
	at org.springframework.beans.factory.support.AbstractAutowireCapableBeanFactory.lambda$getTypeForFactoryMethod$2(AbstractAutowireCapableBeanFactory.java:765) ~[spring-beans-5.3.27.jar:5.3.27]
	at java.base/java.util.concurrent.ConcurrentHashMap.computeIfAbsent(ConcurrentHashMap.java:1705) ~[na:na]
	at org.springframework.beans.factory.support.AbstractAutowireCapableBeanFactory.getTypeForFactoryMethod(AbstractAutowireCapableBeanFactory.java:764) ~[spring-beans-5.3.27.jar:5.3.27]
	at org.springframework.beans.factory.support.AbstractAutowireCapableBeanFactory.determineTargetType(AbstractAutowireCapableBeanFactory.java:703) ~[spring-beans-5.3.27.jar:5.3.27]
	at org.springframework.beans.factory.support.AbstractAutowireCapableBeanFactory.predictBeanType(AbstractAutowireCapableBeanFactory.java:674) ~[spring-beans-5.3.27.jar:5.3.27]
	at org.springframework.beans.factory.support.AbstractBeanFactory.isFactoryBean(AbstractBeanFactory.java:1684) ~[spring-beans-5.3.27.jar:5.3.27]
	at org.springframework.beans.factory.support.DefaultListableBeanFactory.doGetBeanNamesForType(DefaultListableBeanFactory.java:570) ~[spring-beans-5.3.27.jar:5.3.27]
	at org.springframework.beans.factory.support.DefaultListableBeanFactory.getBeanNamesForType(DefaultListableBeanFactory.java:542) ~[spring-beans-5.3.27.jar:5.3.27]
	at org.springframework.beans.factory.support.DefaultListableBeanFactory.getBeansOfType(DefaultListableBeanFactory.java:669) ~[spring-beans-5.3.27.jar:5.3.27]
	at org.springframework.beans.factory.support.DefaultListableBeanFactory.getBeansOfType(DefaultListableBeanFactory.java:661) ~[spring-beans-5.3.27.jar:5.3.27]
	at org.springframework.context.support.AbstractApplicationContext.getBeansOfType(AbstractApplicationContext.java:1302) ~[spring-context-5.3.27.jar:5.3.27]
	at org.springframework.boot.SpringApplication.getExitCodeFromMappedException(SpringApplication.java:864) ~[spring-boot-2.7.12.jar:2.7.12]
	at org.springframework.boot.SpringApplication.getExitCodeFromException(SpringApplication.java:852) ~[spring-boot-2.7.12.jar:2.7.12]
	at org.springframework.boot.SpringApplication.handleExitCode(SpringApplication.java:839) ~[spring-boot-2.7.12.jar:2.7.12]
	at org.springframework.boot.SpringApplication.handleRunFailure(SpringApplication.java:779) ~[spring-boot-2.7.12.jar:2.7.12]
	at org.springframework.boot.SpringApplication.run(SpringApplication.java:317) ~[spring-boot-2.7.12.jar:2.7.12]
	at org.springframework.boot.SpringApplication.run(SpringApplication.java:1303) ~[spring-boot-2.7.12.jar:2.7.12]
	at org.springframework.boot.SpringApplication.run(SpringApplication.java:1292) ~[spring-boot-2.7.12.jar:2.7.12]
	at com.heima.item.ItemApplication.main(ItemApplication.java:11) ~[classes/:na]
Caused by: java.lang.NoClassDefFoundError: org/springframework/amqp/support/converter/MessageConverter
	at java.base/java.lang.Class.getDeclaredMethods0(Native Method) ~[na:na]
	at java.base/java.lang.Class.privateGetDeclaredMethods(Class.java:3167) ~[na:na]
	at java.base/java.lang.Class.getDeclaredMethods(Class.java:2310) ~[na:na]
	at org.springframework.util.ReflectionUtils.getDeclaredMethods(ReflectionUtils.java:467) ~[spring-core-5.3.27.jar:5.3.27]
	... 21 common frames omitted
Caused by: java.lang.ClassNotFoundException: org.springframework.amqp.support.converter.MessageConverter
	at java.base/jdk.internal.loader.BuiltinClassLoader.loadClass(BuiltinClassLoader.java:582) ~[na:na]
	at java.base/jdk.internal.loader.ClassLoaders$AppClassLoader.loadClass(ClassLoaders.java:178) ~[na:na]
	at java.base/java.lang.ClassLoader.loadClass(ClassLoader.java:521) ~[na:na]
	... 25 common frames omitted

14-16-48-113  INFO 15256 --- [main] com.heima.item.ItemApplication           : Starting ItemApplication using Java 11 on LAPTOP-GUBBUCIV with PID 15256 (D:\Develop\code\Project\hmall project\hmall\item-service\target\classes started by Lenovo in D:\Develop\code\Project\hmall project\hmall)
14-16-48-117  INFO 15256 --- [main] com.heima.item.ItemApplication           : The following 1 profile is active: "local"
14-16-49-661 ERROR 15256 --- [main] o.s.boot.SpringApplication               : Application run failed

java.lang.IllegalStateException: Error processing condition on com.hmall.common.config.MyBatisConfig.mybatisPlusInterceptor
	at org.springframework.boot.autoconfigure.condition.SpringBootCondition.matches(SpringBootCondition.java:60) ~[spring-boot-autoconfigure-2.7.12.jar:2.7.12]
	at org.springframework.context.annotation.ConditionEvaluator.shouldSkip(ConditionEvaluator.java:108) ~[spring-context-5.3.27.jar:5.3.27]
	at org.springframework.context.annotation.ConfigurationClassBeanDefinitionReader.loadBeanDefinitionsForBeanMethod(ConfigurationClassBeanDefinitionReader.java:193) ~[spring-context-5.3.27.jar:5.3.27]
	at org.springframework.context.annotation.ConfigurationClassBeanDefinitionReader.loadBeanDefinitionsForConfigurationClass(ConfigurationClassBeanDefinitionReader.java:153) ~[spring-context-5.3.27.jar:5.3.27]
	at org.springframework.context.annotation.ConfigurationClassBeanDefinitionReader.loadBeanDefinitions(ConfigurationClassBeanDefinitionReader.java:129) ~[spring-context-5.3.27.jar:5.3.27]
	at org.springframework.context.annotation.ConfigurationClassPostProcessor.processConfigBeanDefinitions(ConfigurationClassPostProcessor.java:343) ~[spring-context-5.3.27.jar:5.3.27]
	at org.springframework.context.annotation.ConfigurationClassPostProcessor.postProcessBeanDefinitionRegistry(ConfigurationClassPostProcessor.java:247) ~[spring-context-5.3.27.jar:5.3.27]
	at org.springframework.context.support.PostProcessorRegistrationDelegate.invokeBeanDefinitionRegistryPostProcessors(PostProcessorRegistrationDelegate.java:311) ~[spring-context-5.3.27.jar:5.3.27]
	at org.springframework.context.support.PostProcessorRegistrationDelegate.invokeBeanFactoryPostProcessors(PostProcessorRegistrationDelegate.java:112) ~[spring-context-5.3.27.jar:5.3.27]
	at org.springframework.context.support.AbstractApplicationContext.invokeBeanFactoryPostProcessors(AbstractApplicationContext.java:748) ~[spring-context-5.3.27.jar:5.3.27]
	at org.springframework.context.support.AbstractApplicationContext.refresh(AbstractApplicationContext.java:564) ~[spring-context-5.3.27.jar:5.3.27]
	at org.springframework.boot.web.servlet.context.ServletWebServerApplicationContext.refresh(ServletWebServerApplicationContext.java:147) ~[spring-boot-2.7.12.jar:2.7.12]
	at org.springframework.boot.SpringApplication.refresh(SpringApplication.java:731) ~[spring-boot-2.7.12.jar:2.7.12]
	at org.springframework.boot.SpringApplication.refreshContext(SpringApplication.java:408) ~[spring-boot-2.7.12.jar:2.7.12]
	at org.springframework.boot.SpringApplication.run(SpringApplication.java:307) ~[spring-boot-2.7.12.jar:2.7.12]
	at org.springframework.boot.SpringApplication.run(SpringApplication.java:1303) ~[spring-boot-2.7.12.jar:2.7.12]
	at org.springframework.boot.SpringApplication.run(SpringApplication.java:1292) ~[spring-boot-2.7.12.jar:2.7.12]
	at com.heima.item.ItemApplication.main(ItemApplication.java:11) ~[classes/:na]
Caused by: java.lang.IllegalStateException: Failed to introspect Class [com.hmall.common.config.MQConfig] from ClassLoader [jdk.internal.loader.ClassLoaders$AppClassLoader@2437c6dc]
	at org.springframework.util.ReflectionUtils.getDeclaredMethods(ReflectionUtils.java:485) ~[spring-core-5.3.27.jar:5.3.27]
	at org.springframework.util.ReflectionUtils.doWithMethods(ReflectionUtils.java:361) ~[spring-core-5.3.27.jar:5.3.27]
	at org.springframework.util.ReflectionUtils.getUniqueDeclaredMethods(ReflectionUtils.java:418) ~[spring-core-5.3.27.jar:5.3.27]
	at org.springframework.beans.factory.support.AbstractAutowireCapableBeanFactory.lambda$getTypeForFactoryMethod$2(AbstractAutowireCapableBeanFactory.java:765) ~[spring-beans-5.3.27.jar:5.3.27]
	at java.base/java.util.concurrent.ConcurrentHashMap.computeIfAbsent(ConcurrentHashMap.java:1705) ~[na:na]
	at org.springframework.beans.factory.support.AbstractAutowireCapableBeanFactory.getTypeForFactoryMethod(AbstractAutowireCapableBeanFactory.java:764) ~[spring-beans-5.3.27.jar:5.3.27]
	at org.springframework.beans.factory.support.AbstractAutowireCapableBeanFactory.determineTargetType(AbstractAutowireCapableBeanFactory.java:703) ~[spring-beans-5.3.27.jar:5.3.27]
	at org.springframework.beans.factory.support.AbstractAutowireCapableBeanFactory.predictBeanType(AbstractAutowireCapableBeanFactory.java:674) ~[spring-beans-5.3.27.jar:5.3.27]
	at org.springframework.beans.factory.support.AbstractBeanFactory.isFactoryBean(AbstractBeanFactory.java:1684) ~[spring-beans-5.3.27.jar:5.3.27]
	at org.springframework.beans.factory.support.DefaultListableBeanFactory.doGetBeanNamesForType(DefaultListableBeanFactory.java:570) ~[spring-beans-5.3.27.jar:5.3.27]
	at org.springframework.beans.factory.support.DefaultListableBeanFactory.getBeanNamesForType(DefaultListableBeanFactory.java:542) ~[spring-beans-5.3.27.jar:5.3.27]
	at org.springframework.boot.autoconfigure.condition.OnBeanCondition.collectBeanNamesForType(OnBeanCondition.java:246) ~[spring-boot-autoconfigure-2.7.12.jar:2.7.12]
	at org.springframework.boot.autoconfigure.condition.OnBeanCondition.getBeanNamesForType(OnBeanCondition.java:239) ~[spring-boot-autoconfigure-2.7.12.jar:2.7.12]
	at org.springframework.boot.autoconfigure.condition.OnBeanCondition.getBeanNamesForType(OnBeanCondition.java:229) ~[spring-boot-autoconfigure-2.7.12.jar:2.7.12]
	at org.springframework.boot.autoconfigure.condition.OnBeanCondition.getMatchingBeans(OnBeanCondition.java:182) ~[spring-boot-autoconfigure-2.7.12.jar:2.7.12]
	at org.springframework.boot.autoconfigure.condition.OnBeanCondition.getMatchOutcome(OnBeanCondition.java:157) ~[spring-boot-autoconfigure-2.7.12.jar:2.7.12]
	at org.springframework.boot.autoconfigure.condition.SpringBootCondition.matches(SpringBootCondition.java:47) ~[spring-boot-autoconfigure-2.7.12.jar:2.7.12]
	... 17 common frames omitted
Caused by: java.lang.NoClassDefFoundError: org/springframework/amqp/support/converter/MessageConverter
	at java.base/java.lang.Class.getDeclaredMethods0(Native Method) ~[na:na]
	at java.base/java.lang.Class.privateGetDeclaredMethods(Class.java:3167) ~[na:na]
	at java.base/java.lang.Class.getDeclaredMethods(Class.java:2310) ~[na:na]
	at org.springframework.util.ReflectionUtils.getDeclaredMethods(ReflectionUtils.java:467) ~[spring-core-5.3.27.jar:5.3.27]
	... 33 common frames omitted
Caused by: java.lang.ClassNotFoundException: org.springframework.amqp.support.converter.MessageConverter
	at java.base/jdk.internal.loader.BuiltinClassLoader.loadClass(BuiltinClassLoader.java:582) ~[na:na]
	at java.base/jdk.internal.loader.ClassLoaders$AppClassLoader.loadClass(ClassLoaders.java:178) ~[na:na]
	at java.base/java.lang.ClassLoader.loadClass(ClassLoader.java:521) ~[na:na]
	... 37 common frames omitted

14-16-49-669  WARN 15256 --- [main] o.s.boot.SpringApplication               : Unable to close ApplicationContext

java.lang.IllegalStateException: Failed to introspect Class [com.hmall.common.config.MQConfig] from ClassLoader [jdk.internal.loader.ClassLoaders$AppClassLoader@2437c6dc]
	at org.springframework.util.ReflectionUtils.getDeclaredMethods(ReflectionUtils.java:485) ~[spring-core-5.3.27.jar:5.3.27]
	at org.springframework.util.ReflectionUtils.doWithMethods(ReflectionUtils.java:361) ~[spring-core-5.3.27.jar:5.3.27]
	at org.springframework.util.ReflectionUtils.getUniqueDeclaredMethods(ReflectionUtils.java:418) ~[spring-core-5.3.27.jar:5.3.27]
	at org.springframework.beans.factory.support.AbstractAutowireCapableBeanFactory.lambda$getTypeForFactoryMethod$2(AbstractAutowireCapableBeanFactory.java:765) ~[spring-beans-5.3.27.jar:5.3.27]
	at java.base/java.util.concurrent.ConcurrentHashMap.computeIfAbsent(ConcurrentHashMap.java:1705) ~[na:na]
	at org.springframework.beans.factory.support.AbstractAutowireCapableBeanFactory.getTypeForFactoryMethod(AbstractAutowireCapableBeanFactory.java:764) ~[spring-beans-5.3.27.jar:5.3.27]
	at org.springframework.beans.factory.support.AbstractAutowireCapableBeanFactory.determineTargetType(AbstractAutowireCapableBeanFactory.java:703) ~[spring-beans-5.3.27.jar:5.3.27]
	at org.springframework.beans.factory.support.AbstractAutowireCapableBeanFactory.predictBeanType(AbstractAutowireCapableBeanFactory.java:674) ~[spring-beans-5.3.27.jar:5.3.27]
	at org.springframework.beans.factory.support.AbstractBeanFactory.isFactoryBean(AbstractBeanFactory.java:1684) ~[spring-beans-5.3.27.jar:5.3.27]
	at org.springframework.beans.factory.support.DefaultListableBeanFactory.doGetBeanNamesForType(DefaultListableBeanFactory.java:570) ~[spring-beans-5.3.27.jar:5.3.27]
	at org.springframework.beans.factory.support.DefaultListableBeanFactory.getBeanNamesForType(DefaultListableBeanFactory.java:542) ~[spring-beans-5.3.27.jar:5.3.27]
	at org.springframework.beans.factory.support.DefaultListableBeanFactory.getBeansOfType(DefaultListableBeanFactory.java:669) ~[spring-beans-5.3.27.jar:5.3.27]
	at org.springframework.beans.factory.support.DefaultListableBeanFactory.getBeansOfType(DefaultListableBeanFactory.java:661) ~[spring-beans-5.3.27.jar:5.3.27]
	at org.springframework.context.support.AbstractApplicationContext.getBeansOfType(AbstractApplicationContext.java:1302) ~[spring-context-5.3.27.jar:5.3.27]
	at org.springframework.boot.SpringApplication.getExitCodeFromMappedException(SpringApplication.java:864) ~[spring-boot-2.7.12.jar:2.7.12]
	at org.springframework.boot.SpringApplication.getExitCodeFromException(SpringApplication.java:852) ~[spring-boot-2.7.12.jar:2.7.12]
	at org.springframework.boot.SpringApplication.handleExitCode(SpringApplication.java:839) ~[spring-boot-2.7.12.jar:2.7.12]
	at org.springframework.boot.SpringApplication.handleRunFailure(SpringApplication.java:779) ~[spring-boot-2.7.12.jar:2.7.12]
	at org.springframework.boot.SpringApplication.run(SpringApplication.java:317) ~[spring-boot-2.7.12.jar:2.7.12]
	at org.springframework.boot.SpringApplication.run(SpringApplication.java:1303) ~[spring-boot-2.7.12.jar:2.7.12]
	at org.springframework.boot.SpringApplication.run(SpringApplication.java:1292) ~[spring-boot-2.7.12.jar:2.7.12]
	at com.heima.item.ItemApplication.main(ItemApplication.java:11) ~[classes/:na]
Caused by: java.lang.NoClassDefFoundError: org/springframework/amqp/support/converter/MessageConverter
	at java.base/java.lang.Class.getDeclaredMethods0(Native Method) ~[na:na]
	at java.base/java.lang.Class.privateGetDeclaredMethods(Class.java:3167) ~[na:na]
	at java.base/java.lang.Class.getDeclaredMethods(Class.java:2310) ~[na:na]
	at org.springframework.util.ReflectionUtils.getDeclaredMethods(ReflectionUtils.java:467) ~[spring-core-5.3.27.jar:5.3.27]
	... 21 common frames omitted
Caused by: java.lang.ClassNotFoundException: org.springframework.amqp.support.converter.MessageConverter
	at java.base/jdk.internal.loader.BuiltinClassLoader.loadClass(BuiltinClassLoader.java:582) ~[na:na]
	at java.base/jdk.internal.loader.ClassLoaders$AppClassLoader.loadClass(ClassLoaders.java:178) ~[na:na]
	at java.base/java.lang.ClassLoader.loadClass(ClassLoader.java:521) ~[na:na]
	... 25 common frames omitted

14-23-33-182  INFO 840 --- [main] com.heima.item.ItemApplication           : Starting ItemApplication using Java 11 on LAPTOP-GUBBUCIV with PID 840 (D:\Develop\code\Project\hmall project\hmall\item-service\target\classes started by Lenovo in D:\Develop\code\Project\hmall project\hmall)
14-23-33-183  INFO 840 --- [main] com.heima.item.ItemApplication           : The following 1 profile is active: "local"
14-23-34-106  INFO 840 --- [main] o.s.cloud.context.scope.GenericScope     : BeanFactory id=b36db997-33dc-3bc8-a0ab-4a3e7ad0d1fd
14-23-34-397  INFO 840 --- [main] o.s.b.w.embedded.tomcat.TomcatWebServer  : Tomcat initialized with port(s): 8081 (http)
14-23-34-405  INFO 840 --- [main] o.apache.catalina.core.StandardService   : Starting service [Tomcat]
14-23-34-405  INFO 840 --- [main] org.apache.catalina.core.StandardEngine  : Starting Servlet engine: [Apache Tomcat/9.0.75]
14-23-34-504  INFO 840 --- [main] o.a.c.c.C.[Tomcat].[localhost].[/]       : Initializing Spring embedded WebApplicationContext
14-23-34-505  INFO 840 --- [main] w.s.c.ServletWebServerApplicationContext : Root WebApplicationContext: initialization completed in 1286 ms
14-23-37-992  INFO 840 --- [main] o.s.cloud.commons.util.InetUtils         : Cannot determine local hostname
14-23-38-020  INFO 840 --- [main] pertySourcedRequestMappingHandlerMapping : Mapped URL path [/v2/api-docs] onto method [springfox.documentation.swagger2.web.Swagger2ControllerWebMvc#getDocumentation(String, HttpServletRequest)]
14-23-39-438  INFO 840 --- [main] o.s.cloud.commons.util.InetUtils         : Cannot determine local hostname
14-23-39-530  INFO 840 --- [main] com.alibaba.nacos.common.remote.client   : [RpcClientFactory] create a new rpc client of 52595864-6bef-4c6d-b67a-891b7a6aac89
14-23-39-558  INFO 840 --- [main] org.reflections.Reflections              : Reflections took 16 ms to scan 1 urls, producing 3 keys and 6 values 
14-23-39-604  INFO 840 --- [main] org.reflections.Reflections              : Reflections took 33 ms to scan 1 urls, producing 4 keys and 9 values 
14-23-39-615  INFO 840 --- [main] org.reflections.Reflections              : Reflections took 8 ms to scan 1 urls, producing 3 keys and 10 values 
14-23-39-617  WARN 840 --- [main] org.reflections.Reflections              : given scan urls are empty. set urls in the configuration
14-23-39-623  INFO 840 --- [main] org.reflections.Reflections              : Reflections took 6 ms to scan 1 urls, producing 1 keys and 5 values 
14-23-39-633  INFO 840 --- [main] org.reflections.Reflections              : Reflections took 8 ms to scan 1 urls, producing 1 keys and 7 values 
14-23-39-641  INFO 840 --- [main] org.reflections.Reflections              : Reflections took 7 ms to scan 1 urls, producing 2 keys and 8 values 
14-23-39-643  WARN 840 --- [main] org.reflections.Reflections              : given scan urls are empty. set urls in the configuration
14-23-39-643  INFO 840 --- [main] com.alibaba.nacos.common.remote.client   : [52595864-6bef-4c6d-b67a-891b7a6aac89] RpcClient init label, labels = {module=naming, source=sdk}
14-23-39-645  INFO 840 --- [main] com.alibaba.nacos.common.remote.client   : [52595864-6bef-4c6d-b67a-891b7a6aac89] RpcClient init, ServerListFactory = com.alibaba.nacos.client.naming.core.ServerListManager
14-23-39-645  INFO 840 --- [main] com.alibaba.nacos.common.remote.client   : [52595864-6bef-4c6d-b67a-891b7a6aac89] Registry connection listener to current client:com.alibaba.nacos.client.naming.remote.gprc.redo.NamingGrpcRedoService
14-23-39-645  INFO 840 --- [main] com.alibaba.nacos.common.remote.client   : [52595864-6bef-4c6d-b67a-891b7a6aac89] Register server push request handler:com.alibaba.nacos.client.naming.remote.gprc.NamingPushRequestHandler
14-23-39-647  INFO 840 --- [main] com.alibaba.nacos.common.remote.client   : [52595864-6bef-4c6d-b67a-891b7a6aac89] Try to connect to server on start up, server: {serverIp = '192.168.10.101', server main port = 8848}
14-23-41-239  INFO 840 --- [main] com.alibaba.nacos.common.remote.client   : [52595864-6bef-4c6d-b67a-891b7a6aac89] Success to connect to server [192.168.10.101:8848] on start up, connectionId = 1746599017458_192.168.10.1_56171
14-23-41-241  INFO 840 --- [com.alibaba.nacos.client.remote.worker] com.alibaba.nacos.common.remote.client   : [52595864-6bef-4c6d-b67a-891b7a6aac89] Notify connected event to listeners.
14-23-41-242  INFO 840 --- [main] com.alibaba.nacos.common.remote.client   : [52595864-6bef-4c6d-b67a-891b7a6aac89] Register server push request handler:com.alibaba.nacos.common.remote.client.RpcClient$ConnectResetRequestHandler
14-23-41-245  INFO 840 --- [main] com.alibaba.nacos.common.remote.client   : [52595864-6bef-4c6d-b67a-891b7a6aac89] Register server push request handler:com.alibaba.nacos.common.remote.client.RpcClient$$Lambda$899/0x0000000800683840
14-23-41-291  INFO 840 --- [main] o.s.b.w.embedded.tomcat.TomcatWebServer  : Tomcat started on port(s): 8081 (http) with context path ''
14-23-41-300  INFO 840 --- [main] c.a.c.n.registry.NacosServiceRegistry    : nacos registry, DEFAULT_GROUP item-service 172.17.0.1:8081 register finished
14-23-41-814  INFO 840 --- [nacos-grpc-client-executor-9] com.alibaba.nacos.common.remote.client   : [52595864-6bef-4c6d-b67a-891b7a6aac89] Receive server push request, request = NotifySubscriberRequest, requestId = 7
14-23-41-817  INFO 840 --- [nacos-grpc-client-executor-9] com.alibaba.nacos.common.remote.client   : [52595864-6bef-4c6d-b67a-891b7a6aac89] Ack server push request, request = NotifySubscriberRequest, requestId = 7
14-23-42-716  INFO 840 --- [main] o.s.cloud.commons.util.InetUtils         : Cannot determine local hostname
14-23-42-717  INFO 840 --- [main] d.s.w.p.DocumentationPluginsBootstrapper : Documentation plugins bootstrapped
14-23-42-722  INFO 840 --- [main] d.s.w.p.DocumentationPluginsBootstrapper : Found 1 custom documentation plugin(s)
14-23-42-741  INFO 840 --- [main] s.d.s.w.s.ApiListingReferenceScanner     : Scanning for api listing references
14-23-42-839  INFO 840 --- [main] com.heima.item.ItemApplication           : Started ItemApplication in 11.964 seconds (JVM running for 12.995)
14-52-57-213  WARN 840 --- [Thread-4] c.a.nacos.common.notify.NotifyCenter     : [NotifyCenter] Start destroying Publisher
14-52-57-213  WARN 840 --- [Thread-4] c.a.nacos.common.notify.NotifyCenter     : [NotifyCenter] Destruction of the end
14-52-57-214  WARN 840 --- [Thread-7] c.a.n.common.http.HttpClientBeanHolder   : [HttpClientBeanHolder] Start destroying common HttpClient
14-52-57-216  WARN 840 --- [Thread-7] c.a.n.common.http.HttpClientBeanHolder   : [HttpClientBeanHolder] Destruction of the end
14-52-57-955  INFO 840 --- [SpringApplicationShutdownHook] c.a.c.n.registry.NacosServiceRegistry    : De-registering from Nacos Server now...
14-52-57-960  INFO 840 --- [SpringApplicationShutdownHook] c.a.c.n.registry.NacosServiceRegistry    : De-registration finished.
14-52-58-294  INFO 840 --- [SpringApplicationShutdownHook] com.alibaba.nacos.common.remote.client   : Shutdown rpc client, set status to shutdown
14-52-58-294  INFO 840 --- [SpringApplicationShutdownHook] com.alibaba.nacos.common.remote.client   : Shutdown client event executor java.util.concurrent.ScheduledThreadPoolExecutor@7d54b6d4[Running, pool size = 2, active threads = 2, queued tasks = 0, completed tasks = 0]
14-52-58-294  INFO 840 --- [SpringApplicationShutdownHook] com.alibaba.nacos.common.remote.client   : Close current connection 1746599017458_192.168.10.1_56171
14-52-58-297  INFO 840 --- [nacos-grpc-client-executor-367] c.a.n.c.remote.client.grpc.GrpcClient    : [1746599017458_192.168.10.1_56171]Ignore complete event,isRunning:false,isAbandon=false
14-52-58-300  INFO 840 --- [SpringApplicationShutdownHook] c.a.n.c.remote.client.grpc.GrpcClient    : Shutdown grpc executor java.util.concurrent.ThreadPoolExecutor@34ca667e[Running, pool size = 5, active threads = 0, queued tasks = 0, completed tasks = 368]
14-53-07-362  INFO 2060 --- [main] com.heima.item.ItemApplication           : Starting ItemApplication using Java 11 on LAPTOP-GUBBUCIV with PID 2060 (D:\Develop\code\Project\hmall project\hmall\item-service\target\classes started by Lenovo in D:\Develop\code\Project\hmall project\hmall)
14-53-07-367  INFO 2060 --- [main] com.heima.item.ItemApplication           : The following 1 profile is active: "local"
14-53-09-320  INFO 2060 --- [main] o.s.cloud.context.scope.GenericScope     : BeanFactory id=b36db997-33dc-3bc8-a0ab-4a3e7ad0d1fd
14-53-09-923  INFO 2060 --- [main] o.s.b.w.embedded.tomcat.TomcatWebServer  : Tomcat initialized with port(s): 8081 (http)
14-53-09-941  INFO 2060 --- [main] o.apache.catalina.core.StandardService   : Starting service [Tomcat]
14-53-09-941  INFO 2060 --- [main] org.apache.catalina.core.StandardEngine  : Starting Servlet engine: [Apache Tomcat/9.0.75]
14-53-10-142  INFO 2060 --- [main] o.a.c.c.C.[Tomcat].[localhost].[/]       : Initializing Spring embedded WebApplicationContext
14-53-10-142  INFO 2060 --- [main] w.s.c.ServletWebServerApplicationContext : Root WebApplicationContext: initialization completed in 2703 ms
14-53-16-817  INFO 2060 --- [main] o.s.cloud.commons.util.InetUtils         : Cannot determine local hostname
14-53-16-871  INFO 2060 --- [main] pertySourcedRequestMappingHandlerMapping : Mapped URL path [/v2/api-docs] onto method [springfox.documentation.swagger2.web.Swagger2ControllerWebMvc#getDocumentation(String, HttpServletRequest)]
14-53-19-418  INFO 2060 --- [main] o.s.cloud.commons.util.InetUtils         : Cannot determine local hostname
14-53-19-662  INFO 2060 --- [main] com.alibaba.nacos.common.remote.client   : [RpcClientFactory] create a new rpc client of 8f61b2f7-e4f1-4cfe-bde5-6922a5ed8259
14-53-19-748  INFO 2060 --- [main] org.reflections.Reflections              : Reflections took 54 ms to scan 1 urls, producing 3 keys and 6 values 
14-53-19-807  INFO 2060 --- [main] org.reflections.Reflections              : Reflections took 31 ms to scan 1 urls, producing 4 keys and 9 values 
14-53-19-856  INFO 2060 --- [main] org.reflections.Reflections              : Reflections took 44 ms to scan 1 urls, producing 3 keys and 10 values 
14-53-19-861  WARN 2060 --- [main] org.reflections.Reflections              : given scan urls are empty. set urls in the configuration
14-53-19-882  INFO 2060 --- [main] org.reflections.Reflections              : Reflections took 19 ms to scan 1 urls, producing 1 keys and 5 values 
14-53-19-911  INFO 2060 --- [main] org.reflections.Reflections              : Reflections took 24 ms to scan 1 urls, producing 1 keys and 7 values 
14-53-19-935  INFO 2060 --- [main] org.reflections.Reflections              : Reflections took 19 ms to scan 1 urls, producing 2 keys and 8 values 
14-53-19-938  WARN 2060 --- [main] org.reflections.Reflections              : given scan urls are empty. set urls in the configuration
14-53-19-938  INFO 2060 --- [main] com.alibaba.nacos.common.remote.client   : [8f61b2f7-e4f1-4cfe-bde5-6922a5ed8259] RpcClient init label, labels = {module=naming, source=sdk}
14-53-19-941  INFO 2060 --- [main] com.alibaba.nacos.common.remote.client   : [8f61b2f7-e4f1-4cfe-bde5-6922a5ed8259] RpcClient init, ServerListFactory = com.alibaba.nacos.client.naming.core.ServerListManager
14-53-19-941  INFO 2060 --- [main] com.alibaba.nacos.common.remote.client   : [8f61b2f7-e4f1-4cfe-bde5-6922a5ed8259] Registry connection listener to current client:com.alibaba.nacos.client.naming.remote.gprc.redo.NamingGrpcRedoService
14-53-19-943  INFO 2060 --- [main] com.alibaba.nacos.common.remote.client   : [8f61b2f7-e4f1-4cfe-bde5-6922a5ed8259] Register server push request handler:com.alibaba.nacos.client.naming.remote.gprc.NamingPushRequestHandler
14-53-19-945  INFO 2060 --- [main] com.alibaba.nacos.common.remote.client   : [8f61b2f7-e4f1-4cfe-bde5-6922a5ed8259] Try to connect to server on start up, server: {serverIp = '192.168.10.101', server main port = 8848}
14-53-24-470  INFO 2060 --- [main] com.alibaba.nacos.common.remote.client   : [8f61b2f7-e4f1-4cfe-bde5-6922a5ed8259] Success to connect to server [192.168.10.101:8848] on start up, connectionId = 1746600800586_192.168.10.1_54780
14-53-24-472  INFO 2060 --- [com.alibaba.nacos.client.remote.worker] com.alibaba.nacos.common.remote.client   : [8f61b2f7-e4f1-4cfe-bde5-6922a5ed8259] Notify connected event to listeners.
14-53-24-473  INFO 2060 --- [main] com.alibaba.nacos.common.remote.client   : [8f61b2f7-e4f1-4cfe-bde5-6922a5ed8259] Register server push request handler:com.alibaba.nacos.common.remote.client.RpcClient$ConnectResetRequestHandler
14-53-24-474  INFO 2060 --- [main] com.alibaba.nacos.common.remote.client   : [8f61b2f7-e4f1-4cfe-bde5-6922a5ed8259] Register server push request handler:com.alibaba.nacos.common.remote.client.RpcClient$$Lambda$900/0x0000000800683040
14-53-24-569  INFO 2060 --- [main] o.s.b.w.embedded.tomcat.TomcatWebServer  : Tomcat started on port(s): 8081 (http) with context path ''
14-53-24-588  INFO 2060 --- [main] c.a.c.n.registry.NacosServiceRegistry    : nacos registry, DEFAULT_GROUP item-service 172.17.0.1:8081 register finished
14-53-25-111  INFO 2060 --- [nacos-grpc-client-executor-7] com.alibaba.nacos.common.remote.client   : [8f61b2f7-e4f1-4cfe-bde5-6922a5ed8259] Receive server push request, request = NotifySubscriberRequest, requestId = 14
14-53-25-119  INFO 2060 --- [nacos-grpc-client-executor-7] com.alibaba.nacos.common.remote.client   : [8f61b2f7-e4f1-4cfe-bde5-6922a5ed8259] Ack server push request, request = NotifySubscriberRequest, requestId = 14
14-53-27-673  INFO 2060 --- [main] o.s.cloud.commons.util.InetUtils         : Cannot determine local hostname
14-53-27-674  INFO 2060 --- [main] d.s.w.p.DocumentationPluginsBootstrapper : Documentation plugins bootstrapped
14-53-27-680  INFO 2060 --- [main] d.s.w.p.DocumentationPluginsBootstrapper : Found 1 custom documentation plugin(s)
14-53-27-738  INFO 2060 --- [main] s.d.s.w.s.ApiListingReferenceScanner     : Scanning for api listing references
14-53-27-969  INFO 2060 --- [main] com.heima.item.ItemApplication           : Started ItemApplication in 23.242 seconds (JVM running for 24.764)
15-06-23-453  INFO 2060 --- [http-nio-8081-exec-1] o.a.c.c.C.[Tomcat].[localhost].[/]       : Initializing Spring DispatcherServlet 'dispatcherServlet'
15-06-23-453  INFO 2060 --- [http-nio-8081-exec-1] o.s.web.servlet.DispatcherServlet        : Initializing Servlet 'dispatcherServlet'
15-06-23-455  INFO 2060 --- [http-nio-8081-exec-1] o.s.web.servlet.DispatcherServlet        : Completed initialization in 2 ms
15-09-29-753  WARN 2060 --- [Thread-4] c.a.nacos.common.notify.NotifyCenter     : [NotifyCenter] Start destroying Publisher
15-09-29-753  WARN 2060 --- [Thread-7] c.a.n.common.http.HttpClientBeanHolder   : [HttpClientBeanHolder] Start destroying common HttpClient
15-09-29-754  WARN 2060 --- [Thread-4] c.a.nacos.common.notify.NotifyCenter     : [NotifyCenter] Destruction of the end
15-09-29-755  WARN 2060 --- [Thread-7] c.a.n.common.http.HttpClientBeanHolder   : [HttpClientBeanHolder] Destruction of the end
15-09-30-624  INFO 2060 --- [SpringApplicationShutdownHook] c.a.c.n.registry.NacosServiceRegistry    : De-registering from Nacos Server now...
15-09-30-629  INFO 2060 --- [SpringApplicationShutdownHook] c.a.c.n.registry.NacosServiceRegistry    : De-registration finished.
15-09-30-957  INFO 2060 --- [SpringApplicationShutdownHook] com.alibaba.nacos.common.remote.client   : Shutdown rpc client, set status to shutdown
15-09-30-957  INFO 2060 --- [SpringApplicationShutdownHook] com.alibaba.nacos.common.remote.client   : Shutdown client event executor java.util.concurrent.ScheduledThreadPoolExecutor@7ca0d4d2[Running, pool size = 2, active threads = 2, queued tasks = 0, completed tasks = 0]
15-09-30-958  INFO 2060 --- [SpringApplicationShutdownHook] com.alibaba.nacos.common.remote.client   : Close current connection 1746600800586_192.168.10.1_54780
15-09-30-963  INFO 2060 --- [nacos-grpc-client-executor-216] c.a.n.c.remote.client.grpc.GrpcClient    : [1746600800586_192.168.10.1_54780]Ignore complete event,isRunning:false,isAbandon=false
15-09-30-974  INFO 2060 --- [SpringApplicationShutdownHook] c.a.n.c.remote.client.grpc.GrpcClient    : Shutdown grpc executor java.util.concurrent.ThreadPoolExecutor@73f1b2ac[Running, pool size = 5, active threads = 0, queued tasks = 0, completed tasks = 217]
15-49-56-762  INFO 3240 --- [main] com.heima.item.ItemApplication           : Starting ItemApplication using Java 11 on LAPTOP-GUBBUCIV with PID 3240 (D:\Develop\code\Project\hmall project\hmall\item-service\target\classes started by Lenovo in D:\Develop\code\Project\hmall project\hmall)
15-49-56-772  INFO 3240 --- [main] com.heima.item.ItemApplication           : The following 1 profile is active: "local"
15-49-58-517  INFO 3240 --- [main] o.s.cloud.context.scope.GenericScope     : BeanFactory id=b36db997-33dc-3bc8-a0ab-4a3e7ad0d1fd
15-49-59-068  INFO 3240 --- [main] o.s.b.w.embedded.tomcat.TomcatWebServer  : Tomcat initialized with port(s): 8081 (http)
15-49-59-081  INFO 3240 --- [main] o.apache.catalina.core.StandardService   : Starting service [Tomcat]
15-49-59-082  INFO 3240 --- [main] org.apache.catalina.core.StandardEngine  : Starting Servlet engine: [Apache Tomcat/9.0.75]
15-49-59-277  INFO 3240 --- [main] o.a.c.c.C.[Tomcat].[localhost].[/]       : Initializing Spring embedded WebApplicationContext
15-49-59-278  INFO 3240 --- [main] w.s.c.ServletWebServerApplicationContext : Root WebApplicationContext: initialization completed in 2406 ms
15-50-06-769  INFO 3240 --- [main] o.s.cloud.commons.util.InetUtils         : Cannot determine local hostname
15-50-06-871  INFO 3240 --- [main] pertySourcedRequestMappingHandlerMapping : Mapped URL path [/v2/api-docs] onto method [springfox.documentation.swagger2.web.Swagger2ControllerWebMvc#getDocumentation(String, HttpServletRequest)]
15-50-09-573  INFO 3240 --- [main] o.s.cloud.commons.util.InetUtils         : Cannot determine local hostname
15-50-09-833  INFO 3240 --- [main] com.alibaba.nacos.common.remote.client   : [RpcClientFactory] create a new rpc client of a244ca18-c11c-4d0a-90eb-25184f5cc6ca
15-50-09-959  INFO 3240 --- [main] org.reflections.Reflections              : Reflections took 85 ms to scan 1 urls, producing 3 keys and 6 values 
15-50-10-054  INFO 3240 --- [main] org.reflections.Reflections              : Reflections took 43 ms to scan 1 urls, producing 4 keys and 9 values 
15-50-10-117  INFO 3240 --- [main] org.reflections.Reflections              : Reflections took 56 ms to scan 1 urls, producing 3 keys and 10 values 
15-50-10-122  WARN 3240 --- [main] org.reflections.Reflections              : given scan urls are empty. set urls in the configuration
15-50-10-152  INFO 3240 --- [main] org.reflections.Reflections              : Reflections took 29 ms to scan 1 urls, producing 1 keys and 5 values 
15-50-10-183  INFO 3240 --- [main] org.reflections.Reflections              : Reflections took 27 ms to scan 1 urls, producing 1 keys and 7 values 
15-50-10-219  INFO 3240 --- [main] org.reflections.Reflections              : Reflections took 29 ms to scan 1 urls, producing 2 keys and 8 values 
15-50-10-240  WARN 3240 --- [main] org.reflections.Reflections              : given scan urls are empty. set urls in the configuration
15-50-10-242  INFO 3240 --- [main] com.alibaba.nacos.common.remote.client   : [a244ca18-c11c-4d0a-90eb-25184f5cc6ca] RpcClient init label, labels = {module=naming, source=sdk}
15-50-10-248  INFO 3240 --- [main] com.alibaba.nacos.common.remote.client   : [a244ca18-c11c-4d0a-90eb-25184f5cc6ca] RpcClient init, ServerListFactory = com.alibaba.nacos.client.naming.core.ServerListManager
15-50-10-248  INFO 3240 --- [main] com.alibaba.nacos.common.remote.client   : [a244ca18-c11c-4d0a-90eb-25184f5cc6ca] Registry connection listener to current client:com.alibaba.nacos.client.naming.remote.gprc.redo.NamingGrpcRedoService
15-50-10-250  INFO 3240 --- [main] com.alibaba.nacos.common.remote.client   : [a244ca18-c11c-4d0a-90eb-25184f5cc6ca] Register server push request handler:com.alibaba.nacos.client.naming.remote.gprc.NamingPushRequestHandler
15-50-10-253  INFO 3240 --- [main] com.alibaba.nacos.common.remote.client   : [a244ca18-c11c-4d0a-90eb-25184f5cc6ca] Try to connect to server on start up, server: {serverIp = '192.168.10.101', server main port = 8848}
15-50-15-460  INFO 3240 --- [main] com.alibaba.nacos.common.remote.client   : [a244ca18-c11c-4d0a-90eb-25184f5cc6ca] Success to connect to server [192.168.10.101:8848] on start up, connectionId = 1746604212299_192.168.10.1_63962
15-50-15-461  INFO 3240 --- [com.alibaba.nacos.client.remote.worker] com.alibaba.nacos.common.remote.client   : [a244ca18-c11c-4d0a-90eb-25184f5cc6ca] Notify connected event to listeners.
15-50-15-462  INFO 3240 --- [main] com.alibaba.nacos.common.remote.client   : [a244ca18-c11c-4d0a-90eb-25184f5cc6ca] Register server push request handler:com.alibaba.nacos.common.remote.client.RpcClient$ConnectResetRequestHandler
15-50-15-463  INFO 3240 --- [main] com.alibaba.nacos.common.remote.client   : [a244ca18-c11c-4d0a-90eb-25184f5cc6ca] Register server push request handler:com.alibaba.nacos.common.remote.client.RpcClient$$Lambda$900/0x0000000629683040
15-50-15-592  INFO 3240 --- [main] o.s.b.w.embedded.tomcat.TomcatWebServer  : Tomcat started on port(s): 8081 (http) with context path ''
15-50-15-625  INFO 3240 --- [main] c.a.c.n.registry.NacosServiceRegistry    : nacos registry, DEFAULT_GROUP item-service 172.17.0.1:8081 register finished
15-50-16-131  INFO 3240 --- [nacos-grpc-client-executor-8] com.alibaba.nacos.common.remote.client   : [a244ca18-c11c-4d0a-90eb-25184f5cc6ca] Receive server push request, request = NotifySubscriberRequest, requestId = 2
15-50-16-145  INFO 3240 --- [nacos-grpc-client-executor-8] com.alibaba.nacos.common.remote.client   : [a244ca18-c11c-4d0a-90eb-25184f5cc6ca] Ack server push request, request = NotifySubscriberRequest, requestId = 2
15-50-18-755  INFO 3240 --- [main] o.s.cloud.commons.util.InetUtils         : Cannot determine local hostname
15-50-18-756  INFO 3240 --- [main] d.s.w.p.DocumentationPluginsBootstrapper : Documentation plugins bootstrapped
15-50-18-767  INFO 3240 --- [main] d.s.w.p.DocumentationPluginsBootstrapper : Found 1 custom documentation plugin(s)
15-50-18-836  INFO 3240 --- [main] s.d.s.w.s.ApiListingReferenceScanner     : Scanning for api listing references
15-50-19-171  INFO 3240 --- [main] com.heima.item.ItemApplication           : Started ItemApplication in 25.436 seconds (JVM running for 27.432)
16-02-25-598  INFO 3240 --- [http-nio-8081-exec-2] o.a.c.c.C.[Tomcat].[localhost].[/]       : Initializing Spring DispatcherServlet 'dispatcherServlet'
16-02-25-598  INFO 3240 --- [http-nio-8081-exec-2] o.s.web.servlet.DispatcherServlet        : Initializing Servlet 'dispatcherServlet'
16-02-25-601  INFO 3240 --- [http-nio-8081-exec-2] o.s.web.servlet.DispatcherServlet        : Completed initialization in 3 ms
17-00-53-601  INFO 3240 --- [com.alibaba.nacos.client.remote.worker] com.alibaba.nacos.common.remote.client   : [a244ca18-c11c-4d0a-90eb-25184f5cc6ca] Server healthy check fail, currentConnection = 1746604212299_192.168.10.1_63962
17-00-53-602  INFO 3240 --- [com.alibaba.nacos.client.remote.worker] com.alibaba.nacos.common.remote.client   : [a244ca18-c11c-4d0a-90eb-25184f5cc6ca] Try to reconnect to a new server, server is  not appointed, will choose a random server.
17-00-56-617 ERROR 3240 --- [com.alibaba.nacos.client.remote.worker] c.a.n.c.remote.client.grpc.GrpcClient    : Server check fail, please check server 192.168.10.101 ,port 9848 is available , error ={}

java.util.concurrent.TimeoutException: Waited 3000 milliseconds (plus 7 milliseconds, 99900 nanoseconds delay) for com.alibaba.nacos.shaded.io.grpc.stub.ClientCalls$GrpcFuture@e58a93a[status=PENDING, info=[GrpcFuture{clientCall={delegate={delegate=ClientCallImpl{method=MethodDescriptor{fullMethodName=Request/request, type=UNARY, idempotent=false, safe=false, sampledToLocalTracing=true, requestMarshaller=com.alibaba.nacos.shaded.io.grpc.protobuf.lite.ProtoLiteUtils$MessageMarshaller@24e11377, responseMarshaller=com.alibaba.nacos.shaded.io.grpc.protobuf.lite.ProtoLiteUtils$MessageMarshaller@424f5fa2, schemaDescriptor=com.alibaba.nacos.api.grpc.auto.RequestGrpc$RequestMethodDescriptorSupplier@56847fbc}}}}}]]
	at com.alibaba.nacos.shaded.com.google.common.util.concurrent.AbstractFuture.get(AbstractFuture.java:508) ~[nacos-client-2.0.4.jar:na]
	at com.alibaba.nacos.common.remote.client.grpc.GrpcClient.serverCheck(GrpcClient.java:148) ~[nacos-client-2.0.4.jar:na]
	at com.alibaba.nacos.common.remote.client.grpc.GrpcClient.connectToServer(GrpcClient.java:264) ~[nacos-client-2.0.4.jar:na]
	at com.alibaba.nacos.common.remote.client.RpcClient.reconnect(RpcClient.java:522) ~[nacos-client-2.0.4.jar:na]
	at com.alibaba.nacos.common.remote.client.RpcClient.lambda$start$2(RpcClient.java:370) ~[nacos-client-2.0.4.jar:na]
	at java.base/java.util.concurrent.Executors$RunnableAdapter.call(Executors.java:515) ~[na:na]
	at java.base/java.util.concurrent.FutureTask.run(FutureTask.java:264) ~[na:na]
	at java.base/java.util.concurrent.ScheduledThreadPoolExecutor$ScheduledFutureTask.run(ScheduledThreadPoolExecutor.java:304) ~[na:na]
	at java.base/java.util.concurrent.ThreadPoolExecutor.runWorker(ThreadPoolExecutor.java:1128) ~[na:na]
	at java.base/java.util.concurrent.ThreadPoolExecutor$Worker.run(ThreadPoolExecutor.java:628) ~[na:na]
	at java.base/java.lang.Thread.run(Thread.java:834) ~[na:na]

17-00-59-751 ERROR 3240 --- [com.alibaba.nacos.client.remote.worker] c.a.n.c.remote.client.grpc.GrpcClient    : Server check fail, please check server 192.168.10.101 ,port 9848 is available , error ={}

java.util.concurrent.TimeoutException: Waited 3000 milliseconds (plus 14 milliseconds, 435700 nanoseconds delay) for com.alibaba.nacos.shaded.io.grpc.stub.ClientCalls$GrpcFuture@5c2b3125[status=PENDING, info=[GrpcFuture{clientCall={delegate={delegate=ClientCallImpl{method=MethodDescriptor{fullMethodName=Request/request, type=UNARY, idempotent=false, safe=false, sampledToLocalTracing=true, requestMarshaller=com.alibaba.nacos.shaded.io.grpc.protobuf.lite.ProtoLiteUtils$MessageMarshaller@24e11377, responseMarshaller=com.alibaba.nacos.shaded.io.grpc.protobuf.lite.ProtoLiteUtils$MessageMarshaller@424f5fa2, schemaDescriptor=com.alibaba.nacos.api.grpc.auto.RequestGrpc$RequestMethodDescriptorSupplier@56847fbc}}}}}]]
	at com.alibaba.nacos.shaded.com.google.common.util.concurrent.AbstractFuture.get(AbstractFuture.java:508) ~[nacos-client-2.0.4.jar:na]
	at com.alibaba.nacos.common.remote.client.grpc.GrpcClient.serverCheck(GrpcClient.java:148) ~[nacos-client-2.0.4.jar:na]
	at com.alibaba.nacos.common.remote.client.grpc.GrpcClient.connectToServer(GrpcClient.java:264) ~[nacos-client-2.0.4.jar:na]
	at com.alibaba.nacos.common.remote.client.RpcClient.reconnect(RpcClient.java:522) ~[nacos-client-2.0.4.jar:na]
	at com.alibaba.nacos.common.remote.client.RpcClient.lambda$start$2(RpcClient.java:370) ~[nacos-client-2.0.4.jar:na]
	at java.base/java.util.concurrent.Executors$RunnableAdapter.call(Executors.java:515) ~[na:na]
	at java.base/java.util.concurrent.FutureTask.run(FutureTask.java:264) ~[na:na]
	at java.base/java.util.concurrent.ScheduledThreadPoolExecutor$ScheduledFutureTask.run(ScheduledThreadPoolExecutor.java:304) ~[na:na]
	at java.base/java.util.concurrent.ThreadPoolExecutor.runWorker(ThreadPoolExecutor.java:1128) ~[na:na]
	at java.base/java.util.concurrent.ThreadPoolExecutor$Worker.run(ThreadPoolExecutor.java:628) ~[na:na]
	at java.base/java.lang.Thread.run(Thread.java:834) ~[na:na]

17-00-59-751  INFO 3240 --- [com.alibaba.nacos.client.remote.worker] com.alibaba.nacos.common.remote.client   : [a244ca18-c11c-4d0a-90eb-25184f5cc6ca] Fail to connect server, after trying 1 times, last try server is {serverIp = '192.168.10.101', server main port = 8848}, error = unknown
17-01-02-968 ERROR 3240 --- [com.alibaba.nacos.client.remote.worker] c.a.n.c.remote.client.grpc.GrpcClient    : Server check fail, please check server 192.168.10.101 ,port 9848 is available , error ={}

java.util.concurrent.TimeoutException: Waited 3000 milliseconds (plus 14 milliseconds, 980100 nanoseconds delay) for com.alibaba.nacos.shaded.io.grpc.stub.ClientCalls$GrpcFuture@7c8f3555[status=PENDING, info=[GrpcFuture{clientCall={delegate={delegate=ClientCallImpl{method=MethodDescriptor{fullMethodName=Request/request, type=UNARY, idempotent=false, safe=false, sampledToLocalTracing=true, requestMarshaller=com.alibaba.nacos.shaded.io.grpc.protobuf.lite.ProtoLiteUtils$MessageMarshaller@24e11377, responseMarshaller=com.alibaba.nacos.shaded.io.grpc.protobuf.lite.ProtoLiteUtils$MessageMarshaller@424f5fa2, schemaDescriptor=com.alibaba.nacos.api.grpc.auto.RequestGrpc$RequestMethodDescriptorSupplier@56847fbc}}}}}]]
	at com.alibaba.nacos.shaded.com.google.common.util.concurrent.AbstractFuture.get(AbstractFuture.java:508) ~[nacos-client-2.0.4.jar:na]
	at com.alibaba.nacos.common.remote.client.grpc.GrpcClient.serverCheck(GrpcClient.java:148) ~[nacos-client-2.0.4.jar:na]
	at com.alibaba.nacos.common.remote.client.grpc.GrpcClient.connectToServer(GrpcClient.java:264) ~[nacos-client-2.0.4.jar:na]
	at com.alibaba.nacos.common.remote.client.RpcClient.reconnect(RpcClient.java:522) ~[nacos-client-2.0.4.jar:na]
	at com.alibaba.nacos.common.remote.client.RpcClient.lambda$start$2(RpcClient.java:370) ~[nacos-client-2.0.4.jar:na]
	at java.base/java.util.concurrent.Executors$RunnableAdapter.call(Executors.java:515) ~[na:na]
	at java.base/java.util.concurrent.FutureTask.run(FutureTask.java:264) ~[na:na]
	at java.base/java.util.concurrent.ScheduledThreadPoolExecutor$ScheduledFutureTask.run(ScheduledThreadPoolExecutor.java:304) ~[na:na]
	at java.base/java.util.concurrent.ThreadPoolExecutor.runWorker(ThreadPoolExecutor.java:1128) ~[na:na]
	at java.base/java.util.concurrent.ThreadPoolExecutor$Worker.run(ThreadPoolExecutor.java:628) ~[na:na]
	at java.base/java.lang.Thread.run(Thread.java:834) ~[na:na]

17-01-02-970  INFO 3240 --- [com.alibaba.nacos.client.remote.worker] com.alibaba.nacos.common.remote.client   : [a244ca18-c11c-4d0a-90eb-25184f5cc6ca] Fail to connect server, after trying 2 times, last try server is {serverIp = '192.168.10.101', server main port = 8848}, error = unknown
17-01-06-279 ERROR 3240 --- [com.alibaba.nacos.client.remote.worker] c.a.n.c.remote.client.grpc.GrpcClient    : Server check fail, please check server 192.168.10.101 ,port 9848 is available , error ={}

java.util.concurrent.TimeoutException: Waited 3000 milliseconds (plus 2 milliseconds, 369700 nanoseconds delay) for com.alibaba.nacos.shaded.io.grpc.stub.ClientCalls$GrpcFuture@7847455c[status=PENDING, info=[GrpcFuture{clientCall={delegate={delegate=ClientCallImpl{method=MethodDescriptor{fullMethodName=Request/request, type=UNARY, idempotent=false, safe=false, sampledToLocalTracing=true, requestMarshaller=com.alibaba.nacos.shaded.io.grpc.protobuf.lite.ProtoLiteUtils$MessageMarshaller@24e11377, responseMarshaller=com.alibaba.nacos.shaded.io.grpc.protobuf.lite.ProtoLiteUtils$MessageMarshaller@424f5fa2, schemaDescriptor=com.alibaba.nacos.api.grpc.auto.RequestGrpc$RequestMethodDescriptorSupplier@56847fbc}}}}}]]
	at com.alibaba.nacos.shaded.com.google.common.util.concurrent.AbstractFuture.get(AbstractFuture.java:508) ~[nacos-client-2.0.4.jar:na]
	at com.alibaba.nacos.common.remote.client.grpc.GrpcClient.serverCheck(GrpcClient.java:148) ~[nacos-client-2.0.4.jar:na]
	at com.alibaba.nacos.common.remote.client.grpc.GrpcClient.connectToServer(GrpcClient.java:264) ~[nacos-client-2.0.4.jar:na]
	at com.alibaba.nacos.common.remote.client.RpcClient.reconnect(RpcClient.java:522) ~[nacos-client-2.0.4.jar:na]
	at com.alibaba.nacos.common.remote.client.RpcClient.lambda$start$2(RpcClient.java:370) ~[nacos-client-2.0.4.jar:na]
	at java.base/java.util.concurrent.Executors$RunnableAdapter.call(Executors.java:515) ~[na:na]
	at java.base/java.util.concurrent.FutureTask.run(FutureTask.java:264) ~[na:na]
	at java.base/java.util.concurrent.ScheduledThreadPoolExecutor$ScheduledFutureTask.run(ScheduledThreadPoolExecutor.java:304) ~[na:na]
	at java.base/java.util.concurrent.ThreadPoolExecutor.runWorker(ThreadPoolExecutor.java:1128) ~[na:na]
	at java.base/java.util.concurrent.ThreadPoolExecutor$Worker.run(ThreadPoolExecutor.java:628) ~[na:na]
	at java.base/java.lang.Thread.run(Thread.java:834) ~[na:na]

17-01-06-280  INFO 3240 --- [com.alibaba.nacos.client.remote.worker] com.alibaba.nacos.common.remote.client   : [a244ca18-c11c-4d0a-90eb-25184f5cc6ca] Fail to connect server, after trying 3 times, last try server is {serverIp = '192.168.10.101', server main port = 8848}, error = unknown
17-01-09-711 ERROR 3240 --- [com.alibaba.nacos.client.remote.worker] c.a.n.c.remote.client.grpc.GrpcClient    : Server check fail, please check server 192.168.10.101 ,port 9848 is available , error ={}

java.util.concurrent.TimeoutException: Waited 3000 milliseconds (plus 14 milliseconds, 280900 nanoseconds delay) for com.alibaba.nacos.shaded.io.grpc.stub.ClientCalls$GrpcFuture@695423c1[status=PENDING, info=[GrpcFuture{clientCall={delegate={delegate=ClientCallImpl{method=MethodDescriptor{fullMethodName=Request/request, type=UNARY, idempotent=false, safe=false, sampledToLocalTracing=true, requestMarshaller=com.alibaba.nacos.shaded.io.grpc.protobuf.lite.ProtoLiteUtils$MessageMarshaller@24e11377, responseMarshaller=com.alibaba.nacos.shaded.io.grpc.protobuf.lite.ProtoLiteUtils$MessageMarshaller@424f5fa2, schemaDescriptor=com.alibaba.nacos.api.grpc.auto.RequestGrpc$RequestMethodDescriptorSupplier@56847fbc}}}}}]]
	at com.alibaba.nacos.shaded.com.google.common.util.concurrent.AbstractFuture.get(AbstractFuture.java:508) ~[nacos-client-2.0.4.jar:na]
	at com.alibaba.nacos.common.remote.client.grpc.GrpcClient.serverCheck(GrpcClient.java:148) ~[nacos-client-2.0.4.jar:na]
	at com.alibaba.nacos.common.remote.client.grpc.GrpcClient.connectToServer(GrpcClient.java:264) ~[nacos-client-2.0.4.jar:na]
	at com.alibaba.nacos.common.remote.client.RpcClient.reconnect(RpcClient.java:522) ~[nacos-client-2.0.4.jar:na]
	at com.alibaba.nacos.common.remote.client.RpcClient.lambda$start$2(RpcClient.java:370) ~[nacos-client-2.0.4.jar:na]
	at java.base/java.util.concurrent.Executors$RunnableAdapter.call(Executors.java:515) ~[na:na]
	at java.base/java.util.concurrent.FutureTask.run(FutureTask.java:264) ~[na:na]
	at java.base/java.util.concurrent.ScheduledThreadPoolExecutor$ScheduledFutureTask.run(ScheduledThreadPoolExecutor.java:304) ~[na:na]
	at java.base/java.util.concurrent.ThreadPoolExecutor.runWorker(ThreadPoolExecutor.java:1128) ~[na:na]
	at java.base/java.util.concurrent.ThreadPoolExecutor$Worker.run(ThreadPoolExecutor.java:628) ~[na:na]
	at java.base/java.lang.Thread.run(Thread.java:834) ~[na:na]

17-01-09-713  INFO 3240 --- [com.alibaba.nacos.client.remote.worker] com.alibaba.nacos.common.remote.client   : [a244ca18-c11c-4d0a-90eb-25184f5cc6ca] Fail to connect server, after trying 4 times, last try server is {serverIp = '192.168.10.101', server main port = 8848}, error = unknown
17-01-12-180  WARN 3240 --- [nacos-grpc-client-executor-874] c.a.n.c.remote.client.grpc.GrpcClient    : [1746604212299_192.168.10.1_63962]Ignore error event,isRunning:false,isAbandon=false
17-01-13-219 ERROR 3240 --- [com.alibaba.nacos.client.remote.worker] c.a.n.c.remote.client.grpc.GrpcClient    : Server check fail, please check server 192.168.10.101 ,port 9848 is available , error ={}

java.util.concurrent.TimeoutException: Waited 3000 milliseconds (plus 1 milliseconds, 596500 nanoseconds delay) for com.alibaba.nacos.shaded.io.grpc.stub.ClientCalls$GrpcFuture@2cdc7178[status=PENDING, info=[GrpcFuture{clientCall={delegate={delegate=ClientCallImpl{method=MethodDescriptor{fullMethodName=Request/request, type=UNARY, idempotent=false, safe=false, sampledToLocalTracing=true, requestMarshaller=com.alibaba.nacos.shaded.io.grpc.protobuf.lite.ProtoLiteUtils$MessageMarshaller@24e11377, responseMarshaller=com.alibaba.nacos.shaded.io.grpc.protobuf.lite.ProtoLiteUtils$MessageMarshaller@424f5fa2, schemaDescriptor=com.alibaba.nacos.api.grpc.auto.RequestGrpc$RequestMethodDescriptorSupplier@56847fbc}}}}}]]
	at com.alibaba.nacos.shaded.com.google.common.util.concurrent.AbstractFuture.get(AbstractFuture.java:508) ~[nacos-client-2.0.4.jar:na]
	at com.alibaba.nacos.common.remote.client.grpc.GrpcClient.serverCheck(GrpcClient.java:148) ~[nacos-client-2.0.4.jar:na]
	at com.alibaba.nacos.common.remote.client.grpc.GrpcClient.connectToServer(GrpcClient.java:264) ~[nacos-client-2.0.4.jar:na]
	at com.alibaba.nacos.common.remote.client.RpcClient.reconnect(RpcClient.java:522) ~[nacos-client-2.0.4.jar:na]
	at com.alibaba.nacos.common.remote.client.RpcClient.lambda$start$2(RpcClient.java:370) ~[nacos-client-2.0.4.jar:na]
	at java.base/java.util.concurrent.Executors$RunnableAdapter.call(Executors.java:515) ~[na:na]
	at java.base/java.util.concurrent.FutureTask.run(FutureTask.java:264) ~[na:na]
	at java.base/java.util.concurrent.ScheduledThreadPoolExecutor$ScheduledFutureTask.run(ScheduledThreadPoolExecutor.java:304) ~[na:na]
	at java.base/java.util.concurrent.ThreadPoolExecutor.runWorker(ThreadPoolExecutor.java:1128) ~[na:na]
	at java.base/java.util.concurrent.ThreadPoolExecutor$Worker.run(ThreadPoolExecutor.java:628) ~[na:na]
	at java.base/java.lang.Thread.run(Thread.java:834) ~[na:na]

17-01-13-220  INFO 3240 --- [com.alibaba.nacos.client.remote.worker] com.alibaba.nacos.common.remote.client   : [a244ca18-c11c-4d0a-90eb-25184f5cc6ca] Fail to connect server, after trying 5 times, last try server is {serverIp = '192.168.10.101', server main port = 8848}, error = unknown
17-01-16-837 ERROR 3240 --- [com.alibaba.nacos.client.remote.worker] c.a.n.c.remote.client.grpc.GrpcClient    : Server check fail, please check server 192.168.10.101 ,port 9848 is available , error ={}

java.util.concurrent.TimeoutException: Waited 3000 milliseconds (plus 2 milliseconds, 73600 nanoseconds delay) for com.alibaba.nacos.shaded.io.grpc.stub.ClientCalls$GrpcFuture@433b2eed[status=PENDING, info=[GrpcFuture{clientCall={delegate={delegate=ClientCallImpl{method=MethodDescriptor{fullMethodName=Request/request, type=UNARY, idempotent=false, safe=false, sampledToLocalTracing=true, requestMarshaller=com.alibaba.nacos.shaded.io.grpc.protobuf.lite.ProtoLiteUtils$MessageMarshaller@24e11377, responseMarshaller=com.alibaba.nacos.shaded.io.grpc.protobuf.lite.ProtoLiteUtils$MessageMarshaller@424f5fa2, schemaDescriptor=com.alibaba.nacos.api.grpc.auto.RequestGrpc$RequestMethodDescriptorSupplier@56847fbc}}}}}]]
	at com.alibaba.nacos.shaded.com.google.common.util.concurrent.AbstractFuture.get(AbstractFuture.java:508) ~[nacos-client-2.0.4.jar:na]
	at com.alibaba.nacos.common.remote.client.grpc.GrpcClient.serverCheck(GrpcClient.java:148) ~[nacos-client-2.0.4.jar:na]
	at com.alibaba.nacos.common.remote.client.grpc.GrpcClient.connectToServer(GrpcClient.java:264) ~[nacos-client-2.0.4.jar:na]
	at com.alibaba.nacos.common.remote.client.RpcClient.reconnect(RpcClient.java:522) ~[nacos-client-2.0.4.jar:na]
	at com.alibaba.nacos.common.remote.client.RpcClient.lambda$start$2(RpcClient.java:370) ~[nacos-client-2.0.4.jar:na]
	at java.base/java.util.concurrent.Executors$RunnableAdapter.call(Executors.java:515) ~[na:na]
	at java.base/java.util.concurrent.FutureTask.run(FutureTask.java:264) ~[na:na]
	at java.base/java.util.concurrent.ScheduledThreadPoolExecutor$ScheduledFutureTask.run(ScheduledThreadPoolExecutor.java:304) ~[na:na]
	at java.base/java.util.concurrent.ThreadPoolExecutor.runWorker(ThreadPoolExecutor.java:1128) ~[na:na]
	at java.base/java.util.concurrent.ThreadPoolExecutor$Worker.run(ThreadPoolExecutor.java:628) ~[na:na]
	at java.base/java.lang.Thread.run(Thread.java:834) ~[na:na]

17-01-16-838  INFO 3240 --- [com.alibaba.nacos.client.remote.worker] com.alibaba.nacos.common.remote.client   : [a244ca18-c11c-4d0a-90eb-25184f5cc6ca] Fail to connect server, after trying 6 times, last try server is {serverIp = '192.168.10.101', server main port = 8848}, error = unknown
17-01-17-668 ERROR 3240 --- [com.alibaba.nacos.client.naming.updater.1] com.alibaba.nacos.common.remote.client   : Send request fail, request = ServiceQueryRequest{headers={app=unknown}, requestId='null'}, retryTimes = 0, errorMessage = Client not connected, current status:UNHEALTHY
17-01-17-776 ERROR 3240 --- [com.alibaba.nacos.client.naming.updater.1] com.alibaba.nacos.common.remote.client   : Send request fail, request = ServiceQueryRequest{headers={app=unknown}, requestId='null'}, retryTimes = 1, errorMessage = Client not connected, current status:UNHEALTHY
17-01-17-884 ERROR 3240 --- [com.alibaba.nacos.client.naming.updater.1] com.alibaba.nacos.common.remote.client   : Send request fail, request = ServiceQueryRequest{headers={app=unknown}, requestId='null'}, retryTimes = 2, errorMessage = Client not connected, current status:UNHEALTHY
17-01-20-009 ERROR 3240 --- [com.alibaba.nacos.client.naming.updater.2] com.alibaba.nacos.common.remote.client   : Send request fail, request = ServiceQueryRequest{headers={app=unknown}, requestId='null'}, retryTimes = 0, errorMessage = Client not connected, current status:UNHEALTHY
17-01-20-116 ERROR 3240 --- [com.alibaba.nacos.client.naming.updater.2] com.alibaba.nacos.common.remote.client   : Send request fail, request = ServiceQueryRequest{headers={app=unknown}, requestId='null'}, retryTimes = 1, errorMessage = Client not connected, current status:UNHEALTHY
17-01-20-224 ERROR 3240 --- [com.alibaba.nacos.client.naming.updater.2] com.alibaba.nacos.common.remote.client   : Send request fail, request = ServiceQueryRequest{headers={app=unknown}, requestId='null'}, retryTimes = 2, errorMessage = Client not connected, current status:UNHEALTHY
17-01-20-547 ERROR 3240 --- [com.alibaba.nacos.client.remote.worker] c.a.n.c.remote.client.grpc.GrpcClient    : Server check fail, please check server 192.168.10.101 ,port 9848 is available , error ={}

java.util.concurrent.TimeoutException: Waited 3000 milliseconds (plus 616800 nanoseconds delay) for com.alibaba.nacos.shaded.io.grpc.stub.ClientCalls$GrpcFuture@3948ee0f[status=PENDING, info=[GrpcFuture{clientCall={delegate={delegate=ClientCallImpl{method=MethodDescriptor{fullMethodName=Request/request, type=UNARY, idempotent=false, safe=false, sampledToLocalTracing=true, requestMarshaller=com.alibaba.nacos.shaded.io.grpc.protobuf.lite.ProtoLiteUtils$MessageMarshaller@24e11377, responseMarshaller=com.alibaba.nacos.shaded.io.grpc.protobuf.lite.ProtoLiteUtils$MessageMarshaller@424f5fa2, schemaDescriptor=com.alibaba.nacos.api.grpc.auto.RequestGrpc$RequestMethodDescriptorSupplier@56847fbc}}}}}]]
	at com.alibaba.nacos.shaded.com.google.common.util.concurrent.AbstractFuture.get(AbstractFuture.java:508) ~[nacos-client-2.0.4.jar:na]
	at com.alibaba.nacos.common.remote.client.grpc.GrpcClient.serverCheck(GrpcClient.java:148) ~[nacos-client-2.0.4.jar:na]
	at com.alibaba.nacos.common.remote.client.grpc.GrpcClient.connectToServer(GrpcClient.java:264) ~[nacos-client-2.0.4.jar:na]
	at com.alibaba.nacos.common.remote.client.RpcClient.reconnect(RpcClient.java:522) ~[nacos-client-2.0.4.jar:na]
	at com.alibaba.nacos.common.remote.client.RpcClient.lambda$start$2(RpcClient.java:370) ~[nacos-client-2.0.4.jar:na]
	at java.base/java.util.concurrent.Executors$RunnableAdapter.call(Executors.java:515) ~[na:na]
	at java.base/java.util.concurrent.FutureTask.run(FutureTask.java:264) ~[na:na]
	at java.base/java.util.concurrent.ScheduledThreadPoolExecutor$ScheduledFutureTask.run(ScheduledThreadPoolExecutor.java:304) ~[na:na]
	at java.base/java.util.concurrent.ThreadPoolExecutor.runWorker(ThreadPoolExecutor.java:1128) ~[na:na]
	at java.base/java.util.concurrent.ThreadPoolExecutor$Worker.run(ThreadPoolExecutor.java:628) ~[na:na]
	at java.base/java.lang.Thread.run(Thread.java:834) ~[na:na]

17-01-20-549  INFO 3240 --- [com.alibaba.nacos.client.remote.worker] com.alibaba.nacos.common.remote.client   : [a244ca18-c11c-4d0a-90eb-25184f5cc6ca] Fail to connect server, after trying 7 times, last try server is {serverIp = '192.168.10.101', server main port = 8848}, error = unknown
17-01-24-343 ERROR 3240 --- [com.alibaba.nacos.client.naming.updater.2] com.alibaba.nacos.common.remote.client   : Send request fail, request = ServiceQueryRequest{headers={app=unknown}, requestId='null'}, retryTimes = 0, errorMessage = Client not connected, current status:UNHEALTHY
17-01-24-375 ERROR 3240 --- [com.alibaba.nacos.client.remote.worker] c.a.n.c.remote.client.grpc.GrpcClient    : Server check fail, please check server 192.168.10.101 ,port 9848 is available , error ={}

java.util.concurrent.TimeoutException: Waited 3000 milliseconds (plus 12 milliseconds, 984300 nanoseconds delay) for com.alibaba.nacos.shaded.io.grpc.stub.ClientCalls$GrpcFuture@19a7cb87[status=PENDING, info=[GrpcFuture{clientCall={delegate={delegate=ClientCallImpl{method=MethodDescriptor{fullMethodName=Request/request, type=UNARY, idempotent=false, safe=false, sampledToLocalTracing=true, requestMarshaller=com.alibaba.nacos.shaded.io.grpc.protobuf.lite.ProtoLiteUtils$MessageMarshaller@24e11377, responseMarshaller=com.alibaba.nacos.shaded.io.grpc.protobuf.lite.ProtoLiteUtils$MessageMarshaller@424f5fa2, schemaDescriptor=com.alibaba.nacos.api.grpc.auto.RequestGrpc$RequestMethodDescriptorSupplier@56847fbc}}}}}]]
	at com.alibaba.nacos.shaded.com.google.common.util.concurrent.AbstractFuture.get(AbstractFuture.java:508) ~[nacos-client-2.0.4.jar:na]
	at com.alibaba.nacos.common.remote.client.grpc.GrpcClient.serverCheck(GrpcClient.java:148) ~[nacos-client-2.0.4.jar:na]
	at com.alibaba.nacos.common.remote.client.grpc.GrpcClient.connectToServer(GrpcClient.java:264) ~[nacos-client-2.0.4.jar:na]
	at com.alibaba.nacos.common.remote.client.RpcClient.reconnect(RpcClient.java:522) ~[nacos-client-2.0.4.jar:na]
	at com.alibaba.nacos.common.remote.client.RpcClient.lambda$start$2(RpcClient.java:370) ~[nacos-client-2.0.4.jar:na]
	at java.base/java.util.concurrent.Executors$RunnableAdapter.call(Executors.java:515) ~[na:na]
	at java.base/java.util.concurrent.FutureTask.run(FutureTask.java:264) ~[na:na]
	at java.base/java.util.concurrent.ScheduledThreadPoolExecutor$ScheduledFutureTask.run(ScheduledThreadPoolExecutor.java:304) ~[na:na]
	at java.base/java.util.concurrent.ThreadPoolExecutor.runWorker(ThreadPoolExecutor.java:1128) ~[na:na]
	at java.base/java.util.concurrent.ThreadPoolExecutor$Worker.run(ThreadPoolExecutor.java:628) ~[na:na]
	at java.base/java.lang.Thread.run(Thread.java:834) ~[na:na]

17-01-24-376  INFO 3240 --- [com.alibaba.nacos.client.remote.worker] com.alibaba.nacos.common.remote.client   : [a244ca18-c11c-4d0a-90eb-25184f5cc6ca] Fail to connect server, after trying 8 times, last try server is {serverIp = '192.168.10.101', server main port = 8848}, error = unknown
17-01-24-451 ERROR 3240 --- [com.alibaba.nacos.client.naming.updater.2] com.alibaba.nacos.common.remote.client   : Send request fail, request = ServiceQueryRequest{headers={app=unknown}, requestId='null'}, retryTimes = 1, errorMessage = Client not connected, current status:UNHEALTHY
17-01-24-559 ERROR 3240 --- [com.alibaba.nacos.client.naming.updater.2] com.alibaba.nacos.common.remote.client   : Send request fail, request = ServiceQueryRequest{headers={app=unknown}, requestId='null'}, retryTimes = 2, errorMessage = Client not connected, current status:UNHEALTHY
17-01-28-289 ERROR 3240 --- [com.alibaba.nacos.client.remote.worker] c.a.n.c.remote.client.grpc.GrpcClient    : Server check fail, please check server 192.168.10.101 ,port 9848 is available , error ={}

java.util.concurrent.TimeoutException: Waited 3000 milliseconds (plus 2 milliseconds, 819500 nanoseconds delay) for com.alibaba.nacos.shaded.io.grpc.stub.ClientCalls$GrpcFuture@75d20d2b[status=PENDING, info=[GrpcFuture{clientCall={delegate={delegate=ClientCallImpl{method=MethodDescriptor{fullMethodName=Request/request, type=UNARY, idempotent=false, safe=false, sampledToLocalTracing=true, requestMarshaller=com.alibaba.nacos.shaded.io.grpc.protobuf.lite.ProtoLiteUtils$MessageMarshaller@24e11377, responseMarshaller=com.alibaba.nacos.shaded.io.grpc.protobuf.lite.ProtoLiteUtils$MessageMarshaller@424f5fa2, schemaDescriptor=com.alibaba.nacos.api.grpc.auto.RequestGrpc$RequestMethodDescriptorSupplier@56847fbc}}}}}]]
	at com.alibaba.nacos.shaded.com.google.common.util.concurrent.AbstractFuture.get(AbstractFuture.java:508) ~[nacos-client-2.0.4.jar:na]
	at com.alibaba.nacos.common.remote.client.grpc.GrpcClient.serverCheck(GrpcClient.java:148) ~[nacos-client-2.0.4.jar:na]
	at com.alibaba.nacos.common.remote.client.grpc.GrpcClient.connectToServer(GrpcClient.java:264) ~[nacos-client-2.0.4.jar:na]
	at com.alibaba.nacos.common.remote.client.RpcClient.reconnect(RpcClient.java:522) ~[nacos-client-2.0.4.jar:na]
	at com.alibaba.nacos.common.remote.client.RpcClient.lambda$start$2(RpcClient.java:370) ~[nacos-client-2.0.4.jar:na]
	at java.base/java.util.concurrent.Executors$RunnableAdapter.call(Executors.java:515) ~[na:na]
	at java.base/java.util.concurrent.FutureTask.run(FutureTask.java:264) ~[na:na]
	at java.base/java.util.concurrent.ScheduledThreadPoolExecutor$ScheduledFutureTask.run(ScheduledThreadPoolExecutor.java:304) ~[na:na]
	at java.base/java.util.concurrent.ThreadPoolExecutor.runWorker(ThreadPoolExecutor.java:1128) ~[na:na]
	at java.base/java.util.concurrent.ThreadPoolExecutor$Worker.run(ThreadPoolExecutor.java:628) ~[na:na]
	at java.base/java.lang.Thread.run(Thread.java:834) ~[na:na]

17-01-28-290  INFO 3240 --- [com.alibaba.nacos.client.remote.worker] com.alibaba.nacos.common.remote.client   : [a244ca18-c11c-4d0a-90eb-25184f5cc6ca] Fail to connect server, after trying 9 times, last try server is {serverIp = '192.168.10.101', server main port = 8848}, error = unknown
17-01-32-322 ERROR 3240 --- [com.alibaba.nacos.client.remote.worker] c.a.n.c.remote.client.grpc.GrpcClient    : Server check fail, please check server 192.168.10.101 ,port 9848 is available , error ={}

java.util.concurrent.TimeoutException: Waited 3000 milliseconds (plus 14 milliseconds, 834900 nanoseconds delay) for com.alibaba.nacos.shaded.io.grpc.stub.ClientCalls$GrpcFuture@e93a776[status=PENDING, info=[GrpcFuture{clientCall={delegate={delegate=ClientCallImpl{method=MethodDescriptor{fullMethodName=Request/request, type=UNARY, idempotent=false, safe=false, sampledToLocalTracing=true, requestMarshaller=com.alibaba.nacos.shaded.io.grpc.protobuf.lite.ProtoLiteUtils$MessageMarshaller@24e11377, responseMarshaller=com.alibaba.nacos.shaded.io.grpc.protobuf.lite.ProtoLiteUtils$MessageMarshaller@424f5fa2, schemaDescriptor=com.alibaba.nacos.api.grpc.auto.RequestGrpc$RequestMethodDescriptorSupplier@56847fbc}}}}}]]
	at com.alibaba.nacos.shaded.com.google.common.util.concurrent.AbstractFuture.get(AbstractFuture.java:508) ~[nacos-client-2.0.4.jar:na]
	at com.alibaba.nacos.common.remote.client.grpc.GrpcClient.serverCheck(GrpcClient.java:148) ~[nacos-client-2.0.4.jar:na]
	at com.alibaba.nacos.common.remote.client.grpc.GrpcClient.connectToServer(GrpcClient.java:264) ~[nacos-client-2.0.4.jar:na]
	at com.alibaba.nacos.common.remote.client.RpcClient.reconnect(RpcClient.java:522) ~[nacos-client-2.0.4.jar:na]
	at com.alibaba.nacos.common.remote.client.RpcClient.lambda$start$2(RpcClient.java:370) ~[nacos-client-2.0.4.jar:na]
	at java.base/java.util.concurrent.Executors$RunnableAdapter.call(Executors.java:515) ~[na:na]
	at java.base/java.util.concurrent.FutureTask.run(FutureTask.java:264) ~[na:na]
	at java.base/java.util.concurrent.ScheduledThreadPoolExecutor$ScheduledFutureTask.run(ScheduledThreadPoolExecutor.java:304) ~[na:na]
	at java.base/java.util.concurrent.ThreadPoolExecutor.runWorker(ThreadPoolExecutor.java:1128) ~[na:na]
	at java.base/java.util.concurrent.ThreadPoolExecutor$Worker.run(ThreadPoolExecutor.java:628) ~[na:na]
	at java.base/java.lang.Thread.run(Thread.java:834) ~[na:na]

17-01-32-323  INFO 3240 --- [com.alibaba.nacos.client.remote.worker] com.alibaba.nacos.common.remote.client   : [a244ca18-c11c-4d0a-90eb-25184f5cc6ca] Fail to connect server, after trying 10 times, last try server is {serverIp = '192.168.10.101', server main port = 8848}, error = unknown
17-01-32-675 ERROR 3240 --- [com.alibaba.nacos.client.naming.updater.0] com.alibaba.nacos.common.remote.client   : Send request fail, request = ServiceQueryRequest{headers={app=unknown}, requestId='null'}, retryTimes = 0, errorMessage = Client not connected, current status:UNHEALTHY
17-01-32-783 ERROR 3240 --- [com.alibaba.nacos.client.naming.updater.0] com.alibaba.nacos.common.remote.client   : Send request fail, request = ServiceQueryRequest{headers={app=unknown}, requestId='null'}, retryTimes = 1, errorMessage = Client not connected, current status:UNHEALTHY
17-01-32-890 ERROR 3240 --- [com.alibaba.nacos.client.naming.updater.0] com.alibaba.nacos.common.remote.client   : Send request fail, request = ServiceQueryRequest{headers={app=unknown}, requestId='null'}, retryTimes = 2, errorMessage = Client not connected, current status:UNHEALTHY
17-01-36-447 ERROR 3240 --- [com.alibaba.nacos.client.remote.worker] c.a.n.c.remote.client.grpc.GrpcClient    : Server check fail, please check server 192.168.10.101 ,port 9848 is available , error ={}

java.util.concurrent.TimeoutException: Waited 3000 milliseconds (plus 15 milliseconds, 329400 nanoseconds delay) for com.alibaba.nacos.shaded.io.grpc.stub.ClientCalls$GrpcFuture@76fa7626[status=PENDING, info=[GrpcFuture{clientCall={delegate={delegate=ClientCallImpl{method=MethodDescriptor{fullMethodName=Request/request, type=UNARY, idempotent=false, safe=false, sampledToLocalTracing=true, requestMarshaller=com.alibaba.nacos.shaded.io.grpc.protobuf.lite.ProtoLiteUtils$MessageMarshaller@24e11377, responseMarshaller=com.alibaba.nacos.shaded.io.grpc.protobuf.lite.ProtoLiteUtils$MessageMarshaller@424f5fa2, schemaDescriptor=com.alibaba.nacos.api.grpc.auto.RequestGrpc$RequestMethodDescriptorSupplier@56847fbc}}}}}]]
	at com.alibaba.nacos.shaded.com.google.common.util.concurrent.AbstractFuture.get(AbstractFuture.java:508) ~[nacos-client-2.0.4.jar:na]
	at com.alibaba.nacos.common.remote.client.grpc.GrpcClient.serverCheck(GrpcClient.java:148) ~[nacos-client-2.0.4.jar:na]
	at com.alibaba.nacos.common.remote.client.grpc.GrpcClient.connectToServer(GrpcClient.java:264) ~[nacos-client-2.0.4.jar:na]
	at com.alibaba.nacos.common.remote.client.RpcClient.reconnect(RpcClient.java:522) ~[nacos-client-2.0.4.jar:na]
	at com.alibaba.nacos.common.remote.client.RpcClient.lambda$start$2(RpcClient.java:370) ~[nacos-client-2.0.4.jar:na]
	at java.base/java.util.concurrent.Executors$RunnableAdapter.call(Executors.java:515) ~[na:na]
	at java.base/java.util.concurrent.FutureTask.run(FutureTask.java:264) ~[na:na]
	at java.base/java.util.concurrent.ScheduledThreadPoolExecutor$ScheduledFutureTask.run(ScheduledThreadPoolExecutor.java:304) ~[na:na]
	at java.base/java.util.concurrent.ThreadPoolExecutor.runWorker(ThreadPoolExecutor.java:1128) ~[na:na]
	at java.base/java.util.concurrent.ThreadPoolExecutor$Worker.run(ThreadPoolExecutor.java:628) ~[na:na]
	at java.base/java.lang.Thread.run(Thread.java:834) ~[na:na]

17-01-36-447  INFO 3240 --- [com.alibaba.nacos.client.remote.worker] com.alibaba.nacos.common.remote.client   : [a244ca18-c11c-4d0a-90eb-25184f5cc6ca] Fail to connect server, after trying 11 times, last try server is {serverIp = '192.168.10.101', server main port = 8848}, error = unknown
17-01-40-676 ERROR 3240 --- [com.alibaba.nacos.client.remote.worker] c.a.n.c.remote.client.grpc.GrpcClient    : Server check fail, please check server 192.168.10.101 ,port 9848 is available , error ={}

java.util.concurrent.TimeoutException: Waited 3000 milliseconds (plus 13 milliseconds, 891100 nanoseconds delay) for com.alibaba.nacos.shaded.io.grpc.stub.ClientCalls$GrpcFuture@1561f540[status=PENDING, info=[GrpcFuture{clientCall={delegate={delegate=ClientCallImpl{method=MethodDescriptor{fullMethodName=Request/request, type=UNARY, idempotent=false, safe=false, sampledToLocalTracing=true, requestMarshaller=com.alibaba.nacos.shaded.io.grpc.protobuf.lite.ProtoLiteUtils$MessageMarshaller@24e11377, responseMarshaller=com.alibaba.nacos.shaded.io.grpc.protobuf.lite.ProtoLiteUtils$MessageMarshaller@424f5fa2, schemaDescriptor=com.alibaba.nacos.api.grpc.auto.RequestGrpc$RequestMethodDescriptorSupplier@56847fbc}}}}}]]
	at com.alibaba.nacos.shaded.com.google.common.util.concurrent.AbstractFuture.get(AbstractFuture.java:508) ~[nacos-client-2.0.4.jar:na]
	at com.alibaba.nacos.common.remote.client.grpc.GrpcClient.serverCheck(GrpcClient.java:148) ~[nacos-client-2.0.4.jar:na]
	at com.alibaba.nacos.common.remote.client.grpc.GrpcClient.connectToServer(GrpcClient.java:264) ~[nacos-client-2.0.4.jar:na]
	at com.alibaba.nacos.common.remote.client.RpcClient.reconnect(RpcClient.java:522) ~[nacos-client-2.0.4.jar:na]
	at com.alibaba.nacos.common.remote.client.RpcClient.lambda$start$2(RpcClient.java:370) ~[nacos-client-2.0.4.jar:na]
	at java.base/java.util.concurrent.Executors$RunnableAdapter.call(Executors.java:515) ~[na:na]
	at java.base/java.util.concurrent.FutureTask.run(FutureTask.java:264) ~[na:na]
	at java.base/java.util.concurrent.ScheduledThreadPoolExecutor$ScheduledFutureTask.run(ScheduledThreadPoolExecutor.java:304) ~[na:na]
	at java.base/java.util.concurrent.ThreadPoolExecutor.runWorker(ThreadPoolExecutor.java:1128) ~[na:na]
	at java.base/java.util.concurrent.ThreadPoolExecutor$Worker.run(ThreadPoolExecutor.java:628) ~[na:na]
	at java.base/java.lang.Thread.run(Thread.java:834) ~[na:na]

17-01-40-677  INFO 3240 --- [com.alibaba.nacos.client.remote.worker] com.alibaba.nacos.common.remote.client   : [a244ca18-c11c-4d0a-90eb-25184f5cc6ca] Fail to connect server, after trying 12 times, last try server is {serverIp = '192.168.10.101', server main port = 8848}, error = unknown
17-01-44-998 ERROR 3240 --- [com.alibaba.nacos.client.remote.worker] c.a.n.c.remote.client.grpc.GrpcClient    : Server check fail, please check server 192.168.10.101 ,port 9848 is available , error ={}

java.util.concurrent.TimeoutException: Waited 3000 milliseconds (plus 15 milliseconds, 452700 nanoseconds delay) for com.alibaba.nacos.shaded.io.grpc.stub.ClientCalls$GrpcFuture@1d94e731[status=PENDING, info=[GrpcFuture{clientCall={delegate={delegate=ClientCallImpl{method=MethodDescriptor{fullMethodName=Request/request, type=UNARY, idempotent=false, safe=false, sampledToLocalTracing=true, requestMarshaller=com.alibaba.nacos.shaded.io.grpc.protobuf.lite.ProtoLiteUtils$MessageMarshaller@24e11377, responseMarshaller=com.alibaba.nacos.shaded.io.grpc.protobuf.lite.ProtoLiteUtils$MessageMarshaller@424f5fa2, schemaDescriptor=com.alibaba.nacos.api.grpc.auto.RequestGrpc$RequestMethodDescriptorSupplier@56847fbc}}}}}]]
	at com.alibaba.nacos.shaded.com.google.common.util.concurrent.AbstractFuture.get(AbstractFuture.java:508) ~[nacos-client-2.0.4.jar:na]
	at com.alibaba.nacos.common.remote.client.grpc.GrpcClient.serverCheck(GrpcClient.java:148) ~[nacos-client-2.0.4.jar:na]
	at com.alibaba.nacos.common.remote.client.grpc.GrpcClient.connectToServer(GrpcClient.java:264) ~[nacos-client-2.0.4.jar:na]
	at com.alibaba.nacos.common.remote.client.RpcClient.reconnect(RpcClient.java:522) ~[nacos-client-2.0.4.jar:na]
	at com.alibaba.nacos.common.remote.client.RpcClient.lambda$start$2(RpcClient.java:370) ~[nacos-client-2.0.4.jar:na]
	at java.base/java.util.concurrent.Executors$RunnableAdapter.call(Executors.java:515) ~[na:na]
	at java.base/java.util.concurrent.FutureTask.run(FutureTask.java:264) ~[na:na]
	at java.base/java.util.concurrent.ScheduledThreadPoolExecutor$ScheduledFutureTask.run(ScheduledThreadPoolExecutor.java:304) ~[na:na]
	at java.base/java.util.concurrent.ThreadPoolExecutor.runWorker(ThreadPoolExecutor.java:1128) ~[na:na]
	at java.base/java.util.concurrent.ThreadPoolExecutor$Worker.run(ThreadPoolExecutor.java:628) ~[na:na]
	at java.base/java.lang.Thread.run(Thread.java:834) ~[na:na]

17-01-45-000  INFO 3240 --- [com.alibaba.nacos.client.remote.worker] com.alibaba.nacos.common.remote.client   : [a244ca18-c11c-4d0a-90eb-25184f5cc6ca] Fail to connect server, after trying 13 times, last try server is {serverIp = '192.168.10.101', server main port = 8848}, error = unknown
17-01-49-015 ERROR 3240 --- [com.alibaba.nacos.client.naming.updater.0] com.alibaba.nacos.common.remote.client   : Send request fail, request = ServiceQueryRequest{headers={app=unknown}, requestId='null'}, retryTimes = 0, errorMessage = Client not connected, current status:UNHEALTHY
17-01-49-122 ERROR 3240 --- [com.alibaba.nacos.client.naming.updater.0] com.alibaba.nacos.common.remote.client   : Send request fail, request = ServiceQueryRequest{headers={app=unknown}, requestId='null'}, retryTimes = 1, errorMessage = Client not connected, current status:UNHEALTHY
17-01-49-230 ERROR 3240 --- [com.alibaba.nacos.client.naming.updater.0] com.alibaba.nacos.common.remote.client   : Send request fail, request = ServiceQueryRequest{headers={app=unknown}, requestId='null'}, retryTimes = 2, errorMessage = Client not connected, current status:UNHEALTHY
17-01-49-430 ERROR 3240 --- [com.alibaba.nacos.client.remote.worker] c.a.n.c.remote.client.grpc.GrpcClient    : Server check fail, please check server 192.168.10.101 ,port 9848 is available , error ={}

java.util.concurrent.TimeoutException: Waited 3000 milliseconds (plus 15 milliseconds, 206000 nanoseconds delay) for com.alibaba.nacos.shaded.io.grpc.stub.ClientCalls$GrpcFuture@68598367[status=PENDING, info=[GrpcFuture{clientCall={delegate={delegate=ClientCallImpl{method=MethodDescriptor{fullMethodName=Request/request, type=UNARY, idempotent=false, safe=false, sampledToLocalTracing=true, requestMarshaller=com.alibaba.nacos.shaded.io.grpc.protobuf.lite.ProtoLiteUtils$MessageMarshaller@24e11377, responseMarshaller=com.alibaba.nacos.shaded.io.grpc.protobuf.lite.ProtoLiteUtils$MessageMarshaller@424f5fa2, schemaDescriptor=com.alibaba.nacos.api.grpc.auto.RequestGrpc$RequestMethodDescriptorSupplier@56847fbc}}}}}]]
	at com.alibaba.nacos.shaded.com.google.common.util.concurrent.AbstractFuture.get(AbstractFuture.java:508) ~[nacos-client-2.0.4.jar:na]
	at com.alibaba.nacos.common.remote.client.grpc.GrpcClient.serverCheck(GrpcClient.java:148) ~[nacos-client-2.0.4.jar:na]
	at com.alibaba.nacos.common.remote.client.grpc.GrpcClient.connectToServer(GrpcClient.java:264) ~[nacos-client-2.0.4.jar:na]
	at com.alibaba.nacos.common.remote.client.RpcClient.reconnect(RpcClient.java:522) ~[nacos-client-2.0.4.jar:na]
	at com.alibaba.nacos.common.remote.client.RpcClient.lambda$start$2(RpcClient.java:370) ~[nacos-client-2.0.4.jar:na]
	at java.base/java.util.concurrent.Executors$RunnableAdapter.call(Executors.java:515) ~[na:na]
	at java.base/java.util.concurrent.FutureTask.run(FutureTask.java:264) ~[na:na]
	at java.base/java.util.concurrent.ScheduledThreadPoolExecutor$ScheduledFutureTask.run(ScheduledThreadPoolExecutor.java:304) ~[na:na]
	at java.base/java.util.concurrent.ThreadPoolExecutor.runWorker(ThreadPoolExecutor.java:1128) ~[na:na]
	at java.base/java.util.concurrent.ThreadPoolExecutor$Worker.run(ThreadPoolExecutor.java:628) ~[na:na]
	at java.base/java.lang.Thread.run(Thread.java:834) ~[na:na]

17-01-49-431  INFO 3240 --- [com.alibaba.nacos.client.remote.worker] com.alibaba.nacos.common.remote.client   : [a244ca18-c11c-4d0a-90eb-25184f5cc6ca] Fail to connect server, after trying 14 times, last try server is {serverIp = '192.168.10.101', server main port = 8848}, error = unknown
17-01-53-955 ERROR 3240 --- [com.alibaba.nacos.client.remote.worker] c.a.n.c.remote.client.grpc.GrpcClient    : Server check fail, please check server 192.168.10.101 ,port 9848 is available , error ={}

java.util.concurrent.TimeoutException: Waited 3000 milliseconds (plus 14 milliseconds, 807900 nanoseconds delay) for com.alibaba.nacos.shaded.io.grpc.stub.ClientCalls$GrpcFuture@4572b7d7[status=PENDING, info=[GrpcFuture{clientCall={delegate={delegate=ClientCallImpl{method=MethodDescriptor{fullMethodName=Request/request, type=UNARY, idempotent=false, safe=false, sampledToLocalTracing=true, requestMarshaller=com.alibaba.nacos.shaded.io.grpc.protobuf.lite.ProtoLiteUtils$MessageMarshaller@24e11377, responseMarshaller=com.alibaba.nacos.shaded.io.grpc.protobuf.lite.ProtoLiteUtils$MessageMarshaller@424f5fa2, schemaDescriptor=com.alibaba.nacos.api.grpc.auto.RequestGrpc$RequestMethodDescriptorSupplier@56847fbc}}}}}]]
	at com.alibaba.nacos.shaded.com.google.common.util.concurrent.AbstractFuture.get(AbstractFuture.java:508) ~[nacos-client-2.0.4.jar:na]
	at com.alibaba.nacos.common.remote.client.grpc.GrpcClient.serverCheck(GrpcClient.java:148) ~[nacos-client-2.0.4.jar:na]
	at com.alibaba.nacos.common.remote.client.grpc.GrpcClient.connectToServer(GrpcClient.java:264) ~[nacos-client-2.0.4.jar:na]
	at com.alibaba.nacos.common.remote.client.RpcClient.reconnect(RpcClient.java:522) ~[nacos-client-2.0.4.jar:na]
	at com.alibaba.nacos.common.remote.client.RpcClient.lambda$start$2(RpcClient.java:370) ~[nacos-client-2.0.4.jar:na]
	at java.base/java.util.concurrent.Executors$RunnableAdapter.call(Executors.java:515) ~[na:na]
	at java.base/java.util.concurrent.FutureTask.run(FutureTask.java:264) ~[na:na]
	at java.base/java.util.concurrent.ScheduledThreadPoolExecutor$ScheduledFutureTask.run(ScheduledThreadPoolExecutor.java:304) ~[na:na]
	at java.base/java.util.concurrent.ThreadPoolExecutor.runWorker(ThreadPoolExecutor.java:1128) ~[na:na]
	at java.base/java.util.concurrent.ThreadPoolExecutor$Worker.run(ThreadPoolExecutor.java:628) ~[na:na]
	at java.base/java.lang.Thread.run(Thread.java:834) ~[na:na]

17-01-53-955  INFO 3240 --- [com.alibaba.nacos.client.remote.worker] com.alibaba.nacos.common.remote.client   : [a244ca18-c11c-4d0a-90eb-25184f5cc6ca] Fail to connect server, after trying 15 times, last try server is {serverIp = '192.168.10.101', server main port = 8848}, error = unknown
17-01-58-573 ERROR 3240 --- [com.alibaba.nacos.client.remote.worker] c.a.n.c.remote.client.grpc.GrpcClient    : Server check fail, please check server 192.168.10.101 ,port 9848 is available , error ={}

java.util.concurrent.TimeoutException: Waited 3000 milliseconds (plus 13 milliseconds, 782500 nanoseconds delay) for com.alibaba.nacos.shaded.io.grpc.stub.ClientCalls$GrpcFuture@34d2bfe7[status=PENDING, info=[GrpcFuture{clientCall={delegate={delegate=ClientCallImpl{method=MethodDescriptor{fullMethodName=Request/request, type=UNARY, idempotent=false, safe=false, sampledToLocalTracing=true, requestMarshaller=com.alibaba.nacos.shaded.io.grpc.protobuf.lite.ProtoLiteUtils$MessageMarshaller@24e11377, responseMarshaller=com.alibaba.nacos.shaded.io.grpc.protobuf.lite.ProtoLiteUtils$MessageMarshaller@424f5fa2, schemaDescriptor=com.alibaba.nacos.api.grpc.auto.RequestGrpc$RequestMethodDescriptorSupplier@56847fbc}}}}}]]
	at com.alibaba.nacos.shaded.com.google.common.util.concurrent.AbstractFuture.get(AbstractFuture.java:508) ~[nacos-client-2.0.4.jar:na]
	at com.alibaba.nacos.common.remote.client.grpc.GrpcClient.serverCheck(GrpcClient.java:148) ~[nacos-client-2.0.4.jar:na]
	at com.alibaba.nacos.common.remote.client.grpc.GrpcClient.connectToServer(GrpcClient.java:264) ~[nacos-client-2.0.4.jar:na]
	at com.alibaba.nacos.common.remote.client.RpcClient.reconnect(RpcClient.java:522) ~[nacos-client-2.0.4.jar:na]
	at com.alibaba.nacos.common.remote.client.RpcClient.lambda$start$2(RpcClient.java:370) ~[nacos-client-2.0.4.jar:na]
	at java.base/java.util.concurrent.Executors$RunnableAdapter.call(Executors.java:515) ~[na:na]
	at java.base/java.util.concurrent.FutureTask.run(FutureTask.java:264) ~[na:na]
	at java.base/java.util.concurrent.ScheduledThreadPoolExecutor$ScheduledFutureTask.run(ScheduledThreadPoolExecutor.java:304) ~[na:na]
	at java.base/java.util.concurrent.ThreadPoolExecutor.runWorker(ThreadPoolExecutor.java:1128) ~[na:na]
	at java.base/java.util.concurrent.ThreadPoolExecutor$Worker.run(ThreadPoolExecutor.java:628) ~[na:na]
	at java.base/java.lang.Thread.run(Thread.java:834) ~[na:na]

17-01-58-575  INFO 3240 --- [com.alibaba.nacos.client.remote.worker] com.alibaba.nacos.common.remote.client   : [a244ca18-c11c-4d0a-90eb-25184f5cc6ca] Fail to connect server, after trying 16 times, last try server is {serverIp = '192.168.10.101', server main port = 8848}, error = unknown
17-02-03-296 ERROR 3240 --- [com.alibaba.nacos.client.remote.worker] c.a.n.c.remote.client.grpc.GrpcClient    : Server check fail, please check server 192.168.10.101 ,port 9848 is available , error ={}

java.util.concurrent.TimeoutException: Waited 3000 milliseconds (plus 13 milliseconds, 520000 nanoseconds delay) for com.alibaba.nacos.shaded.io.grpc.stub.ClientCalls$GrpcFuture@39fc1cc3[status=PENDING, info=[GrpcFuture{clientCall={delegate={delegate=ClientCallImpl{method=MethodDescriptor{fullMethodName=Request/request, type=UNARY, idempotent=false, safe=false, sampledToLocalTracing=true, requestMarshaller=com.alibaba.nacos.shaded.io.grpc.protobuf.lite.ProtoLiteUtils$MessageMarshaller@24e11377, responseMarshaller=com.alibaba.nacos.shaded.io.grpc.protobuf.lite.ProtoLiteUtils$MessageMarshaller@424f5fa2, schemaDescriptor=com.alibaba.nacos.api.grpc.auto.RequestGrpc$RequestMethodDescriptorSupplier@56847fbc}}}}}]]
	at com.alibaba.nacos.shaded.com.google.common.util.concurrent.AbstractFuture.get(AbstractFuture.java:508) ~[nacos-client-2.0.4.jar:na]
	at com.alibaba.nacos.common.remote.client.grpc.GrpcClient.serverCheck(GrpcClient.java:148) ~[nacos-client-2.0.4.jar:na]
	at com.alibaba.nacos.common.remote.client.grpc.GrpcClient.connectToServer(GrpcClient.java:264) ~[nacos-client-2.0.4.jar:na]
	at com.alibaba.nacos.common.remote.client.RpcClient.reconnect(RpcClient.java:522) ~[nacos-client-2.0.4.jar:na]
	at com.alibaba.nacos.common.remote.client.RpcClient.lambda$start$2(RpcClient.java:370) ~[nacos-client-2.0.4.jar:na]
	at java.base/java.util.concurrent.Executors$RunnableAdapter.call(Executors.java:515) ~[na:na]
	at java.base/java.util.concurrent.FutureTask.run(FutureTask.java:264) ~[na:na]
	at java.base/java.util.concurrent.ScheduledThreadPoolExecutor$ScheduledFutureTask.run(ScheduledThreadPoolExecutor.java:304) ~[na:na]
	at java.base/java.util.concurrent.ThreadPoolExecutor.runWorker(ThreadPoolExecutor.java:1128) ~[na:na]
	at java.base/java.util.concurrent.ThreadPoolExecutor$Worker.run(ThreadPoolExecutor.java:628) ~[na:na]
	at java.base/java.lang.Thread.run(Thread.java:834) ~[na:na]

17-02-03-297  INFO 3240 --- [com.alibaba.nacos.client.remote.worker] com.alibaba.nacos.common.remote.client   : [a244ca18-c11c-4d0a-90eb-25184f5cc6ca] Fail to connect server, after trying 17 times, last try server is {serverIp = '192.168.10.101', server main port = 8848}, error = unknown
17-02-08-101 ERROR 3240 --- [com.alibaba.nacos.client.remote.worker] c.a.n.c.remote.client.grpc.GrpcClient    : Server check fail, please check server 192.168.10.101 ,port 9848 is available , error ={}

java.util.concurrent.TimeoutException: Waited 3000 milliseconds (plus 1 milliseconds, 4100 nanoseconds delay) for com.alibaba.nacos.shaded.io.grpc.stub.ClientCalls$GrpcFuture@14b51e73[status=PENDING, info=[GrpcFuture{clientCall={delegate={delegate=ClientCallImpl{method=MethodDescriptor{fullMethodName=Request/request, type=UNARY, idempotent=false, safe=false, sampledToLocalTracing=true, requestMarshaller=com.alibaba.nacos.shaded.io.grpc.protobuf.lite.ProtoLiteUtils$MessageMarshaller@24e11377, responseMarshaller=com.alibaba.nacos.shaded.io.grpc.protobuf.lite.ProtoLiteUtils$MessageMarshaller@424f5fa2, schemaDescriptor=com.alibaba.nacos.api.grpc.auto.RequestGrpc$RequestMethodDescriptorSupplier@56847fbc}}}}}]]
	at com.alibaba.nacos.shaded.com.google.common.util.concurrent.AbstractFuture.get(AbstractFuture.java:508) ~[nacos-client-2.0.4.jar:na]
	at com.alibaba.nacos.common.remote.client.grpc.GrpcClient.serverCheck(GrpcClient.java:148) ~[nacos-client-2.0.4.jar:na]
	at com.alibaba.nacos.common.remote.client.grpc.GrpcClient.connectToServer(GrpcClient.java:264) ~[nacos-client-2.0.4.jar:na]
	at com.alibaba.nacos.common.remote.client.RpcClient.reconnect(RpcClient.java:522) ~[nacos-client-2.0.4.jar:na]
	at com.alibaba.nacos.common.remote.client.RpcClient.lambda$start$2(RpcClient.java:370) ~[nacos-client-2.0.4.jar:na]
	at java.base/java.util.concurrent.Executors$RunnableAdapter.call(Executors.java:515) ~[na:na]
	at java.base/java.util.concurrent.FutureTask.run(FutureTask.java:264) ~[na:na]
	at java.base/java.util.concurrent.ScheduledThreadPoolExecutor$ScheduledFutureTask.run(ScheduledThreadPoolExecutor.java:304) ~[na:na]
	at java.base/java.util.concurrent.ThreadPoolExecutor.runWorker(ThreadPoolExecutor.java:1128) ~[na:na]
	at java.base/java.util.concurrent.ThreadPoolExecutor$Worker.run(ThreadPoolExecutor.java:628) ~[na:na]
	at java.base/java.lang.Thread.run(Thread.java:834) ~[na:na]

17-02-08-102  INFO 3240 --- [com.alibaba.nacos.client.remote.worker] com.alibaba.nacos.common.remote.client   : [a244ca18-c11c-4d0a-90eb-25184f5cc6ca] Fail to connect server, after trying 18 times, last try server is {serverIp = '192.168.10.101', server main port = 8848}, error = unknown
17-02-13-015 ERROR 3240 --- [com.alibaba.nacos.client.remote.worker] c.a.n.c.remote.client.grpc.GrpcClient    : Server check fail, please check server 192.168.10.101 ,port 9848 is available , error ={}

java.util.concurrent.TimeoutException: Waited 3000 milliseconds (plus 2 milliseconds, 952600 nanoseconds delay) for com.alibaba.nacos.shaded.io.grpc.stub.ClientCalls$GrpcFuture@3aa800ee[status=PENDING, info=[GrpcFuture{clientCall={delegate={delegate=ClientCallImpl{method=MethodDescriptor{fullMethodName=Request/request, type=UNARY, idempotent=false, safe=false, sampledToLocalTracing=true, requestMarshaller=com.alibaba.nacos.shaded.io.grpc.protobuf.lite.ProtoLiteUtils$MessageMarshaller@24e11377, responseMarshaller=com.alibaba.nacos.shaded.io.grpc.protobuf.lite.ProtoLiteUtils$MessageMarshaller@424f5fa2, schemaDescriptor=com.alibaba.nacos.api.grpc.auto.RequestGrpc$RequestMethodDescriptorSupplier@56847fbc}}}}}]]
	at com.alibaba.nacos.shaded.com.google.common.util.concurrent.AbstractFuture.get(AbstractFuture.java:508) ~[nacos-client-2.0.4.jar:na]
	at com.alibaba.nacos.common.remote.client.grpc.GrpcClient.serverCheck(GrpcClient.java:148) ~[nacos-client-2.0.4.jar:na]
	at com.alibaba.nacos.common.remote.client.grpc.GrpcClient.connectToServer(GrpcClient.java:264) ~[nacos-client-2.0.4.jar:na]
	at com.alibaba.nacos.common.remote.client.RpcClient.reconnect(RpcClient.java:522) ~[nacos-client-2.0.4.jar:na]
	at com.alibaba.nacos.common.remote.client.RpcClient.lambda$start$2(RpcClient.java:370) ~[nacos-client-2.0.4.jar:na]
	at java.base/java.util.concurrent.Executors$RunnableAdapter.call(Executors.java:515) ~[na:na]
	at java.base/java.util.concurrent.FutureTask.run(FutureTask.java:264) ~[na:na]
	at java.base/java.util.concurrent.ScheduledThreadPoolExecutor$ScheduledFutureTask.run(ScheduledThreadPoolExecutor.java:304) ~[na:na]
	at java.base/java.util.concurrent.ThreadPoolExecutor.runWorker(ThreadPoolExecutor.java:1128) ~[na:na]
	at java.base/java.util.concurrent.ThreadPoolExecutor$Worker.run(ThreadPoolExecutor.java:628) ~[na:na]
	at java.base/java.lang.Thread.run(Thread.java:834) ~[na:na]

17-02-13-016  INFO 3240 --- [com.alibaba.nacos.client.remote.worker] com.alibaba.nacos.common.remote.client   : [a244ca18-c11c-4d0a-90eb-25184f5cc6ca] Fail to connect server, after trying 19 times, last try server is {serverIp = '192.168.10.101', server main port = 8848}, error = unknown
17-02-18-045 ERROR 3240 --- [com.alibaba.nacos.client.remote.worker] c.a.n.c.remote.client.grpc.GrpcClient    : Server check fail, please check server 192.168.10.101 ,port 9848 is available , error ={}

java.util.concurrent.TimeoutException: Waited 3000 milliseconds (plus 14 milliseconds, 468600 nanoseconds delay) for com.alibaba.nacos.shaded.io.grpc.stub.ClientCalls$GrpcFuture@50a4891c[status=PENDING, info=[GrpcFuture{clientCall={delegate={delegate=ClientCallImpl{method=MethodDescriptor{fullMethodName=Request/request, type=UNARY, idempotent=false, safe=false, sampledToLocalTracing=true, requestMarshaller=com.alibaba.nacos.shaded.io.grpc.protobuf.lite.ProtoLiteUtils$MessageMarshaller@24e11377, responseMarshaller=com.alibaba.nacos.shaded.io.grpc.protobuf.lite.ProtoLiteUtils$MessageMarshaller@424f5fa2, schemaDescriptor=com.alibaba.nacos.api.grpc.auto.RequestGrpc$RequestMethodDescriptorSupplier@56847fbc}}}}}]]
	at com.alibaba.nacos.shaded.com.google.common.util.concurrent.AbstractFuture.get(AbstractFuture.java:508) ~[nacos-client-2.0.4.jar:na]
	at com.alibaba.nacos.common.remote.client.grpc.GrpcClient.serverCheck(GrpcClient.java:148) ~[nacos-client-2.0.4.jar:na]
	at com.alibaba.nacos.common.remote.client.grpc.GrpcClient.connectToServer(GrpcClient.java:264) ~[nacos-client-2.0.4.jar:na]
	at com.alibaba.nacos.common.remote.client.RpcClient.reconnect(RpcClient.java:522) ~[nacos-client-2.0.4.jar:na]
	at com.alibaba.nacos.common.remote.client.RpcClient.lambda$start$2(RpcClient.java:370) ~[nacos-client-2.0.4.jar:na]
	at java.base/java.util.concurrent.Executors$RunnableAdapter.call(Executors.java:515) ~[na:na]
	at java.base/java.util.concurrent.FutureTask.run(FutureTask.java:264) ~[na:na]
	at java.base/java.util.concurrent.ScheduledThreadPoolExecutor$ScheduledFutureTask.run(ScheduledThreadPoolExecutor.java:304) ~[na:na]
	at java.base/java.util.concurrent.ThreadPoolExecutor.runWorker(ThreadPoolExecutor.java:1128) ~[na:na]
	at java.base/java.util.concurrent.ThreadPoolExecutor$Worker.run(ThreadPoolExecutor.java:628) ~[na:na]
	at java.base/java.lang.Thread.run(Thread.java:834) ~[na:na]

17-02-18-046  INFO 3240 --- [com.alibaba.nacos.client.remote.worker] com.alibaba.nacos.common.remote.client   : [a244ca18-c11c-4d0a-90eb-25184f5cc6ca] Fail to connect server, after trying 20 times, last try server is {serverIp = '192.168.10.101', server main port = 8848}, error = unknown
17-02-21-354 ERROR 3240 --- [com.alibaba.nacos.client.naming.updater.0] com.alibaba.nacos.common.remote.client   : Send request fail, request = ServiceQueryRequest{headers={app=unknown}, requestId='null'}, retryTimes = 0, errorMessage = Client not connected, current status:UNHEALTHY
17-02-21-462 ERROR 3240 --- [com.alibaba.nacos.client.naming.updater.0] com.alibaba.nacos.common.remote.client   : Send request fail, request = ServiceQueryRequest{headers={app=unknown}, requestId='null'}, retryTimes = 1, errorMessage = Client not connected, current status:UNHEALTHY
17-02-21-570 ERROR 3240 --- [com.alibaba.nacos.client.naming.updater.0] com.alibaba.nacos.common.remote.client   : Send request fail, request = ServiceQueryRequest{headers={app=unknown}, requestId='null'}, retryTimes = 2, errorMessage = Client not connected, current status:UNHEALTHY
17-02-23-158 ERROR 3240 --- [com.alibaba.nacos.client.remote.worker] c.a.n.c.remote.client.grpc.GrpcClient    : Server check fail, please check server 192.168.10.101 ,port 9848 is available , error ={}

java.util.concurrent.TimeoutException: Waited 3000 milliseconds (plus 852500 nanoseconds delay) for com.alibaba.nacos.shaded.io.grpc.stub.ClientCalls$GrpcFuture@12702192[status=PENDING, info=[GrpcFuture{clientCall={delegate={delegate=ClientCallImpl{method=MethodDescriptor{fullMethodName=Request/request, type=UNARY, idempotent=false, safe=false, sampledToLocalTracing=true, requestMarshaller=com.alibaba.nacos.shaded.io.grpc.protobuf.lite.ProtoLiteUtils$MessageMarshaller@24e11377, responseMarshaller=com.alibaba.nacos.shaded.io.grpc.protobuf.lite.ProtoLiteUtils$MessageMarshaller@424f5fa2, schemaDescriptor=com.alibaba.nacos.api.grpc.auto.RequestGrpc$RequestMethodDescriptorSupplier@56847fbc}}}}}]]
	at com.alibaba.nacos.shaded.com.google.common.util.concurrent.AbstractFuture.get(AbstractFuture.java:508) ~[nacos-client-2.0.4.jar:na]
	at com.alibaba.nacos.common.remote.client.grpc.GrpcClient.serverCheck(GrpcClient.java:148) ~[nacos-client-2.0.4.jar:na]
	at com.alibaba.nacos.common.remote.client.grpc.GrpcClient.connectToServer(GrpcClient.java:264) ~[nacos-client-2.0.4.jar:na]
	at com.alibaba.nacos.common.remote.client.RpcClient.reconnect(RpcClient.java:522) ~[nacos-client-2.0.4.jar:na]
	at com.alibaba.nacos.common.remote.client.RpcClient.lambda$start$2(RpcClient.java:370) ~[nacos-client-2.0.4.jar:na]
	at java.base/java.util.concurrent.Executors$RunnableAdapter.call(Executors.java:515) ~[na:na]
	at java.base/java.util.concurrent.FutureTask.run(FutureTask.java:264) ~[na:na]
	at java.base/java.util.concurrent.ScheduledThreadPoolExecutor$ScheduledFutureTask.run(ScheduledThreadPoolExecutor.java:304) ~[na:na]
	at java.base/java.util.concurrent.ThreadPoolExecutor.runWorker(ThreadPoolExecutor.java:1128) ~[na:na]
	at java.base/java.util.concurrent.ThreadPoolExecutor$Worker.run(ThreadPoolExecutor.java:628) ~[na:na]
	at java.base/java.lang.Thread.run(Thread.java:834) ~[na:na]

17-02-23-159  INFO 3240 --- [com.alibaba.nacos.client.remote.worker] com.alibaba.nacos.common.remote.client   : [a244ca18-c11c-4d0a-90eb-25184f5cc6ca] Fail to connect server, after trying 21 times, last try server is {serverIp = '192.168.10.101', server main port = 8848}, error = unknown
17-02-28-374 ERROR 3240 --- [com.alibaba.nacos.client.remote.worker] c.a.n.c.remote.client.grpc.GrpcClient    : Server check fail, please check server 192.168.10.101 ,port 9848 is available , error ={}

java.util.concurrent.TimeoutException: Waited 3000 milliseconds (plus 1 milliseconds, 490700 nanoseconds delay) for com.alibaba.nacos.shaded.io.grpc.stub.ClientCalls$GrpcFuture@e712700[status=PENDING, info=[GrpcFuture{clientCall={delegate={delegate=ClientCallImpl{method=MethodDescriptor{fullMethodName=Request/request, type=UNARY, idempotent=false, safe=false, sampledToLocalTracing=true, requestMarshaller=com.alibaba.nacos.shaded.io.grpc.protobuf.lite.ProtoLiteUtils$MessageMarshaller@24e11377, responseMarshaller=com.alibaba.nacos.shaded.io.grpc.protobuf.lite.ProtoLiteUtils$MessageMarshaller@424f5fa2, schemaDescriptor=com.alibaba.nacos.api.grpc.auto.RequestGrpc$RequestMethodDescriptorSupplier@56847fbc}}}}}]]
	at com.alibaba.nacos.shaded.com.google.common.util.concurrent.AbstractFuture.get(AbstractFuture.java:508) ~[nacos-client-2.0.4.jar:na]
	at com.alibaba.nacos.common.remote.client.grpc.GrpcClient.serverCheck(GrpcClient.java:148) ~[nacos-client-2.0.4.jar:na]
	at com.alibaba.nacos.common.remote.client.grpc.GrpcClient.connectToServer(GrpcClient.java:264) ~[nacos-client-2.0.4.jar:na]
	at com.alibaba.nacos.common.remote.client.RpcClient.reconnect(RpcClient.java:522) ~[nacos-client-2.0.4.jar:na]
	at com.alibaba.nacos.common.remote.client.RpcClient.lambda$start$2(RpcClient.java:370) ~[nacos-client-2.0.4.jar:na]
	at java.base/java.util.concurrent.Executors$RunnableAdapter.call(Executors.java:515) ~[na:na]
	at java.base/java.util.concurrent.FutureTask.run(FutureTask.java:264) ~[na:na]
	at java.base/java.util.concurrent.ScheduledThreadPoolExecutor$ScheduledFutureTask.run(ScheduledThreadPoolExecutor.java:304) ~[na:na]
	at java.base/java.util.concurrent.ThreadPoolExecutor.runWorker(ThreadPoolExecutor.java:1128) ~[na:na]
	at java.base/java.util.concurrent.ThreadPoolExecutor$Worker.run(ThreadPoolExecutor.java:628) ~[na:na]
	at java.base/java.lang.Thread.run(Thread.java:834) ~[na:na]

17-02-28-375  INFO 3240 --- [com.alibaba.nacos.client.remote.worker] com.alibaba.nacos.common.remote.client   : [a244ca18-c11c-4d0a-90eb-25184f5cc6ca] Fail to connect server, after trying 22 times, last try server is {serverIp = '192.168.10.101', server main port = 8848}, error = unknown
17-02-33-689 ERROR 3240 --- [com.alibaba.nacos.client.remote.worker] c.a.n.c.remote.client.grpc.GrpcClient    : Server check fail, please check server 192.168.10.101 ,port 9848 is available , error ={}

java.util.concurrent.TimeoutException: Waited 3000 milliseconds (plus 2 milliseconds, 134000 nanoseconds delay) for com.alibaba.nacos.shaded.io.grpc.stub.ClientCalls$GrpcFuture@2440a8a8[status=PENDING, info=[GrpcFuture{clientCall={delegate={delegate=ClientCallImpl{method=MethodDescriptor{fullMethodName=Request/request, type=UNARY, idempotent=false, safe=false, sampledToLocalTracing=true, requestMarshaller=com.alibaba.nacos.shaded.io.grpc.protobuf.lite.ProtoLiteUtils$MessageMarshaller@24e11377, responseMarshaller=com.alibaba.nacos.shaded.io.grpc.protobuf.lite.ProtoLiteUtils$MessageMarshaller@424f5fa2, schemaDescriptor=com.alibaba.nacos.api.grpc.auto.RequestGrpc$RequestMethodDescriptorSupplier@56847fbc}}}}}]]
	at com.alibaba.nacos.shaded.com.google.common.util.concurrent.AbstractFuture.get(AbstractFuture.java:508) ~[nacos-client-2.0.4.jar:na]
	at com.alibaba.nacos.common.remote.client.grpc.GrpcClient.serverCheck(GrpcClient.java:148) ~[nacos-client-2.0.4.jar:na]
	at com.alibaba.nacos.common.remote.client.grpc.GrpcClient.connectToServer(GrpcClient.java:264) ~[nacos-client-2.0.4.jar:na]
	at com.alibaba.nacos.common.remote.client.RpcClient.reconnect(RpcClient.java:522) ~[nacos-client-2.0.4.jar:na]
	at com.alibaba.nacos.common.remote.client.RpcClient.lambda$start$2(RpcClient.java:370) ~[nacos-client-2.0.4.jar:na]
	at java.base/java.util.concurrent.Executors$RunnableAdapter.call(Executors.java:515) ~[na:na]
	at java.base/java.util.concurrent.FutureTask.run(FutureTask.java:264) ~[na:na]
	at java.base/java.util.concurrent.ScheduledThreadPoolExecutor$ScheduledFutureTask.run(ScheduledThreadPoolExecutor.java:304) ~[na:na]
	at java.base/java.util.concurrent.ThreadPoolExecutor.runWorker(ThreadPoolExecutor.java:1128) ~[na:na]
	at java.base/java.util.concurrent.ThreadPoolExecutor$Worker.run(ThreadPoolExecutor.java:628) ~[na:na]
	at java.base/java.lang.Thread.run(Thread.java:834) ~[na:na]

17-02-33-690  INFO 3240 --- [com.alibaba.nacos.client.remote.worker] com.alibaba.nacos.common.remote.client   : [a244ca18-c11c-4d0a-90eb-25184f5cc6ca] Fail to connect server, after trying 23 times, last try server is {serverIp = '192.168.10.101', server main port = 8848}, error = unknown
17-02-39-108 ERROR 3240 --- [com.alibaba.nacos.client.remote.worker] c.a.n.c.remote.client.grpc.GrpcClient    : Server check fail, please check server 192.168.10.101 ,port 9848 is available , error ={}

java.util.concurrent.TimeoutException: Waited 3000 milliseconds (plus 1 milliseconds, 306900 nanoseconds delay) for com.alibaba.nacos.shaded.io.grpc.stub.ClientCalls$GrpcFuture@5c30a8ea[status=PENDING, info=[GrpcFuture{clientCall={delegate={delegate=ClientCallImpl{method=MethodDescriptor{fullMethodName=Request/request, type=UNARY, idempotent=false, safe=false, sampledToLocalTracing=true, requestMarshaller=com.alibaba.nacos.shaded.io.grpc.protobuf.lite.ProtoLiteUtils$MessageMarshaller@24e11377, responseMarshaller=com.alibaba.nacos.shaded.io.grpc.protobuf.lite.ProtoLiteUtils$MessageMarshaller@424f5fa2, schemaDescriptor=com.alibaba.nacos.api.grpc.auto.RequestGrpc$RequestMethodDescriptorSupplier@56847fbc}}}}}]]
	at com.alibaba.nacos.shaded.com.google.common.util.concurrent.AbstractFuture.get(AbstractFuture.java:508) ~[nacos-client-2.0.4.jar:na]
	at com.alibaba.nacos.common.remote.client.grpc.GrpcClient.serverCheck(GrpcClient.java:148) ~[nacos-client-2.0.4.jar:na]
	at com.alibaba.nacos.common.remote.client.grpc.GrpcClient.connectToServer(GrpcClient.java:264) ~[nacos-client-2.0.4.jar:na]
	at com.alibaba.nacos.common.remote.client.RpcClient.reconnect(RpcClient.java:522) ~[nacos-client-2.0.4.jar:na]
	at com.alibaba.nacos.common.remote.client.RpcClient.lambda$start$2(RpcClient.java:370) ~[nacos-client-2.0.4.jar:na]
	at java.base/java.util.concurrent.Executors$RunnableAdapter.call(Executors.java:515) ~[na:na]
	at java.base/java.util.concurrent.FutureTask.run(FutureTask.java:264) ~[na:na]
	at java.base/java.util.concurrent.ScheduledThreadPoolExecutor$ScheduledFutureTask.run(ScheduledThreadPoolExecutor.java:304) ~[na:na]
	at java.base/java.util.concurrent.ThreadPoolExecutor.runWorker(ThreadPoolExecutor.java:1128) ~[na:na]
	at java.base/java.util.concurrent.ThreadPoolExecutor$Worker.run(ThreadPoolExecutor.java:628) ~[na:na]
	at java.base/java.lang.Thread.run(Thread.java:834) ~[na:na]

17-02-39-108  INFO 3240 --- [com.alibaba.nacos.client.remote.worker] com.alibaba.nacos.common.remote.client   : [a244ca18-c11c-4d0a-90eb-25184f5cc6ca] Fail to connect server, after trying 24 times, last try server is {serverIp = '192.168.10.101', server main port = 8848}, error = unknown
17-02-44-635 ERROR 3240 --- [com.alibaba.nacos.client.remote.worker] c.a.n.c.remote.client.grpc.GrpcClient    : Server check fail, please check server 192.168.10.101 ,port 9848 is available , error ={}

java.util.concurrent.TimeoutException: Waited 3000 milliseconds (plus 15 milliseconds, 372700 nanoseconds delay) for com.alibaba.nacos.shaded.io.grpc.stub.ClientCalls$GrpcFuture@76f60358[status=PENDING, info=[GrpcFuture{clientCall={delegate={delegate=ClientCallImpl{method=MethodDescriptor{fullMethodName=Request/request, type=UNARY, idempotent=false, safe=false, sampledToLocalTracing=true, requestMarshaller=com.alibaba.nacos.shaded.io.grpc.protobuf.lite.ProtoLiteUtils$MessageMarshaller@24e11377, responseMarshaller=com.alibaba.nacos.shaded.io.grpc.protobuf.lite.ProtoLiteUtils$MessageMarshaller@424f5fa2, schemaDescriptor=com.alibaba.nacos.api.grpc.auto.RequestGrpc$RequestMethodDescriptorSupplier@56847fbc}}}}}]]
	at com.alibaba.nacos.shaded.com.google.common.util.concurrent.AbstractFuture.get(AbstractFuture.java:508) ~[nacos-client-2.0.4.jar:na]
	at com.alibaba.nacos.common.remote.client.grpc.GrpcClient.serverCheck(GrpcClient.java:148) ~[nacos-client-2.0.4.jar:na]
	at com.alibaba.nacos.common.remote.client.grpc.GrpcClient.connectToServer(GrpcClient.java:264) ~[nacos-client-2.0.4.jar:na]
	at com.alibaba.nacos.common.remote.client.RpcClient.reconnect(RpcClient.java:522) ~[nacos-client-2.0.4.jar:na]
	at com.alibaba.nacos.common.remote.client.RpcClient.lambda$start$2(RpcClient.java:370) ~[nacos-client-2.0.4.jar:na]
	at java.base/java.util.concurrent.Executors$RunnableAdapter.call(Executors.java:515) ~[na:na]
	at java.base/java.util.concurrent.FutureTask.run(FutureTask.java:264) ~[na:na]
	at java.base/java.util.concurrent.ScheduledThreadPoolExecutor$ScheduledFutureTask.run(ScheduledThreadPoolExecutor.java:304) ~[na:na]
	at java.base/java.util.concurrent.ThreadPoolExecutor.runWorker(ThreadPoolExecutor.java:1128) ~[na:na]
	at java.base/java.util.concurrent.ThreadPoolExecutor$Worker.run(ThreadPoolExecutor.java:628) ~[na:na]
	at java.base/java.lang.Thread.run(Thread.java:834) ~[na:na]

17-02-44-636  INFO 3240 --- [com.alibaba.nacos.client.remote.worker] com.alibaba.nacos.common.remote.client   : [a244ca18-c11c-4d0a-90eb-25184f5cc6ca] Fail to connect server, after trying 25 times, last try server is {serverIp = '192.168.10.101', server main port = 8848}, error = unknown
17-02-50-264 ERROR 3240 --- [com.alibaba.nacos.client.remote.worker] c.a.n.c.remote.client.grpc.GrpcClient    : Server check fail, please check server 192.168.10.101 ,port 9848 is available , error ={}

java.util.concurrent.TimeoutException: Waited 3000 milliseconds (plus 13 milliseconds, 210400 nanoseconds delay) for com.alibaba.nacos.shaded.io.grpc.stub.ClientCalls$GrpcFuture@3375c84c[status=PENDING, info=[GrpcFuture{clientCall={delegate={delegate=ClientCallImpl{method=MethodDescriptor{fullMethodName=Request/request, type=UNARY, idempotent=false, safe=false, sampledToLocalTracing=true, requestMarshaller=com.alibaba.nacos.shaded.io.grpc.protobuf.lite.ProtoLiteUtils$MessageMarshaller@24e11377, responseMarshaller=com.alibaba.nacos.shaded.io.grpc.protobuf.lite.ProtoLiteUtils$MessageMarshaller@424f5fa2, schemaDescriptor=com.alibaba.nacos.api.grpc.auto.RequestGrpc$RequestMethodDescriptorSupplier@56847fbc}}}}}]]
	at com.alibaba.nacos.shaded.com.google.common.util.concurrent.AbstractFuture.get(AbstractFuture.java:508) ~[nacos-client-2.0.4.jar:na]
	at com.alibaba.nacos.common.remote.client.grpc.GrpcClient.serverCheck(GrpcClient.java:148) ~[nacos-client-2.0.4.jar:na]
	at com.alibaba.nacos.common.remote.client.grpc.GrpcClient.connectToServer(GrpcClient.java:264) ~[nacos-client-2.0.4.jar:na]
	at com.alibaba.nacos.common.remote.client.RpcClient.reconnect(RpcClient.java:522) ~[nacos-client-2.0.4.jar:na]
	at com.alibaba.nacos.common.remote.client.RpcClient.lambda$start$2(RpcClient.java:370) ~[nacos-client-2.0.4.jar:na]
	at java.base/java.util.concurrent.Executors$RunnableAdapter.call(Executors.java:515) ~[na:na]
	at java.base/java.util.concurrent.FutureTask.run(FutureTask.java:264) ~[na:na]
	at java.base/java.util.concurrent.ScheduledThreadPoolExecutor$ScheduledFutureTask.run(ScheduledThreadPoolExecutor.java:304) ~[na:na]
	at java.base/java.util.concurrent.ThreadPoolExecutor.runWorker(ThreadPoolExecutor.java:1128) ~[na:na]
	at java.base/java.util.concurrent.ThreadPoolExecutor$Worker.run(ThreadPoolExecutor.java:628) ~[na:na]
	at java.base/java.lang.Thread.run(Thread.java:834) ~[na:na]

17-02-50-266  INFO 3240 --- [com.alibaba.nacos.client.remote.worker] com.alibaba.nacos.common.remote.client   : [a244ca18-c11c-4d0a-90eb-25184f5cc6ca] Fail to connect server, after trying 26 times, last try server is {serverIp = '192.168.10.101', server main port = 8848}, error = unknown
17-02-55-980 ERROR 3240 --- [com.alibaba.nacos.client.remote.worker] c.a.n.c.remote.client.grpc.GrpcClient    : Server check fail, please check server 192.168.10.101 ,port 9848 is available , error ={}

java.util.concurrent.TimeoutException: Waited 3000 milliseconds (plus 5 milliseconds, 922000 nanoseconds delay) for com.alibaba.nacos.shaded.io.grpc.stub.ClientCalls$GrpcFuture@3d76eef2[status=PENDING, info=[GrpcFuture{clientCall={delegate={delegate=ClientCallImpl{method=MethodDescriptor{fullMethodName=Request/request, type=UNARY, idempotent=false, safe=false, sampledToLocalTracing=true, requestMarshaller=com.alibaba.nacos.shaded.io.grpc.protobuf.lite.ProtoLiteUtils$MessageMarshaller@24e11377, responseMarshaller=com.alibaba.nacos.shaded.io.grpc.protobuf.lite.ProtoLiteUtils$MessageMarshaller@424f5fa2, schemaDescriptor=com.alibaba.nacos.api.grpc.auto.RequestGrpc$RequestMethodDescriptorSupplier@56847fbc}}}}}]]
	at com.alibaba.nacos.shaded.com.google.common.util.concurrent.AbstractFuture.get(AbstractFuture.java:508) ~[nacos-client-2.0.4.jar:na]
	at com.alibaba.nacos.common.remote.client.grpc.GrpcClient.serverCheck(GrpcClient.java:148) ~[nacos-client-2.0.4.jar:na]
	at com.alibaba.nacos.common.remote.client.grpc.GrpcClient.connectToServer(GrpcClient.java:264) ~[nacos-client-2.0.4.jar:na]
	at com.alibaba.nacos.common.remote.client.RpcClient.reconnect(RpcClient.java:522) ~[nacos-client-2.0.4.jar:na]
	at com.alibaba.nacos.common.remote.client.RpcClient.lambda$start$2(RpcClient.java:370) ~[nacos-client-2.0.4.jar:na]
	at java.base/java.util.concurrent.Executors$RunnableAdapter.call(Executors.java:515) ~[na:na]
	at java.base/java.util.concurrent.FutureTask.run(FutureTask.java:264) ~[na:na]
	at java.base/java.util.concurrent.ScheduledThreadPoolExecutor$ScheduledFutureTask.run(ScheduledThreadPoolExecutor.java:304) ~[na:na]
	at java.base/java.util.concurrent.ThreadPoolExecutor.runWorker(ThreadPoolExecutor.java:1128) ~[na:na]
	at java.base/java.util.concurrent.ThreadPoolExecutor$Worker.run(ThreadPoolExecutor.java:628) ~[na:na]
	at java.base/java.lang.Thread.run(Thread.java:834) ~[na:na]

17-02-55-981  INFO 3240 --- [com.alibaba.nacos.client.remote.worker] com.alibaba.nacos.common.remote.client   : [a244ca18-c11c-4d0a-90eb-25184f5cc6ca] Fail to connect server, after trying 27 times, last try server is {serverIp = '192.168.10.101', server main port = 8848}, error = unknown
17-03-01-796 ERROR 3240 --- [com.alibaba.nacos.client.remote.worker] c.a.n.c.remote.client.grpc.GrpcClient    : Server check fail, please check server 192.168.10.101 ,port 9848 is available , error ={}

java.util.concurrent.TimeoutException: Waited 3000 milliseconds (plus 569100 nanoseconds delay) for com.alibaba.nacos.shaded.io.grpc.stub.ClientCalls$GrpcFuture@5edfdb0e[status=PENDING, info=[GrpcFuture{clientCall={delegate={delegate=ClientCallImpl{method=MethodDescriptor{fullMethodName=Request/request, type=UNARY, idempotent=false, safe=false, sampledToLocalTracing=true, requestMarshaller=com.alibaba.nacos.shaded.io.grpc.protobuf.lite.ProtoLiteUtils$MessageMarshaller@24e11377, responseMarshaller=com.alibaba.nacos.shaded.io.grpc.protobuf.lite.ProtoLiteUtils$MessageMarshaller@424f5fa2, schemaDescriptor=com.alibaba.nacos.api.grpc.auto.RequestGrpc$RequestMethodDescriptorSupplier@56847fbc}}}}}]]
	at com.alibaba.nacos.shaded.com.google.common.util.concurrent.AbstractFuture.get(AbstractFuture.java:508) ~[nacos-client-2.0.4.jar:na]
	at com.alibaba.nacos.common.remote.client.grpc.GrpcClient.serverCheck(GrpcClient.java:148) ~[nacos-client-2.0.4.jar:na]
	at com.alibaba.nacos.common.remote.client.grpc.GrpcClient.connectToServer(GrpcClient.java:264) ~[nacos-client-2.0.4.jar:na]
	at com.alibaba.nacos.common.remote.client.RpcClient.reconnect(RpcClient.java:522) ~[nacos-client-2.0.4.jar:na]
	at com.alibaba.nacos.common.remote.client.RpcClient.lambda$start$2(RpcClient.java:370) ~[nacos-client-2.0.4.jar:na]
	at java.base/java.util.concurrent.Executors$RunnableAdapter.call(Executors.java:515) ~[na:na]
	at java.base/java.util.concurrent.FutureTask.run(FutureTask.java:264) ~[na:na]
	at java.base/java.util.concurrent.ScheduledThreadPoolExecutor$ScheduledFutureTask.run(ScheduledThreadPoolExecutor.java:304) ~[na:na]
	at java.base/java.util.concurrent.ThreadPoolExecutor.runWorker(ThreadPoolExecutor.java:1128) ~[na:na]
	at java.base/java.util.concurrent.ThreadPoolExecutor$Worker.run(ThreadPoolExecutor.java:628) ~[na:na]
	at java.base/java.lang.Thread.run(Thread.java:834) ~[na:na]

17-03-01-797  INFO 3240 --- [com.alibaba.nacos.client.remote.worker] com.alibaba.nacos.common.remote.client   : [a244ca18-c11c-4d0a-90eb-25184f5cc6ca] Fail to connect server, after trying 28 times, last try server is {serverIp = '192.168.10.101', server main port = 8848}, error = unknown
17-03-07-712 ERROR 3240 --- [com.alibaba.nacos.client.remote.worker] c.a.n.c.remote.client.grpc.GrpcClient    : Server check fail, please check server 192.168.10.101 ,port 9848 is available , error ={}

java.util.concurrent.TimeoutException: Waited 3000 milliseconds (plus 441400 nanoseconds delay) for com.alibaba.nacos.shaded.io.grpc.stub.ClientCalls$GrpcFuture@7406bbda[status=PENDING, info=[GrpcFuture{clientCall={delegate={delegate=ClientCallImpl{method=MethodDescriptor{fullMethodName=Request/request, type=UNARY, idempotent=false, safe=false, sampledToLocalTracing=true, requestMarshaller=com.alibaba.nacos.shaded.io.grpc.protobuf.lite.ProtoLiteUtils$MessageMarshaller@24e11377, responseMarshaller=com.alibaba.nacos.shaded.io.grpc.protobuf.lite.ProtoLiteUtils$MessageMarshaller@424f5fa2, schemaDescriptor=com.alibaba.nacos.api.grpc.auto.RequestGrpc$RequestMethodDescriptorSupplier@56847fbc}}}}}]]
	at com.alibaba.nacos.shaded.com.google.common.util.concurrent.AbstractFuture.get(AbstractFuture.java:508) ~[nacos-client-2.0.4.jar:na]
	at com.alibaba.nacos.common.remote.client.grpc.GrpcClient.serverCheck(GrpcClient.java:148) ~[nacos-client-2.0.4.jar:na]
	at com.alibaba.nacos.common.remote.client.grpc.GrpcClient.connectToServer(GrpcClient.java:264) ~[nacos-client-2.0.4.jar:na]
	at com.alibaba.nacos.common.remote.client.RpcClient.reconnect(RpcClient.java:522) ~[nacos-client-2.0.4.jar:na]
	at com.alibaba.nacos.common.remote.client.RpcClient.lambda$start$2(RpcClient.java:370) ~[nacos-client-2.0.4.jar:na]
	at java.base/java.util.concurrent.Executors$RunnableAdapter.call(Executors.java:515) ~[na:na]
	at java.base/java.util.concurrent.FutureTask.run(FutureTask.java:264) ~[na:na]
	at java.base/java.util.concurrent.ScheduledThreadPoolExecutor$ScheduledFutureTask.run(ScheduledThreadPoolExecutor.java:304) ~[na:na]
	at java.base/java.util.concurrent.ThreadPoolExecutor.runWorker(ThreadPoolExecutor.java:1128) ~[na:na]
	at java.base/java.util.concurrent.ThreadPoolExecutor$Worker.run(ThreadPoolExecutor.java:628) ~[na:na]
	at java.base/java.lang.Thread.run(Thread.java:834) ~[na:na]

17-03-07-714  INFO 3240 --- [com.alibaba.nacos.client.remote.worker] com.alibaba.nacos.common.remote.client   : [a244ca18-c11c-4d0a-90eb-25184f5cc6ca] Fail to connect server, after trying 29 times, last try server is {serverIp = '192.168.10.101', server main port = 8848}, error = unknown
17-03-13-722 ERROR 3240 --- [com.alibaba.nacos.client.remote.worker] c.a.n.c.remote.client.grpc.GrpcClient    : Server check fail, please check server 192.168.10.101 ,port 9848 is available , error ={}

java.util.concurrent.TimeoutException: Waited 3000 milliseconds (plus 1 milliseconds, 594900 nanoseconds delay) for com.alibaba.nacos.shaded.io.grpc.stub.ClientCalls$GrpcFuture@214bcd78[status=PENDING, info=[GrpcFuture{clientCall={delegate={delegate=ClientCallImpl{method=MethodDescriptor{fullMethodName=Request/request, type=UNARY, idempotent=false, safe=false, sampledToLocalTracing=true, requestMarshaller=com.alibaba.nacos.shaded.io.grpc.protobuf.lite.ProtoLiteUtils$MessageMarshaller@24e11377, responseMarshaller=com.alibaba.nacos.shaded.io.grpc.protobuf.lite.ProtoLiteUtils$MessageMarshaller@424f5fa2, schemaDescriptor=com.alibaba.nacos.api.grpc.auto.RequestGrpc$RequestMethodDescriptorSupplier@56847fbc}}}}}]]
	at com.alibaba.nacos.shaded.com.google.common.util.concurrent.AbstractFuture.get(AbstractFuture.java:508) ~[nacos-client-2.0.4.jar:na]
	at com.alibaba.nacos.common.remote.client.grpc.GrpcClient.serverCheck(GrpcClient.java:148) ~[nacos-client-2.0.4.jar:na]
	at com.alibaba.nacos.common.remote.client.grpc.GrpcClient.connectToServer(GrpcClient.java:264) ~[nacos-client-2.0.4.jar:na]
	at com.alibaba.nacos.common.remote.client.RpcClient.reconnect(RpcClient.java:522) ~[nacos-client-2.0.4.jar:na]
	at com.alibaba.nacos.common.remote.client.RpcClient.lambda$start$2(RpcClient.java:370) ~[nacos-client-2.0.4.jar:na]
	at java.base/java.util.concurrent.Executors$RunnableAdapter.call(Executors.java:515) ~[na:na]
	at java.base/java.util.concurrent.FutureTask.run(FutureTask.java:264) ~[na:na]
	at java.base/java.util.concurrent.ScheduledThreadPoolExecutor$ScheduledFutureTask.run(ScheduledThreadPoolExecutor.java:304) ~[na:na]
	at java.base/java.util.concurrent.ThreadPoolExecutor.runWorker(ThreadPoolExecutor.java:1128) ~[na:na]
	at java.base/java.util.concurrent.ThreadPoolExecutor$Worker.run(ThreadPoolExecutor.java:628) ~[na:na]
	at java.base/java.lang.Thread.run(Thread.java:834) ~[na:na]

17-03-13-724  INFO 3240 --- [com.alibaba.nacos.client.remote.worker] com.alibaba.nacos.common.remote.client   : [a244ca18-c11c-4d0a-90eb-25184f5cc6ca] Fail to connect server, after trying 30 times, last try server is {serverIp = '192.168.10.101', server main port = 8848}, error = unknown
17-03-19-844 ERROR 3240 --- [com.alibaba.nacos.client.remote.worker] c.a.n.c.remote.client.grpc.GrpcClient    : Server check fail, please check server 192.168.10.101 ,port 9848 is available , error ={}

java.util.concurrent.TimeoutException: Waited 3000 milliseconds (plus 4 milliseconds, 499400 nanoseconds delay) for com.alibaba.nacos.shaded.io.grpc.stub.ClientCalls$GrpcFuture@6c0d7c34[status=PENDING, info=[GrpcFuture{clientCall={delegate={delegate=ClientCallImpl{method=MethodDescriptor{fullMethodName=Request/request, type=UNARY, idempotent=false, safe=false, sampledToLocalTracing=true, requestMarshaller=com.alibaba.nacos.shaded.io.grpc.protobuf.lite.ProtoLiteUtils$MessageMarshaller@24e11377, responseMarshaller=com.alibaba.nacos.shaded.io.grpc.protobuf.lite.ProtoLiteUtils$MessageMarshaller@424f5fa2, schemaDescriptor=com.alibaba.nacos.api.grpc.auto.RequestGrpc$RequestMethodDescriptorSupplier@56847fbc}}}}}]]
	at com.alibaba.nacos.shaded.com.google.common.util.concurrent.AbstractFuture.get(AbstractFuture.java:508) ~[nacos-client-2.0.4.jar:na]
	at com.alibaba.nacos.common.remote.client.grpc.GrpcClient.serverCheck(GrpcClient.java:148) ~[nacos-client-2.0.4.jar:na]
	at com.alibaba.nacos.common.remote.client.grpc.GrpcClient.connectToServer(GrpcClient.java:264) ~[nacos-client-2.0.4.jar:na]
	at com.alibaba.nacos.common.remote.client.RpcClient.reconnect(RpcClient.java:522) ~[nacos-client-2.0.4.jar:na]
	at com.alibaba.nacos.common.remote.client.RpcClient.lambda$start$2(RpcClient.java:370) ~[nacos-client-2.0.4.jar:na]
	at java.base/java.util.concurrent.Executors$RunnableAdapter.call(Executors.java:515) ~[na:na]
	at java.base/java.util.concurrent.FutureTask.run(FutureTask.java:264) ~[na:na]
	at java.base/java.util.concurrent.ScheduledThreadPoolExecutor$ScheduledFutureTask.run(ScheduledThreadPoolExecutor.java:304) ~[na:na]
	at java.base/java.util.concurrent.ThreadPoolExecutor.runWorker(ThreadPoolExecutor.java:1128) ~[na:na]
	at java.base/java.util.concurrent.ThreadPoolExecutor$Worker.run(ThreadPoolExecutor.java:628) ~[na:na]
	at java.base/java.lang.Thread.run(Thread.java:834) ~[na:na]

17-03-19-844  INFO 3240 --- [com.alibaba.nacos.client.remote.worker] com.alibaba.nacos.common.remote.client   : [a244ca18-c11c-4d0a-90eb-25184f5cc6ca] Fail to connect server, after trying 31 times, last try server is {serverIp = '192.168.10.101', server main port = 8848}, error = unknown
17-03-21-693 ERROR 3240 --- [com.alibaba.nacos.client.naming.updater.2] com.alibaba.nacos.common.remote.client   : Send request fail, request = ServiceQueryRequest{headers={app=unknown}, requestId='null'}, retryTimes = 0, errorMessage = Client not connected, current status:UNHEALTHY
17-03-21-801 ERROR 3240 --- [com.alibaba.nacos.client.naming.updater.2] com.alibaba.nacos.common.remote.client   : Send request fail, request = ServiceQueryRequest{headers={app=unknown}, requestId='null'}, retryTimes = 1, errorMessage = Client not connected, current status:UNHEALTHY
17-03-21-909 ERROR 3240 --- [com.alibaba.nacos.client.naming.updater.2] com.alibaba.nacos.common.remote.client   : Send request fail, request = ServiceQueryRequest{headers={app=unknown}, requestId='null'}, retryTimes = 2, errorMessage = Client not connected, current status:UNHEALTHY
17-03-26-073 ERROR 3240 --- [com.alibaba.nacos.client.remote.worker] c.a.n.c.remote.client.grpc.GrpcClient    : Server check fail, please check server 192.168.10.101 ,port 9848 is available , error ={}

java.util.concurrent.TimeoutException: Waited 3000 milliseconds (plus 13 milliseconds, 195700 nanoseconds delay) for com.alibaba.nacos.shaded.io.grpc.stub.ClientCalls$GrpcFuture@218f1962[status=PENDING, info=[GrpcFuture{clientCall={delegate={delegate=ClientCallImpl{method=MethodDescriptor{fullMethodName=Request/request, type=UNARY, idempotent=false, safe=false, sampledToLocalTracing=true, requestMarshaller=com.alibaba.nacos.shaded.io.grpc.protobuf.lite.ProtoLiteUtils$MessageMarshaller@24e11377, responseMarshaller=com.alibaba.nacos.shaded.io.grpc.protobuf.lite.ProtoLiteUtils$MessageMarshaller@424f5fa2, schemaDescriptor=com.alibaba.nacos.api.grpc.auto.RequestGrpc$RequestMethodDescriptorSupplier@56847fbc}}}}}]]
	at com.alibaba.nacos.shaded.com.google.common.util.concurrent.AbstractFuture.get(AbstractFuture.java:508) ~[nacos-client-2.0.4.jar:na]
	at com.alibaba.nacos.common.remote.client.grpc.GrpcClient.serverCheck(GrpcClient.java:148) ~[nacos-client-2.0.4.jar:na]
	at com.alibaba.nacos.common.remote.client.grpc.GrpcClient.connectToServer(GrpcClient.java:264) ~[nacos-client-2.0.4.jar:na]
	at com.alibaba.nacos.common.remote.client.RpcClient.reconnect(RpcClient.java:522) ~[nacos-client-2.0.4.jar:na]
	at com.alibaba.nacos.common.remote.client.RpcClient.lambda$start$2(RpcClient.java:370) ~[nacos-client-2.0.4.jar:na]
	at java.base/java.util.concurrent.Executors$RunnableAdapter.call(Executors.java:515) ~[na:na]
	at java.base/java.util.concurrent.FutureTask.run(FutureTask.java:264) ~[na:na]
	at java.base/java.util.concurrent.ScheduledThreadPoolExecutor$ScheduledFutureTask.run(ScheduledThreadPoolExecutor.java:304) ~[na:na]
	at java.base/java.util.concurrent.ThreadPoolExecutor.runWorker(ThreadPoolExecutor.java:1128) ~[na:na]
	at java.base/java.util.concurrent.ThreadPoolExecutor$Worker.run(ThreadPoolExecutor.java:628) ~[na:na]
	at java.base/java.lang.Thread.run(Thread.java:834) ~[na:na]

17-03-26-074  INFO 3240 --- [com.alibaba.nacos.client.remote.worker] com.alibaba.nacos.common.remote.client   : [a244ca18-c11c-4d0a-90eb-25184f5cc6ca] Fail to connect server, after trying 32 times, last try server is {serverIp = '192.168.10.101', server main port = 8848}, error = unknown
17-03-32-384 ERROR 3240 --- [com.alibaba.nacos.client.remote.worker] c.a.n.c.remote.client.grpc.GrpcClient    : Server check fail, please check server 192.168.10.101 ,port 9848 is available , error ={}

java.util.concurrent.TimeoutException: Waited 3000 milliseconds (plus 1 milliseconds, 500700 nanoseconds delay) for com.alibaba.nacos.shaded.io.grpc.stub.ClientCalls$GrpcFuture@6f443b83[status=PENDING, info=[GrpcFuture{clientCall={delegate={delegate=ClientCallImpl{method=MethodDescriptor{fullMethodName=Request/request, type=UNARY, idempotent=false, safe=false, sampledToLocalTracing=true, requestMarshaller=com.alibaba.nacos.shaded.io.grpc.protobuf.lite.ProtoLiteUtils$MessageMarshaller@24e11377, responseMarshaller=com.alibaba.nacos.shaded.io.grpc.protobuf.lite.ProtoLiteUtils$MessageMarshaller@424f5fa2, schemaDescriptor=com.alibaba.nacos.api.grpc.auto.RequestGrpc$RequestMethodDescriptorSupplier@56847fbc}}}}}]]
	at com.alibaba.nacos.shaded.com.google.common.util.concurrent.AbstractFuture.get(AbstractFuture.java:508) ~[nacos-client-2.0.4.jar:na]
	at com.alibaba.nacos.common.remote.client.grpc.GrpcClient.serverCheck(GrpcClient.java:148) ~[nacos-client-2.0.4.jar:na]
	at com.alibaba.nacos.common.remote.client.grpc.GrpcClient.connectToServer(GrpcClient.java:264) ~[nacos-client-2.0.4.jar:na]
	at com.alibaba.nacos.common.remote.client.RpcClient.reconnect(RpcClient.java:522) ~[nacos-client-2.0.4.jar:na]
	at com.alibaba.nacos.common.remote.client.RpcClient.lambda$start$2(RpcClient.java:370) ~[nacos-client-2.0.4.jar:na]
	at java.base/java.util.concurrent.Executors$RunnableAdapter.call(Executors.java:515) ~[na:na]
	at java.base/java.util.concurrent.FutureTask.run(FutureTask.java:264) ~[na:na]
	at java.base/java.util.concurrent.ScheduledThreadPoolExecutor$ScheduledFutureTask.run(ScheduledThreadPoolExecutor.java:304) ~[na:na]
	at java.base/java.util.concurrent.ThreadPoolExecutor.runWorker(ThreadPoolExecutor.java:1128) ~[na:na]
	at java.base/java.util.concurrent.ThreadPoolExecutor$Worker.run(ThreadPoolExecutor.java:628) ~[na:na]
	at java.base/java.lang.Thread.run(Thread.java:834) ~[na:na]

17-03-32-385  INFO 3240 --- [com.alibaba.nacos.client.remote.worker] com.alibaba.nacos.common.remote.client   : [a244ca18-c11c-4d0a-90eb-25184f5cc6ca] Fail to connect server, after trying 33 times, last try server is {serverIp = '192.168.10.101', server main port = 8848}, error = unknown
17-03-38-792 ERROR 3240 --- [com.alibaba.nacos.client.remote.worker] c.a.n.c.remote.client.grpc.GrpcClient    : Server check fail, please check server 192.168.10.101 ,port 9848 is available , error ={}

java.util.concurrent.TimeoutException: Waited 3000 milliseconds (plus 3 milliseconds, 673500 nanoseconds delay) for com.alibaba.nacos.shaded.io.grpc.stub.ClientCalls$GrpcFuture@1b4b58f1[status=PENDING, info=[GrpcFuture{clientCall={delegate={delegate=ClientCallImpl{method=MethodDescriptor{fullMethodName=Request/request, type=UNARY, idempotent=false, safe=false, sampledToLocalTracing=true, requestMarshaller=com.alibaba.nacos.shaded.io.grpc.protobuf.lite.ProtoLiteUtils$MessageMarshaller@24e11377, responseMarshaller=com.alibaba.nacos.shaded.io.grpc.protobuf.lite.ProtoLiteUtils$MessageMarshaller@424f5fa2, schemaDescriptor=com.alibaba.nacos.api.grpc.auto.RequestGrpc$RequestMethodDescriptorSupplier@56847fbc}}}}}]]
	at com.alibaba.nacos.shaded.com.google.common.util.concurrent.AbstractFuture.get(AbstractFuture.java:508) ~[nacos-client-2.0.4.jar:na]
	at com.alibaba.nacos.common.remote.client.grpc.GrpcClient.serverCheck(GrpcClient.java:148) ~[nacos-client-2.0.4.jar:na]
	at com.alibaba.nacos.common.remote.client.grpc.GrpcClient.connectToServer(GrpcClient.java:264) ~[nacos-client-2.0.4.jar:na]
	at com.alibaba.nacos.common.remote.client.RpcClient.reconnect(RpcClient.java:522) ~[nacos-client-2.0.4.jar:na]
	at com.alibaba.nacos.common.remote.client.RpcClient.lambda$start$2(RpcClient.java:370) ~[nacos-client-2.0.4.jar:na]
	at java.base/java.util.concurrent.Executors$RunnableAdapter.call(Executors.java:515) ~[na:na]
	at java.base/java.util.concurrent.FutureTask.run(FutureTask.java:264) ~[na:na]
	at java.base/java.util.concurrent.ScheduledThreadPoolExecutor$ScheduledFutureTask.run(ScheduledThreadPoolExecutor.java:304) ~[na:na]
	at java.base/java.util.concurrent.ThreadPoolExecutor.runWorker(ThreadPoolExecutor.java:1128) ~[na:na]
	at java.base/java.util.concurrent.ThreadPoolExecutor$Worker.run(ThreadPoolExecutor.java:628) ~[na:na]
	at java.base/java.lang.Thread.run(Thread.java:834) ~[na:na]

17-03-38-793  INFO 3240 --- [com.alibaba.nacos.client.remote.worker] com.alibaba.nacos.common.remote.client   : [a244ca18-c11c-4d0a-90eb-25184f5cc6ca] Fail to connect server, after trying 34 times, last try server is {serverIp = '192.168.10.101', server main port = 8848}, error = unknown
17-03-45-305 ERROR 3240 --- [com.alibaba.nacos.client.remote.worker] c.a.n.c.remote.client.grpc.GrpcClient    : Server check fail, please check server 192.168.10.101 ,port 9848 is available , error ={}

java.util.concurrent.TimeoutException: Waited 3000 milliseconds (plus 198100 nanoseconds delay) for com.alibaba.nacos.shaded.io.grpc.stub.ClientCalls$GrpcFuture@f7dcfa1[status=PENDING, info=[GrpcFuture{clientCall={delegate={delegate=ClientCallImpl{method=MethodDescriptor{fullMethodName=Request/request, type=UNARY, idempotent=false, safe=false, sampledToLocalTracing=true, requestMarshaller=com.alibaba.nacos.shaded.io.grpc.protobuf.lite.ProtoLiteUtils$MessageMarshaller@24e11377, responseMarshaller=com.alibaba.nacos.shaded.io.grpc.protobuf.lite.ProtoLiteUtils$MessageMarshaller@424f5fa2, schemaDescriptor=com.alibaba.nacos.api.grpc.auto.RequestGrpc$RequestMethodDescriptorSupplier@56847fbc}}}}}]]
	at com.alibaba.nacos.shaded.com.google.common.util.concurrent.AbstractFuture.get(AbstractFuture.java:508) ~[nacos-client-2.0.4.jar:na]
	at com.alibaba.nacos.common.remote.client.grpc.GrpcClient.serverCheck(GrpcClient.java:148) ~[nacos-client-2.0.4.jar:na]
	at com.alibaba.nacos.common.remote.client.grpc.GrpcClient.connectToServer(GrpcClient.java:264) ~[nacos-client-2.0.4.jar:na]
	at com.alibaba.nacos.common.remote.client.RpcClient.reconnect(RpcClient.java:522) ~[nacos-client-2.0.4.jar:na]
	at com.alibaba.nacos.common.remote.client.RpcClient.lambda$start$2(RpcClient.java:370) ~[nacos-client-2.0.4.jar:na]
	at java.base/java.util.concurrent.Executors$RunnableAdapter.call(Executors.java:515) ~[na:na]
	at java.base/java.util.concurrent.FutureTask.run(FutureTask.java:264) ~[na:na]
	at java.base/java.util.concurrent.ScheduledThreadPoolExecutor$ScheduledFutureTask.run(ScheduledThreadPoolExecutor.java:304) ~[na:na]
	at java.base/java.util.concurrent.ThreadPoolExecutor.runWorker(ThreadPoolExecutor.java:1128) ~[na:na]
	at java.base/java.util.concurrent.ThreadPoolExecutor$Worker.run(ThreadPoolExecutor.java:628) ~[na:na]
	at java.base/java.lang.Thread.run(Thread.java:834) ~[na:na]

17-03-45-306  INFO 3240 --- [com.alibaba.nacos.client.remote.worker] com.alibaba.nacos.common.remote.client   : [a244ca18-c11c-4d0a-90eb-25184f5cc6ca] Fail to connect server, after trying 35 times, last try server is {serverIp = '192.168.10.101', server main port = 8848}, error = unknown
17-03-51-923 ERROR 3240 --- [com.alibaba.nacos.client.remote.worker] c.a.n.c.remote.client.grpc.GrpcClient    : Server check fail, please check server 192.168.10.101 ,port 9848 is available , error ={}

java.util.concurrent.TimeoutException: Waited 3000 milliseconds (plus 2 milliseconds, 370900 nanoseconds delay) for com.alibaba.nacos.shaded.io.grpc.stub.ClientCalls$GrpcFuture@6660a274[status=PENDING, info=[GrpcFuture{clientCall={delegate={delegate=ClientCallImpl{method=MethodDescriptor{fullMethodName=Request/request, type=UNARY, idempotent=false, safe=false, sampledToLocalTracing=true, requestMarshaller=com.alibaba.nacos.shaded.io.grpc.protobuf.lite.ProtoLiteUtils$MessageMarshaller@24e11377, responseMarshaller=com.alibaba.nacos.shaded.io.grpc.protobuf.lite.ProtoLiteUtils$MessageMarshaller@424f5fa2, schemaDescriptor=com.alibaba.nacos.api.grpc.auto.RequestGrpc$RequestMethodDescriptorSupplier@56847fbc}}}}}]]
	at com.alibaba.nacos.shaded.com.google.common.util.concurrent.AbstractFuture.get(AbstractFuture.java:508) ~[nacos-client-2.0.4.jar:na]
	at com.alibaba.nacos.common.remote.client.grpc.GrpcClient.serverCheck(GrpcClient.java:148) ~[nacos-client-2.0.4.jar:na]
	at com.alibaba.nacos.common.remote.client.grpc.GrpcClient.connectToServer(GrpcClient.java:264) ~[nacos-client-2.0.4.jar:na]
	at com.alibaba.nacos.common.remote.client.RpcClient.reconnect(RpcClient.java:522) ~[nacos-client-2.0.4.jar:na]
	at com.alibaba.nacos.common.remote.client.RpcClient.lambda$start$2(RpcClient.java:370) ~[nacos-client-2.0.4.jar:na]
	at java.base/java.util.concurrent.Executors$RunnableAdapter.call(Executors.java:515) ~[na:na]
	at java.base/java.util.concurrent.FutureTask.run(FutureTask.java:264) ~[na:na]
	at java.base/java.util.concurrent.ScheduledThreadPoolExecutor$ScheduledFutureTask.run(ScheduledThreadPoolExecutor.java:304) ~[na:na]
	at java.base/java.util.concurrent.ThreadPoolExecutor.runWorker(ThreadPoolExecutor.java:1128) ~[na:na]
	at java.base/java.util.concurrent.ThreadPoolExecutor$Worker.run(ThreadPoolExecutor.java:628) ~[na:na]
	at java.base/java.lang.Thread.run(Thread.java:834) ~[na:na]

17-03-51-924  INFO 3240 --- [com.alibaba.nacos.client.remote.worker] com.alibaba.nacos.common.remote.client   : [a244ca18-c11c-4d0a-90eb-25184f5cc6ca] Fail to connect server, after trying 36 times, last try server is {serverIp = '192.168.10.101', server main port = 8848}, error = unknown
17-03-58-634 ERROR 3240 --- [com.alibaba.nacos.client.remote.worker] c.a.n.c.remote.client.grpc.GrpcClient    : Server check fail, please check server 192.168.10.101 ,port 9848 is available , error ={}

java.util.concurrent.TimeoutException: Waited 3000 milliseconds (plus 1 milliseconds, 160400 nanoseconds delay) for com.alibaba.nacos.shaded.io.grpc.stub.ClientCalls$GrpcFuture@6b011e8b[status=PENDING, info=[GrpcFuture{clientCall={delegate={delegate=ClientCallImpl{method=MethodDescriptor{fullMethodName=Request/request, type=UNARY, idempotent=false, safe=false, sampledToLocalTracing=true, requestMarshaller=com.alibaba.nacos.shaded.io.grpc.protobuf.lite.ProtoLiteUtils$MessageMarshaller@24e11377, responseMarshaller=com.alibaba.nacos.shaded.io.grpc.protobuf.lite.ProtoLiteUtils$MessageMarshaller@424f5fa2, schemaDescriptor=com.alibaba.nacos.api.grpc.auto.RequestGrpc$RequestMethodDescriptorSupplier@56847fbc}}}}}]]
	at com.alibaba.nacos.shaded.com.google.common.util.concurrent.AbstractFuture.get(AbstractFuture.java:508) ~[nacos-client-2.0.4.jar:na]
	at com.alibaba.nacos.common.remote.client.grpc.GrpcClient.serverCheck(GrpcClient.java:148) ~[nacos-client-2.0.4.jar:na]
	at com.alibaba.nacos.common.remote.client.grpc.GrpcClient.connectToServer(GrpcClient.java:264) ~[nacos-client-2.0.4.jar:na]
	at com.alibaba.nacos.common.remote.client.RpcClient.reconnect(RpcClient.java:522) ~[nacos-client-2.0.4.jar:na]
	at com.alibaba.nacos.common.remote.client.RpcClient.lambda$start$2(RpcClient.java:370) ~[nacos-client-2.0.4.jar:na]
	at java.base/java.util.concurrent.Executors$RunnableAdapter.call(Executors.java:515) ~[na:na]
	at java.base/java.util.concurrent.FutureTask.run(FutureTask.java:264) ~[na:na]
	at java.base/java.util.concurrent.ScheduledThreadPoolExecutor$ScheduledFutureTask.run(ScheduledThreadPoolExecutor.java:304) ~[na:na]
	at java.base/java.util.concurrent.ThreadPoolExecutor.runWorker(ThreadPoolExecutor.java:1128) ~[na:na]
	at java.base/java.util.concurrent.ThreadPoolExecutor$Worker.run(ThreadPoolExecutor.java:628) ~[na:na]
	at java.base/java.lang.Thread.run(Thread.java:834) ~[na:na]

17-03-58-635  INFO 3240 --- [com.alibaba.nacos.client.remote.worker] com.alibaba.nacos.common.remote.client   : [a244ca18-c11c-4d0a-90eb-25184f5cc6ca] Fail to connect server, after trying 37 times, last try server is {serverIp = '192.168.10.101', server main port = 8848}, error = unknown
17-04-05-455 ERROR 3240 --- [com.alibaba.nacos.client.remote.worker] c.a.n.c.remote.client.grpc.GrpcClient    : Server check fail, please check server 192.168.10.101 ,port 9848 is available , error ={}

java.util.concurrent.TimeoutException: Waited 3000 milliseconds (plus 2 milliseconds, 773400 nanoseconds delay) for com.alibaba.nacos.shaded.io.grpc.stub.ClientCalls$GrpcFuture@b0f508a[status=PENDING, info=[GrpcFuture{clientCall={delegate={delegate=ClientCallImpl{method=MethodDescriptor{fullMethodName=Request/request, type=UNARY, idempotent=false, safe=false, sampledToLocalTracing=true, requestMarshaller=com.alibaba.nacos.shaded.io.grpc.protobuf.lite.ProtoLiteUtils$MessageMarshaller@24e11377, responseMarshaller=com.alibaba.nacos.shaded.io.grpc.protobuf.lite.ProtoLiteUtils$MessageMarshaller@424f5fa2, schemaDescriptor=com.alibaba.nacos.api.grpc.auto.RequestGrpc$RequestMethodDescriptorSupplier@56847fbc}}}}}]]
	at com.alibaba.nacos.shaded.com.google.common.util.concurrent.AbstractFuture.get(AbstractFuture.java:508) ~[nacos-client-2.0.4.jar:na]
	at com.alibaba.nacos.common.remote.client.grpc.GrpcClient.serverCheck(GrpcClient.java:148) ~[nacos-client-2.0.4.jar:na]
	at com.alibaba.nacos.common.remote.client.grpc.GrpcClient.connectToServer(GrpcClient.java:264) ~[nacos-client-2.0.4.jar:na]
	at com.alibaba.nacos.common.remote.client.RpcClient.reconnect(RpcClient.java:522) ~[nacos-client-2.0.4.jar:na]
	at com.alibaba.nacos.common.remote.client.RpcClient.lambda$start$2(RpcClient.java:370) ~[nacos-client-2.0.4.jar:na]
	at java.base/java.util.concurrent.Executors$RunnableAdapter.call(Executors.java:515) ~[na:na]
	at java.base/java.util.concurrent.FutureTask.run(FutureTask.java:264) ~[na:na]
	at java.base/java.util.concurrent.ScheduledThreadPoolExecutor$ScheduledFutureTask.run(ScheduledThreadPoolExecutor.java:304) ~[na:na]
	at java.base/java.util.concurrent.ThreadPoolExecutor.runWorker(ThreadPoolExecutor.java:1128) ~[na:na]
	at java.base/java.util.concurrent.ThreadPoolExecutor$Worker.run(ThreadPoolExecutor.java:628) ~[na:na]
	at java.base/java.lang.Thread.run(Thread.java:834) ~[na:na]

17-04-05-456  INFO 3240 --- [com.alibaba.nacos.client.remote.worker] com.alibaba.nacos.common.remote.client   : [a244ca18-c11c-4d0a-90eb-25184f5cc6ca] Fail to connect server, after trying 38 times, last try server is {serverIp = '192.168.10.101', server main port = 8848}, error = unknown
17-04-12-367 ERROR 3240 --- [com.alibaba.nacos.client.remote.worker] c.a.n.c.remote.client.grpc.GrpcClient    : Server check fail, please check server 192.168.10.101 ,port 9848 is available , error ={}

java.util.concurrent.TimeoutException: Waited 3000 milliseconds (plus 1 milliseconds, 246200 nanoseconds delay) for com.alibaba.nacos.shaded.io.grpc.stub.ClientCalls$GrpcFuture@17f3e999[status=PENDING, info=[GrpcFuture{clientCall={delegate={delegate=ClientCallImpl{method=MethodDescriptor{fullMethodName=Request/request, type=UNARY, idempotent=false, safe=false, sampledToLocalTracing=true, requestMarshaller=com.alibaba.nacos.shaded.io.grpc.protobuf.lite.ProtoLiteUtils$MessageMarshaller@24e11377, responseMarshaller=com.alibaba.nacos.shaded.io.grpc.protobuf.lite.ProtoLiteUtils$MessageMarshaller@424f5fa2, schemaDescriptor=com.alibaba.nacos.api.grpc.auto.RequestGrpc$RequestMethodDescriptorSupplier@56847fbc}}}}}]]
	at com.alibaba.nacos.shaded.com.google.common.util.concurrent.AbstractFuture.get(AbstractFuture.java:508) ~[nacos-client-2.0.4.jar:na]
	at com.alibaba.nacos.common.remote.client.grpc.GrpcClient.serverCheck(GrpcClient.java:148) ~[nacos-client-2.0.4.jar:na]
	at com.alibaba.nacos.common.remote.client.grpc.GrpcClient.connectToServer(GrpcClient.java:264) ~[nacos-client-2.0.4.jar:na]
	at com.alibaba.nacos.common.remote.client.RpcClient.reconnect(RpcClient.java:522) ~[nacos-client-2.0.4.jar:na]
	at com.alibaba.nacos.common.remote.client.RpcClient.lambda$start$2(RpcClient.java:370) ~[nacos-client-2.0.4.jar:na]
	at java.base/java.util.concurrent.Executors$RunnableAdapter.call(Executors.java:515) ~[na:na]
	at java.base/java.util.concurrent.FutureTask.run(FutureTask.java:264) ~[na:na]
	at java.base/java.util.concurrent.ScheduledThreadPoolExecutor$ScheduledFutureTask.run(ScheduledThreadPoolExecutor.java:304) ~[na:na]
	at java.base/java.util.concurrent.ThreadPoolExecutor.runWorker(ThreadPoolExecutor.java:1128) ~[na:na]
	at java.base/java.util.concurrent.ThreadPoolExecutor$Worker.run(ThreadPoolExecutor.java:628) ~[na:na]
	at java.base/java.lang.Thread.run(Thread.java:834) ~[na:na]

17-04-12-368  INFO 3240 --- [com.alibaba.nacos.client.remote.worker] com.alibaba.nacos.common.remote.client   : [a244ca18-c11c-4d0a-90eb-25184f5cc6ca] Fail to connect server, after trying 39 times, last try server is {serverIp = '192.168.10.101', server main port = 8848}, error = unknown
17-04-19-383 ERROR 3240 --- [com.alibaba.nacos.client.remote.worker] c.a.n.c.remote.client.grpc.GrpcClient    : Server check fail, please check server 192.168.10.101 ,port 9848 is available , error ={}

java.util.concurrent.TimeoutException: Waited 3000 milliseconds (plus 11 milliseconds, 445600 nanoseconds delay) for com.alibaba.nacos.shaded.io.grpc.stub.ClientCalls$GrpcFuture@36ed0ec3[status=PENDING, info=[GrpcFuture{clientCall={delegate={delegate=ClientCallImpl{method=MethodDescriptor{fullMethodName=Request/request, type=UNARY, idempotent=false, safe=false, sampledToLocalTracing=true, requestMarshaller=com.alibaba.nacos.shaded.io.grpc.protobuf.lite.ProtoLiteUtils$MessageMarshaller@24e11377, responseMarshaller=com.alibaba.nacos.shaded.io.grpc.protobuf.lite.ProtoLiteUtils$MessageMarshaller@424f5fa2, schemaDescriptor=com.alibaba.nacos.api.grpc.auto.RequestGrpc$RequestMethodDescriptorSupplier@56847fbc}}}}}]]
	at com.alibaba.nacos.shaded.com.google.common.util.concurrent.AbstractFuture.get(AbstractFuture.java:508) ~[nacos-client-2.0.4.jar:na]
	at com.alibaba.nacos.common.remote.client.grpc.GrpcClient.serverCheck(GrpcClient.java:148) ~[nacos-client-2.0.4.jar:na]
	at com.alibaba.nacos.common.remote.client.grpc.GrpcClient.connectToServer(GrpcClient.java:264) ~[nacos-client-2.0.4.jar:na]
	at com.alibaba.nacos.common.remote.client.RpcClient.reconnect(RpcClient.java:522) ~[nacos-client-2.0.4.jar:na]
	at com.alibaba.nacos.common.remote.client.RpcClient.lambda$start$2(RpcClient.java:370) ~[nacos-client-2.0.4.jar:na]
	at java.base/java.util.concurrent.Executors$RunnableAdapter.call(Executors.java:515) ~[na:na]
	at java.base/java.util.concurrent.FutureTask.run(FutureTask.java:264) ~[na:na]
	at java.base/java.util.concurrent.ScheduledThreadPoolExecutor$ScheduledFutureTask.run(ScheduledThreadPoolExecutor.java:304) ~[na:na]
	at java.base/java.util.concurrent.ThreadPoolExecutor.runWorker(ThreadPoolExecutor.java:1128) ~[na:na]
	at java.base/java.util.concurrent.ThreadPoolExecutor$Worker.run(ThreadPoolExecutor.java:628) ~[na:na]
	at java.base/java.lang.Thread.run(Thread.java:834) ~[na:na]

17-04-19-384  INFO 3240 --- [com.alibaba.nacos.client.remote.worker] com.alibaba.nacos.common.remote.client   : [a244ca18-c11c-4d0a-90eb-25184f5cc6ca] Fail to connect server, after trying 40 times, last try server is {serverIp = '192.168.10.101', server main port = 8848}, error = unknown
17-04-22-033 ERROR 3240 --- [com.alibaba.nacos.client.naming.updater.2] com.alibaba.nacos.common.remote.client   : Send request fail, request = ServiceQueryRequest{headers={app=unknown}, requestId='null'}, retryTimes = 0, errorMessage = Client not connected, current status:UNHEALTHY
17-04-22-140 ERROR 3240 --- [com.alibaba.nacos.client.naming.updater.2] com.alibaba.nacos.common.remote.client   : Send request fail, request = ServiceQueryRequest{headers={app=unknown}, requestId='null'}, retryTimes = 1, errorMessage = Client not connected, current status:UNHEALTHY
17-04-22-248 ERROR 3240 --- [com.alibaba.nacos.client.naming.updater.2] com.alibaba.nacos.common.remote.client   : Send request fail, request = ServiceQueryRequest{headers={app=unknown}, requestId='null'}, retryTimes = 2, errorMessage = Client not connected, current status:UNHEALTHY
17-04-26-494 ERROR 3240 --- [com.alibaba.nacos.client.remote.worker] c.a.n.c.remote.client.grpc.GrpcClient    : Server check fail, please check server 192.168.10.101 ,port 9848 is available , error ={}

java.util.concurrent.TimeoutException: Waited 3000 milliseconds (plus 1 milliseconds, 309300 nanoseconds delay) for com.alibaba.nacos.shaded.io.grpc.stub.ClientCalls$GrpcFuture@26fb0cb0[status=PENDING, info=[GrpcFuture{clientCall={delegate={delegate=ClientCallImpl{method=MethodDescriptor{fullMethodName=Request/request, type=UNARY, idempotent=false, safe=false, sampledToLocalTracing=true, requestMarshaller=com.alibaba.nacos.shaded.io.grpc.protobuf.lite.ProtoLiteUtils$MessageMarshaller@24e11377, responseMarshaller=com.alibaba.nacos.shaded.io.grpc.protobuf.lite.ProtoLiteUtils$MessageMarshaller@424f5fa2, schemaDescriptor=com.alibaba.nacos.api.grpc.auto.RequestGrpc$RequestMethodDescriptorSupplier@56847fbc}}}}}]]
	at com.alibaba.nacos.shaded.com.google.common.util.concurrent.AbstractFuture.get(AbstractFuture.java:508) ~[nacos-client-2.0.4.jar:na]
	at com.alibaba.nacos.common.remote.client.grpc.GrpcClient.serverCheck(GrpcClient.java:148) ~[nacos-client-2.0.4.jar:na]
	at com.alibaba.nacos.common.remote.client.grpc.GrpcClient.connectToServer(GrpcClient.java:264) ~[nacos-client-2.0.4.jar:na]
	at com.alibaba.nacos.common.remote.client.RpcClient.reconnect(RpcClient.java:522) ~[nacos-client-2.0.4.jar:na]
	at com.alibaba.nacos.common.remote.client.RpcClient.lambda$start$2(RpcClient.java:370) ~[nacos-client-2.0.4.jar:na]
	at java.base/java.util.concurrent.Executors$RunnableAdapter.call(Executors.java:515) ~[na:na]
	at java.base/java.util.concurrent.FutureTask.run(FutureTask.java:264) ~[na:na]
	at java.base/java.util.concurrent.ScheduledThreadPoolExecutor$ScheduledFutureTask.run(ScheduledThreadPoolExecutor.java:304) ~[na:na]
	at java.base/java.util.concurrent.ThreadPoolExecutor.runWorker(ThreadPoolExecutor.java:1128) ~[na:na]
	at java.base/java.util.concurrent.ThreadPoolExecutor$Worker.run(ThreadPoolExecutor.java:628) ~[na:na]
	at java.base/java.lang.Thread.run(Thread.java:834) ~[na:na]

17-04-26-495  INFO 3240 --- [com.alibaba.nacos.client.remote.worker] com.alibaba.nacos.common.remote.client   : [a244ca18-c11c-4d0a-90eb-25184f5cc6ca] Fail to connect server, after trying 41 times, last try server is {serverIp = '192.168.10.101', server main port = 8848}, error = unknown
17-04-33-727 ERROR 3240 --- [com.alibaba.nacos.client.remote.worker] c.a.n.c.remote.client.grpc.GrpcClient    : Server check fail, please check server 192.168.10.101 ,port 9848 is available , error ={}

java.util.concurrent.TimeoutException: Waited 3000 milliseconds (plus 15 milliseconds, 342700 nanoseconds delay) for com.alibaba.nacos.shaded.io.grpc.stub.ClientCalls$GrpcFuture@33d27ba7[status=PENDING, info=[GrpcFuture{clientCall={delegate={delegate=ClientCallImpl{method=MethodDescriptor{fullMethodName=Request/request, type=UNARY, idempotent=false, safe=false, sampledToLocalTracing=true, requestMarshaller=com.alibaba.nacos.shaded.io.grpc.protobuf.lite.ProtoLiteUtils$MessageMarshaller@24e11377, responseMarshaller=com.alibaba.nacos.shaded.io.grpc.protobuf.lite.ProtoLiteUtils$MessageMarshaller@424f5fa2, schemaDescriptor=com.alibaba.nacos.api.grpc.auto.RequestGrpc$RequestMethodDescriptorSupplier@56847fbc}}}}}]]
	at com.alibaba.nacos.shaded.com.google.common.util.concurrent.AbstractFuture.get(AbstractFuture.java:508) ~[nacos-client-2.0.4.jar:na]
	at com.alibaba.nacos.common.remote.client.grpc.GrpcClient.serverCheck(GrpcClient.java:148) ~[nacos-client-2.0.4.jar:na]
	at com.alibaba.nacos.common.remote.client.grpc.GrpcClient.connectToServer(GrpcClient.java:264) ~[nacos-client-2.0.4.jar:na]
	at com.alibaba.nacos.common.remote.client.RpcClient.reconnect(RpcClient.java:522) ~[nacos-client-2.0.4.jar:na]
	at com.alibaba.nacos.common.remote.client.RpcClient.lambda$start$2(RpcClient.java:370) ~[nacos-client-2.0.4.jar:na]
	at java.base/java.util.concurrent.Executors$RunnableAdapter.call(Executors.java:515) ~[na:na]
	at java.base/java.util.concurrent.FutureTask.run(FutureTask.java:264) ~[na:na]
	at java.base/java.util.concurrent.ScheduledThreadPoolExecutor$ScheduledFutureTask.run(ScheduledThreadPoolExecutor.java:304) ~[na:na]
	at java.base/java.util.concurrent.ThreadPoolExecutor.runWorker(ThreadPoolExecutor.java:1128) ~[na:na]
	at java.base/java.util.concurrent.ThreadPoolExecutor$Worker.run(ThreadPoolExecutor.java:628) ~[na:na]
	at java.base/java.lang.Thread.run(Thread.java:834) ~[na:na]

17-04-33-728  INFO 3240 --- [com.alibaba.nacos.client.remote.worker] com.alibaba.nacos.common.remote.client   : [a244ca18-c11c-4d0a-90eb-25184f5cc6ca] Fail to connect server, after trying 42 times, last try server is {serverIp = '192.168.10.101', server main port = 8848}, error = unknown
17-04-41-043 ERROR 3240 --- [com.alibaba.nacos.client.remote.worker] c.a.n.c.remote.client.grpc.GrpcClient    : Server check fail, please check server 192.168.10.101 ,port 9848 is available , error ={}

java.util.concurrent.TimeoutException: Waited 3000 milliseconds (plus 3 milliseconds, 874100 nanoseconds delay) for com.alibaba.nacos.shaded.io.grpc.stub.ClientCalls$GrpcFuture@7e0245b0[status=PENDING, info=[GrpcFuture{clientCall={delegate={delegate=ClientCallImpl{method=MethodDescriptor{fullMethodName=Request/request, type=UNARY, idempotent=false, safe=false, sampledToLocalTracing=true, requestMarshaller=com.alibaba.nacos.shaded.io.grpc.protobuf.lite.ProtoLiteUtils$MessageMarshaller@24e11377, responseMarshaller=com.alibaba.nacos.shaded.io.grpc.protobuf.lite.ProtoLiteUtils$MessageMarshaller@424f5fa2, schemaDescriptor=com.alibaba.nacos.api.grpc.auto.RequestGrpc$RequestMethodDescriptorSupplier@56847fbc}}}}}]]
	at com.alibaba.nacos.shaded.com.google.common.util.concurrent.AbstractFuture.get(AbstractFuture.java:508) ~[nacos-client-2.0.4.jar:na]
	at com.alibaba.nacos.common.remote.client.grpc.GrpcClient.serverCheck(GrpcClient.java:148) ~[nacos-client-2.0.4.jar:na]
	at com.alibaba.nacos.common.remote.client.grpc.GrpcClient.connectToServer(GrpcClient.java:264) ~[nacos-client-2.0.4.jar:na]
	at com.alibaba.nacos.common.remote.client.RpcClient.reconnect(RpcClient.java:522) ~[nacos-client-2.0.4.jar:na]
	at com.alibaba.nacos.common.remote.client.RpcClient.lambda$start$2(RpcClient.java:370) ~[nacos-client-2.0.4.jar:na]
	at java.base/java.util.concurrent.Executors$RunnableAdapter.call(Executors.java:515) ~[na:na]
	at java.base/java.util.concurrent.FutureTask.run(FutureTask.java:264) ~[na:na]
	at java.base/java.util.concurrent.ScheduledThreadPoolExecutor$ScheduledFutureTask.run(ScheduledThreadPoolExecutor.java:304) ~[na:na]
	at java.base/java.util.concurrent.ThreadPoolExecutor.runWorker(ThreadPoolExecutor.java:1128) ~[na:na]
	at java.base/java.util.concurrent.ThreadPoolExecutor$Worker.run(ThreadPoolExecutor.java:628) ~[na:na]
	at java.base/java.lang.Thread.run(Thread.java:834) ~[na:na]

17-04-41-043  INFO 3240 --- [com.alibaba.nacos.client.remote.worker] com.alibaba.nacos.common.remote.client   : [a244ca18-c11c-4d0a-90eb-25184f5cc6ca] Fail to connect server, after trying 43 times, last try server is {serverIp = '192.168.10.101', server main port = 8848}, error = unknown
17-04-48-466 ERROR 3240 --- [com.alibaba.nacos.client.remote.worker] c.a.n.c.remote.client.grpc.GrpcClient    : Server check fail, please check server 192.168.10.101 ,port 9848 is available , error ={}

java.util.concurrent.TimeoutException: Waited 3000 milliseconds (plus 13 milliseconds, 48400 nanoseconds delay) for com.alibaba.nacos.shaded.io.grpc.stub.ClientCalls$GrpcFuture@285f406b[status=PENDING, info=[GrpcFuture{clientCall={delegate={delegate=ClientCallImpl{method=MethodDescriptor{fullMethodName=Request/request, type=UNARY, idempotent=false, safe=false, sampledToLocalTracing=true, requestMarshaller=com.alibaba.nacos.shaded.io.grpc.protobuf.lite.ProtoLiteUtils$MessageMarshaller@24e11377, responseMarshaller=com.alibaba.nacos.shaded.io.grpc.protobuf.lite.ProtoLiteUtils$MessageMarshaller@424f5fa2, schemaDescriptor=com.alibaba.nacos.api.grpc.auto.RequestGrpc$RequestMethodDescriptorSupplier@56847fbc}}}}}]]
	at com.alibaba.nacos.shaded.com.google.common.util.concurrent.AbstractFuture.get(AbstractFuture.java:508) ~[nacos-client-2.0.4.jar:na]
	at com.alibaba.nacos.common.remote.client.grpc.GrpcClient.serverCheck(GrpcClient.java:148) ~[nacos-client-2.0.4.jar:na]
	at com.alibaba.nacos.common.remote.client.grpc.GrpcClient.connectToServer(GrpcClient.java:264) ~[nacos-client-2.0.4.jar:na]
	at com.alibaba.nacos.common.remote.client.RpcClient.reconnect(RpcClient.java:522) ~[nacos-client-2.0.4.jar:na]
	at com.alibaba.nacos.common.remote.client.RpcClient.lambda$start$2(RpcClient.java:370) ~[nacos-client-2.0.4.jar:na]
	at java.base/java.util.concurrent.Executors$RunnableAdapter.call(Executors.java:515) ~[na:na]
	at java.base/java.util.concurrent.FutureTask.run(FutureTask.java:264) ~[na:na]
	at java.base/java.util.concurrent.ScheduledThreadPoolExecutor$ScheduledFutureTask.run(ScheduledThreadPoolExecutor.java:304) ~[na:na]
	at java.base/java.util.concurrent.ThreadPoolExecutor.runWorker(ThreadPoolExecutor.java:1128) ~[na:na]
	at java.base/java.util.concurrent.ThreadPoolExecutor$Worker.run(ThreadPoolExecutor.java:628) ~[na:na]
	at java.base/java.lang.Thread.run(Thread.java:834) ~[na:na]

17-04-48-466  INFO 3240 --- [com.alibaba.nacos.client.remote.worker] com.alibaba.nacos.common.remote.client   : [a244ca18-c11c-4d0a-90eb-25184f5cc6ca] Fail to connect server, after trying 44 times, last try server is {serverIp = '192.168.10.101', server main port = 8848}, error = unknown
17-04-55-979 ERROR 3240 --- [com.alibaba.nacos.client.remote.worker] c.a.n.c.remote.client.grpc.GrpcClient    : Server check fail, please check server 192.168.10.101 ,port 9848 is available , error ={}

java.util.concurrent.TimeoutException: Waited 3000 milliseconds (plus 8 milliseconds, 148300 nanoseconds delay) for com.alibaba.nacos.shaded.io.grpc.stub.ClientCalls$GrpcFuture@7e53a9e1[status=PENDING, info=[GrpcFuture{clientCall={delegate={delegate=ClientCallImpl{method=MethodDescriptor{fullMethodName=Request/request, type=UNARY, idempotent=false, safe=false, sampledToLocalTracing=true, requestMarshaller=com.alibaba.nacos.shaded.io.grpc.protobuf.lite.ProtoLiteUtils$MessageMarshaller@24e11377, responseMarshaller=com.alibaba.nacos.shaded.io.grpc.protobuf.lite.ProtoLiteUtils$MessageMarshaller@424f5fa2, schemaDescriptor=com.alibaba.nacos.api.grpc.auto.RequestGrpc$RequestMethodDescriptorSupplier@56847fbc}}}}}]]
	at com.alibaba.nacos.shaded.com.google.common.util.concurrent.AbstractFuture.get(AbstractFuture.java:508) ~[nacos-client-2.0.4.jar:na]
	at com.alibaba.nacos.common.remote.client.grpc.GrpcClient.serverCheck(GrpcClient.java:148) ~[nacos-client-2.0.4.jar:na]
	at com.alibaba.nacos.common.remote.client.grpc.GrpcClient.connectToServer(GrpcClient.java:264) ~[nacos-client-2.0.4.jar:na]
	at com.alibaba.nacos.common.remote.client.RpcClient.reconnect(RpcClient.java:522) ~[nacos-client-2.0.4.jar:na]
	at com.alibaba.nacos.common.remote.client.RpcClient.lambda$start$2(RpcClient.java:370) ~[nacos-client-2.0.4.jar:na]
	at java.base/java.util.concurrent.Executors$RunnableAdapter.call(Executors.java:515) ~[na:na]
	at java.base/java.util.concurrent.FutureTask.run(FutureTask.java:264) ~[na:na]
	at java.base/java.util.concurrent.ScheduledThreadPoolExecutor$ScheduledFutureTask.run(ScheduledThreadPoolExecutor.java:304) ~[na:na]
	at java.base/java.util.concurrent.ThreadPoolExecutor.runWorker(ThreadPoolExecutor.java:1128) ~[na:na]
	at java.base/java.util.concurrent.ThreadPoolExecutor$Worker.run(ThreadPoolExecutor.java:628) ~[na:na]
	at java.base/java.lang.Thread.run(Thread.java:834) ~[na:na]

17-04-55-980  INFO 3240 --- [com.alibaba.nacos.client.remote.worker] com.alibaba.nacos.common.remote.client   : [a244ca18-c11c-4d0a-90eb-25184f5cc6ca] Fail to connect server, after trying 45 times, last try server is {serverIp = '192.168.10.101', server main port = 8848}, error = unknown
17-05-03-598 ERROR 3240 --- [com.alibaba.nacos.client.remote.worker] c.a.n.c.remote.client.grpc.GrpcClient    : Server check fail, please check server 192.168.10.101 ,port 9848 is available , error ={}

java.util.concurrent.TimeoutException: Waited 3000 milliseconds (plus 8 milliseconds, 383700 nanoseconds delay) for com.alibaba.nacos.shaded.io.grpc.stub.ClientCalls$GrpcFuture@395cac9c[status=PENDING, info=[GrpcFuture{clientCall={delegate={delegate=ClientCallImpl{method=MethodDescriptor{fullMethodName=Request/request, type=UNARY, idempotent=false, safe=false, sampledToLocalTracing=true, requestMarshaller=com.alibaba.nacos.shaded.io.grpc.protobuf.lite.ProtoLiteUtils$MessageMarshaller@24e11377, responseMarshaller=com.alibaba.nacos.shaded.io.grpc.protobuf.lite.ProtoLiteUtils$MessageMarshaller@424f5fa2, schemaDescriptor=com.alibaba.nacos.api.grpc.auto.RequestGrpc$RequestMethodDescriptorSupplier@56847fbc}}}}}]]
	at com.alibaba.nacos.shaded.com.google.common.util.concurrent.AbstractFuture.get(AbstractFuture.java:508) ~[nacos-client-2.0.4.jar:na]
	at com.alibaba.nacos.common.remote.client.grpc.GrpcClient.serverCheck(GrpcClient.java:148) ~[nacos-client-2.0.4.jar:na]
	at com.alibaba.nacos.common.remote.client.grpc.GrpcClient.connectToServer(GrpcClient.java:264) ~[nacos-client-2.0.4.jar:na]
	at com.alibaba.nacos.common.remote.client.RpcClient.reconnect(RpcClient.java:522) ~[nacos-client-2.0.4.jar:na]
	at com.alibaba.nacos.common.remote.client.RpcClient.lambda$start$2(RpcClient.java:370) ~[nacos-client-2.0.4.jar:na]
	at java.base/java.util.concurrent.Executors$RunnableAdapter.call(Executors.java:515) ~[na:na]
	at java.base/java.util.concurrent.FutureTask.run(FutureTask.java:264) ~[na:na]
	at java.base/java.util.concurrent.ScheduledThreadPoolExecutor$ScheduledFutureTask.run(ScheduledThreadPoolExecutor.java:304) ~[na:na]
	at java.base/java.util.concurrent.ThreadPoolExecutor.runWorker(ThreadPoolExecutor.java:1128) ~[na:na]
	at java.base/java.util.concurrent.ThreadPoolExecutor$Worker.run(ThreadPoolExecutor.java:628) ~[na:na]
	at java.base/java.lang.Thread.run(Thread.java:834) ~[na:na]

17-05-03-599  INFO 3240 --- [com.alibaba.nacos.client.remote.worker] com.alibaba.nacos.common.remote.client   : [a244ca18-c11c-4d0a-90eb-25184f5cc6ca] Fail to connect server, after trying 46 times, last try server is {serverIp = '192.168.10.101', server main port = 8848}, error = unknown
17-05-11-365 ERROR 3240 --- [com.alibaba.nacos.client.remote.worker] c.a.n.c.remote.client.grpc.GrpcClient    : Server check fail, please check server 192.168.10.101 ,port 9848 is available , error ={}

java.util.concurrent.TimeoutException: Waited 3000 milliseconds (plus 48 milliseconds, 697200 nanoseconds delay) for com.alibaba.nacos.shaded.io.grpc.stub.ClientCalls$GrpcFuture@632ab8b1[status=PENDING, info=[GrpcFuture{clientCall={delegate={delegate=ClientCallImpl{method=MethodDescriptor{fullMethodName=Request/request, type=UNARY, idempotent=false, safe=false, sampledToLocalTracing=true, requestMarshaller=com.alibaba.nacos.shaded.io.grpc.protobuf.lite.ProtoLiteUtils$MessageMarshaller@24e11377, responseMarshaller=com.alibaba.nacos.shaded.io.grpc.protobuf.lite.ProtoLiteUtils$MessageMarshaller@424f5fa2, schemaDescriptor=com.alibaba.nacos.api.grpc.auto.RequestGrpc$RequestMethodDescriptorSupplier@56847fbc}}}}}]]
	at com.alibaba.nacos.shaded.com.google.common.util.concurrent.AbstractFuture.get(AbstractFuture.java:508) ~[nacos-client-2.0.4.jar:na]
	at com.alibaba.nacos.common.remote.client.grpc.GrpcClient.serverCheck(GrpcClient.java:148) ~[nacos-client-2.0.4.jar:na]
	at com.alibaba.nacos.common.remote.client.grpc.GrpcClient.connectToServer(GrpcClient.java:264) ~[nacos-client-2.0.4.jar:na]
	at com.alibaba.nacos.common.remote.client.RpcClient.reconnect(RpcClient.java:522) ~[nacos-client-2.0.4.jar:na]
	at com.alibaba.nacos.common.remote.client.RpcClient.lambda$start$2(RpcClient.java:370) ~[nacos-client-2.0.4.jar:na]
	at java.base/java.util.concurrent.Executors$RunnableAdapter.call(Executors.java:515) ~[na:na]
	at java.base/java.util.concurrent.FutureTask.run(FutureTask.java:264) ~[na:na]
	at java.base/java.util.concurrent.ScheduledThreadPoolExecutor$ScheduledFutureTask.run(ScheduledThreadPoolExecutor.java:304) ~[na:na]
	at java.base/java.util.concurrent.ThreadPoolExecutor.runWorker(ThreadPoolExecutor.java:1128) ~[na:na]
	at java.base/java.util.concurrent.ThreadPoolExecutor$Worker.run(ThreadPoolExecutor.java:628) ~[na:na]
	at java.base/java.lang.Thread.run(Thread.java:834) ~[na:na]

17-05-11-366  INFO 3240 --- [com.alibaba.nacos.client.remote.worker] com.alibaba.nacos.common.remote.client   : [a244ca18-c11c-4d0a-90eb-25184f5cc6ca] Fail to connect server, after trying 47 times, last try server is {serverIp = '192.168.10.101', server main port = 8848}, error = unknown
17-05-19-206 ERROR 3240 --- [com.alibaba.nacos.client.remote.worker] c.a.n.c.remote.client.grpc.GrpcClient    : Server check fail, please check server 192.168.10.101 ,port 9848 is available , error ={}

java.util.concurrent.TimeoutException: Waited 3000 milliseconds (plus 5 milliseconds, 404700 nanoseconds delay) for com.alibaba.nacos.shaded.io.grpc.stub.ClientCalls$GrpcFuture@167e635d[status=PENDING, info=[GrpcFuture{clientCall={delegate={delegate=ClientCallImpl{method=MethodDescriptor{fullMethodName=Request/request, type=UNARY, idempotent=false, safe=false, sampledToLocalTracing=true, requestMarshaller=com.alibaba.nacos.shaded.io.grpc.protobuf.lite.ProtoLiteUtils$MessageMarshaller@24e11377, responseMarshaller=com.alibaba.nacos.shaded.io.grpc.protobuf.lite.ProtoLiteUtils$MessageMarshaller@424f5fa2, schemaDescriptor=com.alibaba.nacos.api.grpc.auto.RequestGrpc$RequestMethodDescriptorSupplier@56847fbc}}}}}]]
	at com.alibaba.nacos.shaded.com.google.common.util.concurrent.AbstractFuture.get(AbstractFuture.java:508) ~[nacos-client-2.0.4.jar:na]
	at com.alibaba.nacos.common.remote.client.grpc.GrpcClient.serverCheck(GrpcClient.java:148) ~[nacos-client-2.0.4.jar:na]
	at com.alibaba.nacos.common.remote.client.grpc.GrpcClient.connectToServer(GrpcClient.java:264) ~[nacos-client-2.0.4.jar:na]
	at com.alibaba.nacos.common.remote.client.RpcClient.reconnect(RpcClient.java:522) ~[nacos-client-2.0.4.jar:na]
	at com.alibaba.nacos.common.remote.client.RpcClient.lambda$start$2(RpcClient.java:370) ~[nacos-client-2.0.4.jar:na]
	at java.base/java.util.concurrent.Executors$RunnableAdapter.call(Executors.java:515) ~[na:na]
	at java.base/java.util.concurrent.FutureTask.run(FutureTask.java:264) ~[na:na]
	at java.base/java.util.concurrent.ScheduledThreadPoolExecutor$ScheduledFutureTask.run(ScheduledThreadPoolExecutor.java:304) ~[na:na]
	at java.base/java.util.concurrent.ThreadPoolExecutor.runWorker(ThreadPoolExecutor.java:1128) ~[na:na]
	at java.base/java.util.concurrent.ThreadPoolExecutor$Worker.run(ThreadPoolExecutor.java:628) ~[na:na]
	at java.base/java.lang.Thread.run(Thread.java:834) ~[na:na]

17-05-19-206  INFO 3240 --- [com.alibaba.nacos.client.remote.worker] com.alibaba.nacos.common.remote.client   : [a244ca18-c11c-4d0a-90eb-25184f5cc6ca] Fail to connect server, after trying 48 times, last try server is {serverIp = '192.168.10.101', server main port = 8848}, error = unknown
17-05-22-373 ERROR 3240 --- [com.alibaba.nacos.client.naming.updater.2] com.alibaba.nacos.common.remote.client   : Send request fail, request = ServiceQueryRequest{headers={app=unknown}, requestId='null'}, retryTimes = 0, errorMessage = Client not connected, current status:UNHEALTHY
17-05-22-481 ERROR 3240 --- [com.alibaba.nacos.client.naming.updater.2] com.alibaba.nacos.common.remote.client   : Send request fail, request = ServiceQueryRequest{headers={app=unknown}, requestId='null'}, retryTimes = 1, errorMessage = Client not connected, current status:UNHEALTHY
17-05-22-589 ERROR 3240 --- [com.alibaba.nacos.client.naming.updater.2] com.alibaba.nacos.common.remote.client   : Send request fail, request = ServiceQueryRequest{headers={app=unknown}, requestId='null'}, retryTimes = 2, errorMessage = Client not connected, current status:UNHEALTHY
17-05-27-120 ERROR 3240 --- [com.alibaba.nacos.client.remote.worker] c.a.n.c.remote.client.grpc.GrpcClient    : Server check fail, please check server 192.168.10.101 ,port 9848 is available , error ={}

java.util.concurrent.TimeoutException: Waited 3000 milliseconds (plus 7 milliseconds, 118300 nanoseconds delay) for com.alibaba.nacos.shaded.io.grpc.stub.ClientCalls$GrpcFuture@3d577aa3[status=PENDING, info=[GrpcFuture{clientCall={delegate={delegate=ClientCallImpl{method=MethodDescriptor{fullMethodName=Request/request, type=UNARY, idempotent=false, safe=false, sampledToLocalTracing=true, requestMarshaller=com.alibaba.nacos.shaded.io.grpc.protobuf.lite.ProtoLiteUtils$MessageMarshaller@24e11377, responseMarshaller=com.alibaba.nacos.shaded.io.grpc.protobuf.lite.ProtoLiteUtils$MessageMarshaller@424f5fa2, schemaDescriptor=com.alibaba.nacos.api.grpc.auto.RequestGrpc$RequestMethodDescriptorSupplier@56847fbc}}}}}]]
	at com.alibaba.nacos.shaded.com.google.common.util.concurrent.AbstractFuture.get(AbstractFuture.java:508) ~[nacos-client-2.0.4.jar:na]
	at com.alibaba.nacos.common.remote.client.grpc.GrpcClient.serverCheck(GrpcClient.java:148) ~[nacos-client-2.0.4.jar:na]
	at com.alibaba.nacos.common.remote.client.grpc.GrpcClient.connectToServer(GrpcClient.java:264) ~[nacos-client-2.0.4.jar:na]
	at com.alibaba.nacos.common.remote.client.RpcClient.reconnect(RpcClient.java:522) ~[nacos-client-2.0.4.jar:na]
	at com.alibaba.nacos.common.remote.client.RpcClient.lambda$start$2(RpcClient.java:370) ~[nacos-client-2.0.4.jar:na]
	at java.base/java.util.concurrent.Executors$RunnableAdapter.call(Executors.java:515) ~[na:na]
	at java.base/java.util.concurrent.FutureTask.run(FutureTask.java:264) ~[na:na]
	at java.base/java.util.concurrent.ScheduledThreadPoolExecutor$ScheduledFutureTask.run(ScheduledThreadPoolExecutor.java:304) ~[na:na]
	at java.base/java.util.concurrent.ThreadPoolExecutor.runWorker(ThreadPoolExecutor.java:1128) ~[na:na]
	at java.base/java.util.concurrent.ThreadPoolExecutor$Worker.run(ThreadPoolExecutor.java:628) ~[na:na]
	at java.base/java.lang.Thread.run(Thread.java:834) ~[na:na]

17-05-27-121  INFO 3240 --- [com.alibaba.nacos.client.remote.worker] com.alibaba.nacos.common.remote.client   : [a244ca18-c11c-4d0a-90eb-25184f5cc6ca] Fail to connect server, after trying 49 times, last try server is {serverIp = '192.168.10.101', server main port = 8848}, error = unknown
17-05-35-130 ERROR 3240 --- [com.alibaba.nacos.client.remote.worker] c.a.n.c.remote.client.grpc.GrpcClient    : Server check fail, please check server 192.168.10.101 ,port 9848 is available , error ={}

java.util.concurrent.TimeoutException: Waited 3000 milliseconds (plus 3 milliseconds, 933400 nanoseconds delay) for com.alibaba.nacos.shaded.io.grpc.stub.ClientCalls$GrpcFuture@7c697c22[status=PENDING, info=[GrpcFuture{clientCall={delegate={delegate=ClientCallImpl{method=MethodDescriptor{fullMethodName=Request/request, type=UNARY, idempotent=false, safe=false, sampledToLocalTracing=true, requestMarshaller=com.alibaba.nacos.shaded.io.grpc.protobuf.lite.ProtoLiteUtils$MessageMarshaller@24e11377, responseMarshaller=com.alibaba.nacos.shaded.io.grpc.protobuf.lite.ProtoLiteUtils$MessageMarshaller@424f5fa2, schemaDescriptor=com.alibaba.nacos.api.grpc.auto.RequestGrpc$RequestMethodDescriptorSupplier@56847fbc}}}}}]]
	at com.alibaba.nacos.shaded.com.google.common.util.concurrent.AbstractFuture.get(AbstractFuture.java:508) ~[nacos-client-2.0.4.jar:na]
	at com.alibaba.nacos.common.remote.client.grpc.GrpcClient.serverCheck(GrpcClient.java:148) ~[nacos-client-2.0.4.jar:na]
	at com.alibaba.nacos.common.remote.client.grpc.GrpcClient.connectToServer(GrpcClient.java:264) ~[nacos-client-2.0.4.jar:na]
	at com.alibaba.nacos.common.remote.client.RpcClient.reconnect(RpcClient.java:522) ~[nacos-client-2.0.4.jar:na]
	at com.alibaba.nacos.common.remote.client.RpcClient.lambda$start$2(RpcClient.java:370) ~[nacos-client-2.0.4.jar:na]
	at java.base/java.util.concurrent.Executors$RunnableAdapter.call(Executors.java:515) ~[na:na]
	at java.base/java.util.concurrent.FutureTask.run(FutureTask.java:264) ~[na:na]
	at java.base/java.util.concurrent.ScheduledThreadPoolExecutor$ScheduledFutureTask.run(ScheduledThreadPoolExecutor.java:304) ~[na:na]
	at java.base/java.util.concurrent.ThreadPoolExecutor.runWorker(ThreadPoolExecutor.java:1128) ~[na:na]
	at java.base/java.util.concurrent.ThreadPoolExecutor$Worker.run(ThreadPoolExecutor.java:628) ~[na:na]
	at java.base/java.lang.Thread.run(Thread.java:834) ~[na:na]

17-05-35-131  INFO 3240 --- [com.alibaba.nacos.client.remote.worker] com.alibaba.nacos.common.remote.client   : [a244ca18-c11c-4d0a-90eb-25184f5cc6ca] Fail to connect server, after trying 50 times, last try server is {serverIp = '192.168.10.101', server main port = 8848}, error = unknown
17-05-43-151 ERROR 3240 --- [com.alibaba.nacos.client.remote.worker] c.a.n.c.remote.client.grpc.GrpcClient    : Server check fail, please check server 192.168.10.101 ,port 9848 is available , error ={}

java.util.concurrent.TimeoutException: Waited 3000 milliseconds (plus 4 milliseconds, 153000 nanoseconds delay) for com.alibaba.nacos.shaded.io.grpc.stub.ClientCalls$GrpcFuture@6df6e14e[status=PENDING, info=[GrpcFuture{clientCall={delegate={delegate=ClientCallImpl{method=MethodDescriptor{fullMethodName=Request/request, type=UNARY, idempotent=false, safe=false, sampledToLocalTracing=true, requestMarshaller=com.alibaba.nacos.shaded.io.grpc.protobuf.lite.ProtoLiteUtils$MessageMarshaller@24e11377, responseMarshaller=com.alibaba.nacos.shaded.io.grpc.protobuf.lite.ProtoLiteUtils$MessageMarshaller@424f5fa2, schemaDescriptor=com.alibaba.nacos.api.grpc.auto.RequestGrpc$RequestMethodDescriptorSupplier@56847fbc}}}}}]]
	at com.alibaba.nacos.shaded.com.google.common.util.concurrent.AbstractFuture.get(AbstractFuture.java:508) ~[nacos-client-2.0.4.jar:na]
	at com.alibaba.nacos.common.remote.client.grpc.GrpcClient.serverCheck(GrpcClient.java:148) ~[nacos-client-2.0.4.jar:na]
	at com.alibaba.nacos.common.remote.client.grpc.GrpcClient.connectToServer(GrpcClient.java:264) ~[nacos-client-2.0.4.jar:na]
	at com.alibaba.nacos.common.remote.client.RpcClient.reconnect(RpcClient.java:522) ~[nacos-client-2.0.4.jar:na]
	at com.alibaba.nacos.common.remote.client.RpcClient.lambda$start$2(RpcClient.java:370) ~[nacos-client-2.0.4.jar:na]
	at java.base/java.util.concurrent.Executors$RunnableAdapter.call(Executors.java:515) ~[na:na]
	at java.base/java.util.concurrent.FutureTask.run(FutureTask.java:264) ~[na:na]
	at java.base/java.util.concurrent.ScheduledThreadPoolExecutor$ScheduledFutureTask.run(ScheduledThreadPoolExecutor.java:304) ~[na:na]
	at java.base/java.util.concurrent.ThreadPoolExecutor.runWorker(ThreadPoolExecutor.java:1128) ~[na:na]
	at java.base/java.util.concurrent.ThreadPoolExecutor$Worker.run(ThreadPoolExecutor.java:628) ~[na:na]
	at java.base/java.lang.Thread.run(Thread.java:834) ~[na:na]

17-05-43-152  INFO 3240 --- [com.alibaba.nacos.client.remote.worker] com.alibaba.nacos.common.remote.client   : [a244ca18-c11c-4d0a-90eb-25184f5cc6ca] Fail to connect server, after trying 51 times, last try server is {serverIp = '192.168.10.101', server main port = 8848}, error = unknown
17-05-51-168 ERROR 3240 --- [com.alibaba.nacos.client.remote.worker] c.a.n.c.remote.client.grpc.GrpcClient    : Server check fail, please check server 192.168.10.101 ,port 9848 is available , error ={}

java.util.concurrent.TimeoutException: Waited 3000 milliseconds (plus 14 milliseconds, 921500 nanoseconds delay) for com.alibaba.nacos.shaded.io.grpc.stub.ClientCalls$GrpcFuture@6df211b7[status=PENDING, info=[GrpcFuture{clientCall={delegate={delegate=ClientCallImpl{method=MethodDescriptor{fullMethodName=Request/request, type=UNARY, idempotent=false, safe=false, sampledToLocalTracing=true, requestMarshaller=com.alibaba.nacos.shaded.io.grpc.protobuf.lite.ProtoLiteUtils$MessageMarshaller@24e11377, responseMarshaller=com.alibaba.nacos.shaded.io.grpc.protobuf.lite.ProtoLiteUtils$MessageMarshaller@424f5fa2, schemaDescriptor=com.alibaba.nacos.api.grpc.auto.RequestGrpc$RequestMethodDescriptorSupplier@56847fbc}}}}}]]
	at com.alibaba.nacos.shaded.com.google.common.util.concurrent.AbstractFuture.get(AbstractFuture.java:508) ~[nacos-client-2.0.4.jar:na]
	at com.alibaba.nacos.common.remote.client.grpc.GrpcClient.serverCheck(GrpcClient.java:148) ~[nacos-client-2.0.4.jar:na]
	at com.alibaba.nacos.common.remote.client.grpc.GrpcClient.connectToServer(GrpcClient.java:264) ~[nacos-client-2.0.4.jar:na]
	at com.alibaba.nacos.common.remote.client.RpcClient.reconnect(RpcClient.java:522) ~[nacos-client-2.0.4.jar:na]
	at com.alibaba.nacos.common.remote.client.RpcClient.lambda$start$2(RpcClient.java:370) ~[nacos-client-2.0.4.jar:na]
	at java.base/java.util.concurrent.Executors$RunnableAdapter.call(Executors.java:515) ~[na:na]
	at java.base/java.util.concurrent.FutureTask.run(FutureTask.java:264) ~[na:na]
	at java.base/java.util.concurrent.ScheduledThreadPoolExecutor$ScheduledFutureTask.run(ScheduledThreadPoolExecutor.java:304) ~[na:na]
	at java.base/java.util.concurrent.ThreadPoolExecutor.runWorker(ThreadPoolExecutor.java:1128) ~[na:na]
	at java.base/java.util.concurrent.ThreadPoolExecutor$Worker.run(ThreadPoolExecutor.java:628) ~[na:na]
	at java.base/java.lang.Thread.run(Thread.java:834) ~[na:na]

17-05-51-169  INFO 3240 --- [com.alibaba.nacos.client.remote.worker] com.alibaba.nacos.common.remote.client   : [a244ca18-c11c-4d0a-90eb-25184f5cc6ca] Fail to connect server, after trying 52 times, last try server is {serverIp = '192.168.10.101', server main port = 8848}, error = unknown
17-05-59-189 ERROR 3240 --- [com.alibaba.nacos.client.remote.worker] c.a.n.c.remote.client.grpc.GrpcClient    : Server check fail, please check server 192.168.10.101 ,port 9848 is available , error ={}

java.util.concurrent.TimeoutException: Waited 3000 milliseconds (plus 11 milliseconds, 259900 nanoseconds delay) for com.alibaba.nacos.shaded.io.grpc.stub.ClientCalls$GrpcFuture@4c7ec43b[status=PENDING, info=[GrpcFuture{clientCall={delegate={delegate=ClientCallImpl{method=MethodDescriptor{fullMethodName=Request/request, type=UNARY, idempotent=false, safe=false, sampledToLocalTracing=true, requestMarshaller=com.alibaba.nacos.shaded.io.grpc.protobuf.lite.ProtoLiteUtils$MessageMarshaller@24e11377, responseMarshaller=com.alibaba.nacos.shaded.io.grpc.protobuf.lite.ProtoLiteUtils$MessageMarshaller@424f5fa2, schemaDescriptor=com.alibaba.nacos.api.grpc.auto.RequestGrpc$RequestMethodDescriptorSupplier@56847fbc}}}}}]]
	at com.alibaba.nacos.shaded.com.google.common.util.concurrent.AbstractFuture.get(AbstractFuture.java:508) ~[nacos-client-2.0.4.jar:na]
	at com.alibaba.nacos.common.remote.client.grpc.GrpcClient.serverCheck(GrpcClient.java:148) ~[nacos-client-2.0.4.jar:na]
	at com.alibaba.nacos.common.remote.client.grpc.GrpcClient.connectToServer(GrpcClient.java:264) ~[nacos-client-2.0.4.jar:na]
	at com.alibaba.nacos.common.remote.client.RpcClient.reconnect(RpcClient.java:522) ~[nacos-client-2.0.4.jar:na]
	at com.alibaba.nacos.common.remote.client.RpcClient.lambda$start$2(RpcClient.java:370) ~[nacos-client-2.0.4.jar:na]
	at java.base/java.util.concurrent.Executors$RunnableAdapter.call(Executors.java:515) ~[na:na]
	at java.base/java.util.concurrent.FutureTask.run(FutureTask.java:264) ~[na:na]
	at java.base/java.util.concurrent.ScheduledThreadPoolExecutor$ScheduledFutureTask.run(ScheduledThreadPoolExecutor.java:304) ~[na:na]
	at java.base/java.util.concurrent.ThreadPoolExecutor.runWorker(ThreadPoolExecutor.java:1128) ~[na:na]
	at java.base/java.util.concurrent.ThreadPoolExecutor$Worker.run(ThreadPoolExecutor.java:628) ~[na:na]
	at java.base/java.lang.Thread.run(Thread.java:834) ~[na:na]

17-05-59-190  INFO 3240 --- [com.alibaba.nacos.client.remote.worker] com.alibaba.nacos.common.remote.client   : [a244ca18-c11c-4d0a-90eb-25184f5cc6ca] Fail to connect server, after trying 53 times, last try server is {serverIp = '192.168.10.101', server main port = 8848}, error = unknown
17-06-07-211 ERROR 3240 --- [com.alibaba.nacos.client.remote.worker] c.a.n.c.remote.client.grpc.GrpcClient    : Server check fail, please check server 192.168.10.101 ,port 9848 is available , error ={}

java.util.concurrent.TimeoutException: Waited 3000 milliseconds (plus 15 milliseconds, 532900 nanoseconds delay) for com.alibaba.nacos.shaded.io.grpc.stub.ClientCalls$GrpcFuture@23ec17ae[status=PENDING, info=[GrpcFuture{clientCall={delegate={delegate=ClientCallImpl{method=MethodDescriptor{fullMethodName=Request/request, type=UNARY, idempotent=false, safe=false, sampledToLocalTracing=true, requestMarshaller=com.alibaba.nacos.shaded.io.grpc.protobuf.lite.ProtoLiteUtils$MessageMarshaller@24e11377, responseMarshaller=com.alibaba.nacos.shaded.io.grpc.protobuf.lite.ProtoLiteUtils$MessageMarshaller@424f5fa2, schemaDescriptor=com.alibaba.nacos.api.grpc.auto.RequestGrpc$RequestMethodDescriptorSupplier@56847fbc}}}}}]]
	at com.alibaba.nacos.shaded.com.google.common.util.concurrent.AbstractFuture.get(AbstractFuture.java:508) ~[nacos-client-2.0.4.jar:na]
	at com.alibaba.nacos.common.remote.client.grpc.GrpcClient.serverCheck(GrpcClient.java:148) ~[nacos-client-2.0.4.jar:na]
	at com.alibaba.nacos.common.remote.client.grpc.GrpcClient.connectToServer(GrpcClient.java:264) ~[nacos-client-2.0.4.jar:na]
	at com.alibaba.nacos.common.remote.client.RpcClient.reconnect(RpcClient.java:522) ~[nacos-client-2.0.4.jar:na]
	at com.alibaba.nacos.common.remote.client.RpcClient.lambda$start$2(RpcClient.java:370) ~[nacos-client-2.0.4.jar:na]
	at java.base/java.util.concurrent.Executors$RunnableAdapter.call(Executors.java:515) ~[na:na]
	at java.base/java.util.concurrent.FutureTask.run(FutureTask.java:264) ~[na:na]
	at java.base/java.util.concurrent.ScheduledThreadPoolExecutor$ScheduledFutureTask.run(ScheduledThreadPoolExecutor.java:304) ~[na:na]
	at java.base/java.util.concurrent.ThreadPoolExecutor.runWorker(ThreadPoolExecutor.java:1128) ~[na:na]
	at java.base/java.util.concurrent.ThreadPoolExecutor$Worker.run(ThreadPoolExecutor.java:628) ~[na:na]
	at java.base/java.lang.Thread.run(Thread.java:834) ~[na:na]

17-06-07-213  INFO 3240 --- [com.alibaba.nacos.client.remote.worker] com.alibaba.nacos.common.remote.client   : [a244ca18-c11c-4d0a-90eb-25184f5cc6ca] Fail to connect server, after trying 54 times, last try server is {serverIp = '192.168.10.101', server main port = 8848}, error = unknown
17-06-15-221 ERROR 3240 --- [com.alibaba.nacos.client.remote.worker] c.a.n.c.remote.client.grpc.GrpcClient    : Server check fail, please check server 192.168.10.101 ,port 9848 is available , error ={}

java.util.concurrent.TimeoutException: Waited 3000 milliseconds (plus 5 milliseconds, 928800 nanoseconds delay) for com.alibaba.nacos.shaded.io.grpc.stub.ClientCalls$GrpcFuture@5f70e808[status=PENDING, info=[GrpcFuture{clientCall={delegate={delegate=ClientCallImpl{method=MethodDescriptor{fullMethodName=Request/request, type=UNARY, idempotent=false, safe=false, sampledToLocalTracing=true, requestMarshaller=com.alibaba.nacos.shaded.io.grpc.protobuf.lite.ProtoLiteUtils$MessageMarshaller@24e11377, responseMarshaller=com.alibaba.nacos.shaded.io.grpc.protobuf.lite.ProtoLiteUtils$MessageMarshaller@424f5fa2, schemaDescriptor=com.alibaba.nacos.api.grpc.auto.RequestGrpc$RequestMethodDescriptorSupplier@56847fbc}}}}}]]
	at com.alibaba.nacos.shaded.com.google.common.util.concurrent.AbstractFuture.get(AbstractFuture.java:508) ~[nacos-client-2.0.4.jar:na]
	at com.alibaba.nacos.common.remote.client.grpc.GrpcClient.serverCheck(GrpcClient.java:148) ~[nacos-client-2.0.4.jar:na]
	at com.alibaba.nacos.common.remote.client.grpc.GrpcClient.connectToServer(GrpcClient.java:264) ~[nacos-client-2.0.4.jar:na]
	at com.alibaba.nacos.common.remote.client.RpcClient.reconnect(RpcClient.java:522) ~[nacos-client-2.0.4.jar:na]
	at com.alibaba.nacos.common.remote.client.RpcClient.lambda$start$2(RpcClient.java:370) ~[nacos-client-2.0.4.jar:na]
	at java.base/java.util.concurrent.Executors$RunnableAdapter.call(Executors.java:515) ~[na:na]
	at java.base/java.util.concurrent.FutureTask.run(FutureTask.java:264) ~[na:na]
	at java.base/java.util.concurrent.ScheduledThreadPoolExecutor$ScheduledFutureTask.run(ScheduledThreadPoolExecutor.java:304) ~[na:na]
	at java.base/java.util.concurrent.ThreadPoolExecutor.runWorker(ThreadPoolExecutor.java:1128) ~[na:na]
	at java.base/java.util.concurrent.ThreadPoolExecutor$Worker.run(ThreadPoolExecutor.java:628) ~[na:na]
	at java.base/java.lang.Thread.run(Thread.java:834) ~[na:na]

17-06-15-222  INFO 3240 --- [com.alibaba.nacos.client.remote.worker] com.alibaba.nacos.common.remote.client   : [a244ca18-c11c-4d0a-90eb-25184f5cc6ca] Fail to connect server, after trying 55 times, last try server is {serverIp = '192.168.10.101', server main port = 8848}, error = unknown
17-06-22-704 ERROR 3240 --- [com.alibaba.nacos.client.naming.updater.2] com.alibaba.nacos.common.remote.client   : Send request fail, request = ServiceQueryRequest{headers={app=unknown}, requestId='null'}, retryTimes = 0, errorMessage = Client not connected, current status:UNHEALTHY
17-06-22-812 ERROR 3240 --- [com.alibaba.nacos.client.naming.updater.2] com.alibaba.nacos.common.remote.client   : Send request fail, request = ServiceQueryRequest{headers={app=unknown}, requestId='null'}, retryTimes = 1, errorMessage = Client not connected, current status:UNHEALTHY
17-06-22-919 ERROR 3240 --- [com.alibaba.nacos.client.naming.updater.2] com.alibaba.nacos.common.remote.client   : Send request fail, request = ServiceQueryRequest{headers={app=unknown}, requestId='null'}, retryTimes = 2, errorMessage = Client not connected, current status:UNHEALTHY
17-06-23-243 ERROR 3240 --- [com.alibaba.nacos.client.remote.worker] c.a.n.c.remote.client.grpc.GrpcClient    : Server check fail, please check server 192.168.10.101 ,port 9848 is available , error ={}

java.util.concurrent.TimeoutException: Waited 3000 milliseconds (plus 3 milliseconds, 329600 nanoseconds delay) for com.alibaba.nacos.shaded.io.grpc.stub.ClientCalls$GrpcFuture@2dd6b44d[status=PENDING, info=[GrpcFuture{clientCall={delegate={delegate=ClientCallImpl{method=MethodDescriptor{fullMethodName=Request/request, type=UNARY, idempotent=false, safe=false, sampledToLocalTracing=true, requestMarshaller=com.alibaba.nacos.shaded.io.grpc.protobuf.lite.ProtoLiteUtils$MessageMarshaller@24e11377, responseMarshaller=com.alibaba.nacos.shaded.io.grpc.protobuf.lite.ProtoLiteUtils$MessageMarshaller@424f5fa2, schemaDescriptor=com.alibaba.nacos.api.grpc.auto.RequestGrpc$RequestMethodDescriptorSupplier@56847fbc}}}}}]]
	at com.alibaba.nacos.shaded.com.google.common.util.concurrent.AbstractFuture.get(AbstractFuture.java:508) ~[nacos-client-2.0.4.jar:na]
	at com.alibaba.nacos.common.remote.client.grpc.GrpcClient.serverCheck(GrpcClient.java:148) ~[nacos-client-2.0.4.jar:na]
	at com.alibaba.nacos.common.remote.client.grpc.GrpcClient.connectToServer(GrpcClient.java:264) ~[nacos-client-2.0.4.jar:na]
	at com.alibaba.nacos.common.remote.client.RpcClient.reconnect(RpcClient.java:522) ~[nacos-client-2.0.4.jar:na]
	at com.alibaba.nacos.common.remote.client.RpcClient.lambda$start$2(RpcClient.java:370) ~[nacos-client-2.0.4.jar:na]
	at java.base/java.util.concurrent.Executors$RunnableAdapter.call(Executors.java:515) ~[na:na]
	at java.base/java.util.concurrent.FutureTask.run(FutureTask.java:264) ~[na:na]
	at java.base/java.util.concurrent.ScheduledThreadPoolExecutor$ScheduledFutureTask.run(ScheduledThreadPoolExecutor.java:304) ~[na:na]
	at java.base/java.util.concurrent.ThreadPoolExecutor.runWorker(ThreadPoolExecutor.java:1128) ~[na:na]
	at java.base/java.util.concurrent.ThreadPoolExecutor$Worker.run(ThreadPoolExecutor.java:628) ~[na:na]
	at java.base/java.lang.Thread.run(Thread.java:834) ~[na:na]

17-06-23-244  INFO 3240 --- [com.alibaba.nacos.client.remote.worker] com.alibaba.nacos.common.remote.client   : [a244ca18-c11c-4d0a-90eb-25184f5cc6ca] Fail to connect server, after trying 56 times, last try server is {serverIp = '192.168.10.101', server main port = 8848}, error = unknown
17-06-31-260 ERROR 3240 --- [com.alibaba.nacos.client.remote.worker] c.a.n.c.remote.client.grpc.GrpcClient    : Server check fail, please check server 192.168.10.101 ,port 9848 is available , error ={}

java.util.concurrent.TimeoutException: Waited 3000 milliseconds (plus 852300 nanoseconds delay) for com.alibaba.nacos.shaded.io.grpc.stub.ClientCalls$GrpcFuture@125ad075[status=PENDING, info=[GrpcFuture{clientCall={delegate={delegate=ClientCallImpl{method=MethodDescriptor{fullMethodName=Request/request, type=UNARY, idempotent=false, safe=false, sampledToLocalTracing=true, requestMarshaller=com.alibaba.nacos.shaded.io.grpc.protobuf.lite.ProtoLiteUtils$MessageMarshaller@24e11377, responseMarshaller=com.alibaba.nacos.shaded.io.grpc.protobuf.lite.ProtoLiteUtils$MessageMarshaller@424f5fa2, schemaDescriptor=com.alibaba.nacos.api.grpc.auto.RequestGrpc$RequestMethodDescriptorSupplier@56847fbc}}}}}]]
	at com.alibaba.nacos.shaded.com.google.common.util.concurrent.AbstractFuture.get(AbstractFuture.java:508) ~[nacos-client-2.0.4.jar:na]
	at com.alibaba.nacos.common.remote.client.grpc.GrpcClient.serverCheck(GrpcClient.java:148) ~[nacos-client-2.0.4.jar:na]
	at com.alibaba.nacos.common.remote.client.grpc.GrpcClient.connectToServer(GrpcClient.java:264) ~[nacos-client-2.0.4.jar:na]
	at com.alibaba.nacos.common.remote.client.RpcClient.reconnect(RpcClient.java:522) ~[nacos-client-2.0.4.jar:na]
	at com.alibaba.nacos.common.remote.client.RpcClient.lambda$start$2(RpcClient.java:370) ~[nacos-client-2.0.4.jar:na]
	at java.base/java.util.concurrent.Executors$RunnableAdapter.call(Executors.java:515) ~[na:na]
	at java.base/java.util.concurrent.FutureTask.run(FutureTask.java:264) ~[na:na]
	at java.base/java.util.concurrent.ScheduledThreadPoolExecutor$ScheduledFutureTask.run(ScheduledThreadPoolExecutor.java:304) ~[na:na]
	at java.base/java.util.concurrent.ThreadPoolExecutor.runWorker(ThreadPoolExecutor.java:1128) ~[na:na]
	at java.base/java.util.concurrent.ThreadPoolExecutor$Worker.run(ThreadPoolExecutor.java:628) ~[na:na]
	at java.base/java.lang.Thread.run(Thread.java:834) ~[na:na]

17-06-31-261  INFO 3240 --- [com.alibaba.nacos.client.remote.worker] com.alibaba.nacos.common.remote.client   : [a244ca18-c11c-4d0a-90eb-25184f5cc6ca] Fail to connect server, after trying 57 times, last try server is {serverIp = '192.168.10.101', server main port = 8848}, error = unknown
17-06-39-278 ERROR 3240 --- [com.alibaba.nacos.client.remote.worker] c.a.n.c.remote.client.grpc.GrpcClient    : Server check fail, please check server 192.168.10.101 ,port 9848 is available , error ={}

java.util.concurrent.TimeoutException: Waited 3000 milliseconds (plus 14 milliseconds, 762700 nanoseconds delay) for com.alibaba.nacos.shaded.io.grpc.stub.ClientCalls$GrpcFuture@793359b4[status=PENDING, info=[GrpcFuture{clientCall={delegate={delegate=ClientCallImpl{method=MethodDescriptor{fullMethodName=Request/request, type=UNARY, idempotent=false, safe=false, sampledToLocalTracing=true, requestMarshaller=com.alibaba.nacos.shaded.io.grpc.protobuf.lite.ProtoLiteUtils$MessageMarshaller@24e11377, responseMarshaller=com.alibaba.nacos.shaded.io.grpc.protobuf.lite.ProtoLiteUtils$MessageMarshaller@424f5fa2, schemaDescriptor=com.alibaba.nacos.api.grpc.auto.RequestGrpc$RequestMethodDescriptorSupplier@56847fbc}}}}}]]
	at com.alibaba.nacos.shaded.com.google.common.util.concurrent.AbstractFuture.get(AbstractFuture.java:508) ~[nacos-client-2.0.4.jar:na]
	at com.alibaba.nacos.common.remote.client.grpc.GrpcClient.serverCheck(GrpcClient.java:148) ~[nacos-client-2.0.4.jar:na]
	at com.alibaba.nacos.common.remote.client.grpc.GrpcClient.connectToServer(GrpcClient.java:264) ~[nacos-client-2.0.4.jar:na]
	at com.alibaba.nacos.common.remote.client.RpcClient.reconnect(RpcClient.java:522) ~[nacos-client-2.0.4.jar:na]
	at com.alibaba.nacos.common.remote.client.RpcClient.lambda$start$2(RpcClient.java:370) ~[nacos-client-2.0.4.jar:na]
	at java.base/java.util.concurrent.Executors$RunnableAdapter.call(Executors.java:515) ~[na:na]
	at java.base/java.util.concurrent.FutureTask.run(FutureTask.java:264) ~[na:na]
	at java.base/java.util.concurrent.ScheduledThreadPoolExecutor$ScheduledFutureTask.run(ScheduledThreadPoolExecutor.java:304) ~[na:na]
	at java.base/java.util.concurrent.ThreadPoolExecutor.runWorker(ThreadPoolExecutor.java:1128) ~[na:na]
	at java.base/java.util.concurrent.ThreadPoolExecutor$Worker.run(ThreadPoolExecutor.java:628) ~[na:na]
	at java.base/java.lang.Thread.run(Thread.java:834) ~[na:na]

17-06-39-279  INFO 3240 --- [com.alibaba.nacos.client.remote.worker] com.alibaba.nacos.common.remote.client   : [a244ca18-c11c-4d0a-90eb-25184f5cc6ca] Fail to connect server, after trying 58 times, last try server is {serverIp = '192.168.10.101', server main port = 8848}, error = unknown
17-06-47-287 ERROR 3240 --- [com.alibaba.nacos.client.remote.worker] c.a.n.c.remote.client.grpc.GrpcClient    : Server check fail, please check server 192.168.10.101 ,port 9848 is available , error ={}

java.util.concurrent.TimeoutException: Waited 3000 milliseconds (plus 3 milliseconds, 836900 nanoseconds delay) for com.alibaba.nacos.shaded.io.grpc.stub.ClientCalls$GrpcFuture@5654f27[status=PENDING, info=[GrpcFuture{clientCall={delegate={delegate=ClientCallImpl{method=MethodDescriptor{fullMethodName=Request/request, type=UNARY, idempotent=false, safe=false, sampledToLocalTracing=true, requestMarshaller=com.alibaba.nacos.shaded.io.grpc.protobuf.lite.ProtoLiteUtils$MessageMarshaller@24e11377, responseMarshaller=com.alibaba.nacos.shaded.io.grpc.protobuf.lite.ProtoLiteUtils$MessageMarshaller@424f5fa2, schemaDescriptor=com.alibaba.nacos.api.grpc.auto.RequestGrpc$RequestMethodDescriptorSupplier@56847fbc}}}}}]]
	at com.alibaba.nacos.shaded.com.google.common.util.concurrent.AbstractFuture.get(AbstractFuture.java:508) ~[nacos-client-2.0.4.jar:na]
	at com.alibaba.nacos.common.remote.client.grpc.GrpcClient.serverCheck(GrpcClient.java:148) ~[nacos-client-2.0.4.jar:na]
	at com.alibaba.nacos.common.remote.client.grpc.GrpcClient.connectToServer(GrpcClient.java:264) ~[nacos-client-2.0.4.jar:na]
	at com.alibaba.nacos.common.remote.client.RpcClient.reconnect(RpcClient.java:522) ~[nacos-client-2.0.4.jar:na]
	at com.alibaba.nacos.common.remote.client.RpcClient.lambda$start$2(RpcClient.java:370) ~[nacos-client-2.0.4.jar:na]
	at java.base/java.util.concurrent.Executors$RunnableAdapter.call(Executors.java:515) ~[na:na]
	at java.base/java.util.concurrent.FutureTask.run(FutureTask.java:264) ~[na:na]
	at java.base/java.util.concurrent.ScheduledThreadPoolExecutor$ScheduledFutureTask.run(ScheduledThreadPoolExecutor.java:304) ~[na:na]
	at java.base/java.util.concurrent.ThreadPoolExecutor.runWorker(ThreadPoolExecutor.java:1128) ~[na:na]
	at java.base/java.util.concurrent.ThreadPoolExecutor$Worker.run(ThreadPoolExecutor.java:628) ~[na:na]
	at java.base/java.lang.Thread.run(Thread.java:834) ~[na:na]

17-06-47-288  INFO 3240 --- [com.alibaba.nacos.client.remote.worker] com.alibaba.nacos.common.remote.client   : [a244ca18-c11c-4d0a-90eb-25184f5cc6ca] Fail to connect server, after trying 59 times, last try server is {serverIp = '192.168.10.101', server main port = 8848}, error = unknown
17-06-55-316 ERROR 3240 --- [com.alibaba.nacos.client.remote.worker] c.a.n.c.remote.client.grpc.GrpcClient    : Server check fail, please check server 192.168.10.101 ,port 9848 is available , error ={}

java.util.concurrent.TimeoutException: Waited 3000 milliseconds (plus 13 milliseconds, 377400 nanoseconds delay) for com.alibaba.nacos.shaded.io.grpc.stub.ClientCalls$GrpcFuture@c49c03c[status=PENDING, info=[GrpcFuture{clientCall={delegate={delegate=ClientCallImpl{method=MethodDescriptor{fullMethodName=Request/request, type=UNARY, idempotent=false, safe=false, sampledToLocalTracing=true, requestMarshaller=com.alibaba.nacos.shaded.io.grpc.protobuf.lite.ProtoLiteUtils$MessageMarshaller@24e11377, responseMarshaller=com.alibaba.nacos.shaded.io.grpc.protobuf.lite.ProtoLiteUtils$MessageMarshaller@424f5fa2, schemaDescriptor=com.alibaba.nacos.api.grpc.auto.RequestGrpc$RequestMethodDescriptorSupplier@56847fbc}}}}}]]
	at com.alibaba.nacos.shaded.com.google.common.util.concurrent.AbstractFuture.get(AbstractFuture.java:508) ~[nacos-client-2.0.4.jar:na]
	at com.alibaba.nacos.common.remote.client.grpc.GrpcClient.serverCheck(GrpcClient.java:148) ~[nacos-client-2.0.4.jar:na]
	at com.alibaba.nacos.common.remote.client.grpc.GrpcClient.connectToServer(GrpcClient.java:264) ~[nacos-client-2.0.4.jar:na]
	at com.alibaba.nacos.common.remote.client.RpcClient.reconnect(RpcClient.java:522) ~[nacos-client-2.0.4.jar:na]
	at com.alibaba.nacos.common.remote.client.RpcClient.lambda$start$2(RpcClient.java:370) ~[nacos-client-2.0.4.jar:na]
	at java.base/java.util.concurrent.Executors$RunnableAdapter.call(Executors.java:515) ~[na:na]
	at java.base/java.util.concurrent.FutureTask.run(FutureTask.java:264) ~[na:na]
	at java.base/java.util.concurrent.ScheduledThreadPoolExecutor$ScheduledFutureTask.run(ScheduledThreadPoolExecutor.java:304) ~[na:na]
	at java.base/java.util.concurrent.ThreadPoolExecutor.runWorker(ThreadPoolExecutor.java:1128) ~[na:na]
	at java.base/java.util.concurrent.ThreadPoolExecutor$Worker.run(ThreadPoolExecutor.java:628) ~[na:na]
	at java.base/java.lang.Thread.run(Thread.java:834) ~[na:na]

17-06-55-317  INFO 3240 --- [com.alibaba.nacos.client.remote.worker] com.alibaba.nacos.common.remote.client   : [a244ca18-c11c-4d0a-90eb-25184f5cc6ca] Fail to connect server, after trying 60 times, last try server is {serverIp = '192.168.10.101', server main port = 8848}, error = unknown
17-07-03-335 ERROR 3240 --- [com.alibaba.nacos.client.remote.worker] c.a.n.c.remote.client.grpc.GrpcClient    : Server check fail, please check server 192.168.10.101 ,port 9848 is available , error ={}

java.util.concurrent.TimeoutException: Waited 3000 milliseconds (plus 2 milliseconds, 98700 nanoseconds delay) for com.alibaba.nacos.shaded.io.grpc.stub.ClientCalls$GrpcFuture@7caa985d[status=PENDING, info=[GrpcFuture{clientCall={delegate={delegate=ClientCallImpl{method=MethodDescriptor{fullMethodName=Request/request, type=UNARY, idempotent=false, safe=false, sampledToLocalTracing=true, requestMarshaller=com.alibaba.nacos.shaded.io.grpc.protobuf.lite.ProtoLiteUtils$MessageMarshaller@24e11377, responseMarshaller=com.alibaba.nacos.shaded.io.grpc.protobuf.lite.ProtoLiteUtils$MessageMarshaller@424f5fa2, schemaDescriptor=com.alibaba.nacos.api.grpc.auto.RequestGrpc$RequestMethodDescriptorSupplier@56847fbc}}}}}]]
	at com.alibaba.nacos.shaded.com.google.common.util.concurrent.AbstractFuture.get(AbstractFuture.java:508) ~[nacos-client-2.0.4.jar:na]
	at com.alibaba.nacos.common.remote.client.grpc.GrpcClient.serverCheck(GrpcClient.java:148) ~[nacos-client-2.0.4.jar:na]
	at com.alibaba.nacos.common.remote.client.grpc.GrpcClient.connectToServer(GrpcClient.java:264) ~[nacos-client-2.0.4.jar:na]
	at com.alibaba.nacos.common.remote.client.RpcClient.reconnect(RpcClient.java:522) ~[nacos-client-2.0.4.jar:na]
	at com.alibaba.nacos.common.remote.client.RpcClient.lambda$start$2(RpcClient.java:370) ~[nacos-client-2.0.4.jar:na]
	at java.base/java.util.concurrent.Executors$RunnableAdapter.call(Executors.java:515) ~[na:na]
	at java.base/java.util.concurrent.FutureTask.run(FutureTask.java:264) ~[na:na]
	at java.base/java.util.concurrent.ScheduledThreadPoolExecutor$ScheduledFutureTask.run(ScheduledThreadPoolExecutor.java:304) ~[na:na]
	at java.base/java.util.concurrent.ThreadPoolExecutor.runWorker(ThreadPoolExecutor.java:1128) ~[na:na]
	at java.base/java.util.concurrent.ThreadPoolExecutor$Worker.run(ThreadPoolExecutor.java:628) ~[na:na]
	at java.base/java.lang.Thread.run(Thread.java:834) ~[na:na]

17-07-03-336  INFO 3240 --- [com.alibaba.nacos.client.remote.worker] com.alibaba.nacos.common.remote.client   : [a244ca18-c11c-4d0a-90eb-25184f5cc6ca] Fail to connect server, after trying 61 times, last try server is {serverIp = '192.168.10.101', server main port = 8848}, error = unknown
17-07-11-349 ERROR 3240 --- [com.alibaba.nacos.client.remote.worker] c.a.n.c.remote.client.grpc.GrpcClient    : Server check fail, please check server 192.168.10.101 ,port 9848 is available , error ={}

java.util.concurrent.TimeoutException: Waited 3000 milliseconds (plus 686100 nanoseconds delay) for com.alibaba.nacos.shaded.io.grpc.stub.ClientCalls$GrpcFuture@20eafcc7[status=PENDING, info=[GrpcFuture{clientCall={delegate={delegate=ClientCallImpl{method=MethodDescriptor{fullMethodName=Request/request, type=UNARY, idempotent=false, safe=false, sampledToLocalTracing=true, requestMarshaller=com.alibaba.nacos.shaded.io.grpc.protobuf.lite.ProtoLiteUtils$MessageMarshaller@24e11377, responseMarshaller=com.alibaba.nacos.shaded.io.grpc.protobuf.lite.ProtoLiteUtils$MessageMarshaller@424f5fa2, schemaDescriptor=com.alibaba.nacos.api.grpc.auto.RequestGrpc$RequestMethodDescriptorSupplier@56847fbc}}}}}]]
	at com.alibaba.nacos.shaded.com.google.common.util.concurrent.AbstractFuture.get(AbstractFuture.java:508) ~[nacos-client-2.0.4.jar:na]
	at com.alibaba.nacos.common.remote.client.grpc.GrpcClient.serverCheck(GrpcClient.java:148) ~[nacos-client-2.0.4.jar:na]
	at com.alibaba.nacos.common.remote.client.grpc.GrpcClient.connectToServer(GrpcClient.java:264) ~[nacos-client-2.0.4.jar:na]
	at com.alibaba.nacos.common.remote.client.RpcClient.reconnect(RpcClient.java:522) ~[nacos-client-2.0.4.jar:na]
	at com.alibaba.nacos.common.remote.client.RpcClient.lambda$start$2(RpcClient.java:370) ~[nacos-client-2.0.4.jar:na]
	at java.base/java.util.concurrent.Executors$RunnableAdapter.call(Executors.java:515) ~[na:na]
	at java.base/java.util.concurrent.FutureTask.run(FutureTask.java:264) ~[na:na]
	at java.base/java.util.concurrent.ScheduledThreadPoolExecutor$ScheduledFutureTask.run(ScheduledThreadPoolExecutor.java:304) ~[na:na]
	at java.base/java.util.concurrent.ThreadPoolExecutor.runWorker(ThreadPoolExecutor.java:1128) ~[na:na]
	at java.base/java.util.concurrent.ThreadPoolExecutor$Worker.run(ThreadPoolExecutor.java:628) ~[na:na]
	at java.base/java.lang.Thread.run(Thread.java:834) ~[na:na]

17-07-11-351  INFO 3240 --- [com.alibaba.nacos.client.remote.worker] com.alibaba.nacos.common.remote.client   : [a244ca18-c11c-4d0a-90eb-25184f5cc6ca] Fail to connect server, after trying 62 times, last try server is {serverIp = '192.168.10.101', server main port = 8848}, error = unknown
17-07-19-368 ERROR 3240 --- [com.alibaba.nacos.client.remote.worker] c.a.n.c.remote.client.grpc.GrpcClient    : Server check fail, please check server 192.168.10.101 ,port 9848 is available , error ={}

java.util.concurrent.TimeoutException: Waited 3000 milliseconds (plus 15 milliseconds, 3900 nanoseconds delay) for com.alibaba.nacos.shaded.io.grpc.stub.ClientCalls$GrpcFuture@12ec41aa[status=PENDING, info=[GrpcFuture{clientCall={delegate={delegate=ClientCallImpl{method=MethodDescriptor{fullMethodName=Request/request, type=UNARY, idempotent=false, safe=false, sampledToLocalTracing=true, requestMarshaller=com.alibaba.nacos.shaded.io.grpc.protobuf.lite.ProtoLiteUtils$MessageMarshaller@24e11377, responseMarshaller=com.alibaba.nacos.shaded.io.grpc.protobuf.lite.ProtoLiteUtils$MessageMarshaller@424f5fa2, schemaDescriptor=com.alibaba.nacos.api.grpc.auto.RequestGrpc$RequestMethodDescriptorSupplier@56847fbc}}}}}]]
	at com.alibaba.nacos.shaded.com.google.common.util.concurrent.AbstractFuture.get(AbstractFuture.java:508) ~[nacos-client-2.0.4.jar:na]
	at com.alibaba.nacos.common.remote.client.grpc.GrpcClient.serverCheck(GrpcClient.java:148) ~[nacos-client-2.0.4.jar:na]
	at com.alibaba.nacos.common.remote.client.grpc.GrpcClient.connectToServer(GrpcClient.java:264) ~[nacos-client-2.0.4.jar:na]
	at com.alibaba.nacos.common.remote.client.RpcClient.reconnect(RpcClient.java:522) ~[nacos-client-2.0.4.jar:na]
	at com.alibaba.nacos.common.remote.client.RpcClient.lambda$start$2(RpcClient.java:370) ~[nacos-client-2.0.4.jar:na]
	at java.base/java.util.concurrent.Executors$RunnableAdapter.call(Executors.java:515) ~[na:na]
	at java.base/java.util.concurrent.FutureTask.run(FutureTask.java:264) ~[na:na]
	at java.base/java.util.concurrent.ScheduledThreadPoolExecutor$ScheduledFutureTask.run(ScheduledThreadPoolExecutor.java:304) ~[na:na]
	at java.base/java.util.concurrent.ThreadPoolExecutor.runWorker(ThreadPoolExecutor.java:1128) ~[na:na]
	at java.base/java.util.concurrent.ThreadPoolExecutor$Worker.run(ThreadPoolExecutor.java:628) ~[na:na]
	at java.base/java.lang.Thread.run(Thread.java:834) ~[na:na]

17-07-19-369  INFO 3240 --- [com.alibaba.nacos.client.remote.worker] com.alibaba.nacos.common.remote.client   : [a244ca18-c11c-4d0a-90eb-25184f5cc6ca] Fail to connect server, after trying 63 times, last try server is {serverIp = '192.168.10.101', server main port = 8848}, error = unknown
17-07-23-044 ERROR 3240 --- [com.alibaba.nacos.client.naming.updater.2] com.alibaba.nacos.common.remote.client   : Send request fail, request = ServiceQueryRequest{headers={app=unknown}, requestId='null'}, retryTimes = 0, errorMessage = Client not connected, current status:UNHEALTHY
17-07-23-152 ERROR 3240 --- [com.alibaba.nacos.client.naming.updater.2] com.alibaba.nacos.common.remote.client   : Send request fail, request = ServiceQueryRequest{headers={app=unknown}, requestId='null'}, retryTimes = 1, errorMessage = Client not connected, current status:UNHEALTHY
17-07-23-259 ERROR 3240 --- [com.alibaba.nacos.client.naming.updater.2] com.alibaba.nacos.common.remote.client   : Send request fail, request = ServiceQueryRequest{headers={app=unknown}, requestId='null'}, retryTimes = 2, errorMessage = Client not connected, current status:UNHEALTHY
17-07-27-401 ERROR 3240 --- [com.alibaba.nacos.client.remote.worker] c.a.n.c.remote.client.grpc.GrpcClient    : Server check fail, please check server 192.168.10.101 ,port 9848 is available , error ={}

java.util.concurrent.TimeoutException: Waited 3000 milliseconds (plus 15 milliseconds, 984200 nanoseconds delay) for com.alibaba.nacos.shaded.io.grpc.stub.ClientCalls$GrpcFuture@6c0658a1[status=PENDING, info=[GrpcFuture{clientCall={delegate={delegate=ClientCallImpl{method=MethodDescriptor{fullMethodName=Request/request, type=UNARY, idempotent=false, safe=false, sampledToLocalTracing=true, requestMarshaller=com.alibaba.nacos.shaded.io.grpc.protobuf.lite.ProtoLiteUtils$MessageMarshaller@24e11377, responseMarshaller=com.alibaba.nacos.shaded.io.grpc.protobuf.lite.ProtoLiteUtils$MessageMarshaller@424f5fa2, schemaDescriptor=com.alibaba.nacos.api.grpc.auto.RequestGrpc$RequestMethodDescriptorSupplier@56847fbc}}}}}]]
	at com.alibaba.nacos.shaded.com.google.common.util.concurrent.AbstractFuture.get(AbstractFuture.java:508) ~[nacos-client-2.0.4.jar:na]
	at com.alibaba.nacos.common.remote.client.grpc.GrpcClient.serverCheck(GrpcClient.java:148) ~[nacos-client-2.0.4.jar:na]
	at com.alibaba.nacos.common.remote.client.grpc.GrpcClient.connectToServer(GrpcClient.java:264) ~[nacos-client-2.0.4.jar:na]
	at com.alibaba.nacos.common.remote.client.RpcClient.reconnect(RpcClient.java:522) ~[nacos-client-2.0.4.jar:na]
	at com.alibaba.nacos.common.remote.client.RpcClient.lambda$start$2(RpcClient.java:370) ~[nacos-client-2.0.4.jar:na]
	at java.base/java.util.concurrent.Executors$RunnableAdapter.call(Executors.java:515) ~[na:na]
	at java.base/java.util.concurrent.FutureTask.run(FutureTask.java:264) ~[na:na]
	at java.base/java.util.concurrent.ScheduledThreadPoolExecutor$ScheduledFutureTask.run(ScheduledThreadPoolExecutor.java:304) ~[na:na]
	at java.base/java.util.concurrent.ThreadPoolExecutor.runWorker(ThreadPoolExecutor.java:1128) ~[na:na]
	at java.base/java.util.concurrent.ThreadPoolExecutor$Worker.run(ThreadPoolExecutor.java:628) ~[na:na]
	at java.base/java.lang.Thread.run(Thread.java:834) ~[na:na]

17-07-27-403  INFO 3240 --- [com.alibaba.nacos.client.remote.worker] com.alibaba.nacos.common.remote.client   : [a244ca18-c11c-4d0a-90eb-25184f5cc6ca] Fail to connect server, after trying 64 times, last try server is {serverIp = '192.168.10.101', server main port = 8848}, error = unknown
17-07-35-419 ERROR 3240 --- [com.alibaba.nacos.client.remote.worker] c.a.n.c.remote.client.grpc.GrpcClient    : Server check fail, please check server 192.168.10.101 ,port 9848 is available , error ={}

java.util.concurrent.TimeoutException: Waited 3000 milliseconds (plus 10 milliseconds, 257900 nanoseconds delay) for com.alibaba.nacos.shaded.io.grpc.stub.ClientCalls$GrpcFuture@6408c674[status=PENDING, info=[GrpcFuture{clientCall={delegate={delegate=ClientCallImpl{method=MethodDescriptor{fullMethodName=Request/request, type=UNARY, idempotent=false, safe=false, sampledToLocalTracing=true, requestMarshaller=com.alibaba.nacos.shaded.io.grpc.protobuf.lite.ProtoLiteUtils$MessageMarshaller@24e11377, responseMarshaller=com.alibaba.nacos.shaded.io.grpc.protobuf.lite.ProtoLiteUtils$MessageMarshaller@424f5fa2, schemaDescriptor=com.alibaba.nacos.api.grpc.auto.RequestGrpc$RequestMethodDescriptorSupplier@56847fbc}}}}}]]
	at com.alibaba.nacos.shaded.com.google.common.util.concurrent.AbstractFuture.get(AbstractFuture.java:508) ~[nacos-client-2.0.4.jar:na]
	at com.alibaba.nacos.common.remote.client.grpc.GrpcClient.serverCheck(GrpcClient.java:148) ~[nacos-client-2.0.4.jar:na]
	at com.alibaba.nacos.common.remote.client.grpc.GrpcClient.connectToServer(GrpcClient.java:264) ~[nacos-client-2.0.4.jar:na]
	at com.alibaba.nacos.common.remote.client.RpcClient.reconnect(RpcClient.java:522) ~[nacos-client-2.0.4.jar:na]
	at com.alibaba.nacos.common.remote.client.RpcClient.lambda$start$2(RpcClient.java:370) ~[nacos-client-2.0.4.jar:na]
	at java.base/java.util.concurrent.Executors$RunnableAdapter.call(Executors.java:515) ~[na:na]
	at java.base/java.util.concurrent.FutureTask.run(FutureTask.java:264) ~[na:na]
	at java.base/java.util.concurrent.ScheduledThreadPoolExecutor$ScheduledFutureTask.run(ScheduledThreadPoolExecutor.java:304) ~[na:na]
	at java.base/java.util.concurrent.ThreadPoolExecutor.runWorker(ThreadPoolExecutor.java:1128) ~[na:na]
	at java.base/java.util.concurrent.ThreadPoolExecutor$Worker.run(ThreadPoolExecutor.java:628) ~[na:na]
	at java.base/java.lang.Thread.run(Thread.java:834) ~[na:na]

17-07-35-420  INFO 3240 --- [com.alibaba.nacos.client.remote.worker] com.alibaba.nacos.common.remote.client   : [a244ca18-c11c-4d0a-90eb-25184f5cc6ca] Fail to connect server, after trying 65 times, last try server is {serverIp = '192.168.10.101', server main port = 8848}, error = unknown
17-07-43-450 ERROR 3240 --- [com.alibaba.nacos.client.remote.worker] c.a.n.c.remote.client.grpc.GrpcClient    : Server check fail, please check server 192.168.10.101 ,port 9848 is available , error ={}

java.util.concurrent.TimeoutException: Waited 3000 milliseconds (plus 12 milliseconds, 138400 nanoseconds delay) for com.alibaba.nacos.shaded.io.grpc.stub.ClientCalls$GrpcFuture@4f190af1[status=PENDING, info=[GrpcFuture{clientCall={delegate={delegate=ClientCallImpl{method=MethodDescriptor{fullMethodName=Request/request, type=UNARY, idempotent=false, safe=false, sampledToLocalTracing=true, requestMarshaller=com.alibaba.nacos.shaded.io.grpc.protobuf.lite.ProtoLiteUtils$MessageMarshaller@24e11377, responseMarshaller=com.alibaba.nacos.shaded.io.grpc.protobuf.lite.ProtoLiteUtils$MessageMarshaller@424f5fa2, schemaDescriptor=com.alibaba.nacos.api.grpc.auto.RequestGrpc$RequestMethodDescriptorSupplier@56847fbc}}}}}]]
	at com.alibaba.nacos.shaded.com.google.common.util.concurrent.AbstractFuture.get(AbstractFuture.java:508) ~[nacos-client-2.0.4.jar:na]
	at com.alibaba.nacos.common.remote.client.grpc.GrpcClient.serverCheck(GrpcClient.java:148) ~[nacos-client-2.0.4.jar:na]
	at com.alibaba.nacos.common.remote.client.grpc.GrpcClient.connectToServer(GrpcClient.java:264) ~[nacos-client-2.0.4.jar:na]
	at com.alibaba.nacos.common.remote.client.RpcClient.reconnect(RpcClient.java:522) ~[nacos-client-2.0.4.jar:na]
	at com.alibaba.nacos.common.remote.client.RpcClient.lambda$start$2(RpcClient.java:370) ~[nacos-client-2.0.4.jar:na]
	at java.base/java.util.concurrent.Executors$RunnableAdapter.call(Executors.java:515) ~[na:na]
	at java.base/java.util.concurrent.FutureTask.run(FutureTask.java:264) ~[na:na]
	at java.base/java.util.concurrent.ScheduledThreadPoolExecutor$ScheduledFutureTask.run(ScheduledThreadPoolExecutor.java:304) ~[na:na]
	at java.base/java.util.concurrent.ThreadPoolExecutor.runWorker(ThreadPoolExecutor.java:1128) ~[na:na]
	at java.base/java.util.concurrent.ThreadPoolExecutor$Worker.run(ThreadPoolExecutor.java:628) ~[na:na]
	at java.base/java.lang.Thread.run(Thread.java:834) ~[na:na]

17-07-43-452  INFO 3240 --- [com.alibaba.nacos.client.remote.worker] com.alibaba.nacos.common.remote.client   : [a244ca18-c11c-4d0a-90eb-25184f5cc6ca] Fail to connect server, after trying 66 times, last try server is {serverIp = '192.168.10.101', server main port = 8848}, error = unknown
17-07-51-463 ERROR 3240 --- [com.alibaba.nacos.client.remote.worker] c.a.n.c.remote.client.grpc.GrpcClient    : Server check fail, please check server 192.168.10.101 ,port 9848 is available , error ={}

java.util.concurrent.TimeoutException: Waited 3000 milliseconds (plus 158500 nanoseconds delay) for com.alibaba.nacos.shaded.io.grpc.stub.ClientCalls$GrpcFuture@3a99247[status=PENDING, info=[GrpcFuture{clientCall={delegate={delegate=ClientCallImpl{method=MethodDescriptor{fullMethodName=Request/request, type=UNARY, idempotent=false, safe=false, sampledToLocalTracing=true, requestMarshaller=com.alibaba.nacos.shaded.io.grpc.protobuf.lite.ProtoLiteUtils$MessageMarshaller@24e11377, responseMarshaller=com.alibaba.nacos.shaded.io.grpc.protobuf.lite.ProtoLiteUtils$MessageMarshaller@424f5fa2, schemaDescriptor=com.alibaba.nacos.api.grpc.auto.RequestGrpc$RequestMethodDescriptorSupplier@56847fbc}}}}}]]
	at com.alibaba.nacos.shaded.com.google.common.util.concurrent.AbstractFuture.get(AbstractFuture.java:508) ~[nacos-client-2.0.4.jar:na]
	at com.alibaba.nacos.common.remote.client.grpc.GrpcClient.serverCheck(GrpcClient.java:148) ~[nacos-client-2.0.4.jar:na]
	at com.alibaba.nacos.common.remote.client.grpc.GrpcClient.connectToServer(GrpcClient.java:264) ~[nacos-client-2.0.4.jar:na]
	at com.alibaba.nacos.common.remote.client.RpcClient.reconnect(RpcClient.java:522) ~[nacos-client-2.0.4.jar:na]
	at com.alibaba.nacos.common.remote.client.RpcClient.lambda$start$2(RpcClient.java:370) ~[nacos-client-2.0.4.jar:na]
	at java.base/java.util.concurrent.Executors$RunnableAdapter.call(Executors.java:515) ~[na:na]
	at java.base/java.util.concurrent.FutureTask.run(FutureTask.java:264) ~[na:na]
	at java.base/java.util.concurrent.ScheduledThreadPoolExecutor$ScheduledFutureTask.run(ScheduledThreadPoolExecutor.java:304) ~[na:na]
	at java.base/java.util.concurrent.ThreadPoolExecutor.runWorker(ThreadPoolExecutor.java:1128) ~[na:na]
	at java.base/java.util.concurrent.ThreadPoolExecutor$Worker.run(ThreadPoolExecutor.java:628) ~[na:na]
	at java.base/java.lang.Thread.run(Thread.java:834) ~[na:na]

17-07-51-464  INFO 3240 --- [com.alibaba.nacos.client.remote.worker] com.alibaba.nacos.common.remote.client   : [a244ca18-c11c-4d0a-90eb-25184f5cc6ca] Fail to connect server, after trying 67 times, last try server is {serverIp = '192.168.10.101', server main port = 8848}, error = unknown
17-07-59-479 ERROR 3240 --- [com.alibaba.nacos.client.remote.worker] c.a.n.c.remote.client.grpc.GrpcClient    : Server check fail, please check server 192.168.10.101 ,port 9848 is available , error ={}

java.util.concurrent.TimeoutException: Waited 3000 milliseconds (plus 12 milliseconds, 661600 nanoseconds delay) for com.alibaba.nacos.shaded.io.grpc.stub.ClientCalls$GrpcFuture@4c72aa99[status=PENDING, info=[GrpcFuture{clientCall={delegate={delegate=ClientCallImpl{method=MethodDescriptor{fullMethodName=Request/request, type=UNARY, idempotent=false, safe=false, sampledToLocalTracing=true, requestMarshaller=com.alibaba.nacos.shaded.io.grpc.protobuf.lite.ProtoLiteUtils$MessageMarshaller@24e11377, responseMarshaller=com.alibaba.nacos.shaded.io.grpc.protobuf.lite.ProtoLiteUtils$MessageMarshaller@424f5fa2, schemaDescriptor=com.alibaba.nacos.api.grpc.auto.RequestGrpc$RequestMethodDescriptorSupplier@56847fbc}}}}}]]
	at com.alibaba.nacos.shaded.com.google.common.util.concurrent.AbstractFuture.get(AbstractFuture.java:508) ~[nacos-client-2.0.4.jar:na]
	at com.alibaba.nacos.common.remote.client.grpc.GrpcClient.serverCheck(GrpcClient.java:148) ~[nacos-client-2.0.4.jar:na]
	at com.alibaba.nacos.common.remote.client.grpc.GrpcClient.connectToServer(GrpcClient.java:264) ~[nacos-client-2.0.4.jar:na]
	at com.alibaba.nacos.common.remote.client.RpcClient.reconnect(RpcClient.java:522) ~[nacos-client-2.0.4.jar:na]
	at com.alibaba.nacos.common.remote.client.RpcClient.lambda$start$2(RpcClient.java:370) ~[nacos-client-2.0.4.jar:na]
	at java.base/java.util.concurrent.Executors$RunnableAdapter.call(Executors.java:515) ~[na:na]
	at java.base/java.util.concurrent.FutureTask.run(FutureTask.java:264) ~[na:na]
	at java.base/java.util.concurrent.ScheduledThreadPoolExecutor$ScheduledFutureTask.run(ScheduledThreadPoolExecutor.java:304) ~[na:na]
	at java.base/java.util.concurrent.ThreadPoolExecutor.runWorker(ThreadPoolExecutor.java:1128) ~[na:na]
	at java.base/java.util.concurrent.ThreadPoolExecutor$Worker.run(ThreadPoolExecutor.java:628) ~[na:na]
	at java.base/java.lang.Thread.run(Thread.java:834) ~[na:na]

17-07-59-479  INFO 3240 --- [com.alibaba.nacos.client.remote.worker] com.alibaba.nacos.common.remote.client   : [a244ca18-c11c-4d0a-90eb-25184f5cc6ca] Fail to connect server, after trying 68 times, last try server is {serverIp = '192.168.10.101', server main port = 8848}, error = unknown
17-08-07-503 ERROR 3240 --- [com.alibaba.nacos.client.remote.worker] c.a.n.c.remote.client.grpc.GrpcClient    : Server check fail, please check server 192.168.10.101 ,port 9848 is available , error ={}

java.util.concurrent.TimeoutException: Waited 3000 milliseconds (plus 9 milliseconds, 188300 nanoseconds delay) for com.alibaba.nacos.shaded.io.grpc.stub.ClientCalls$GrpcFuture@1476c76e[status=PENDING, info=[GrpcFuture{clientCall={delegate={delegate=ClientCallImpl{method=MethodDescriptor{fullMethodName=Request/request, type=UNARY, idempotent=false, safe=false, sampledToLocalTracing=true, requestMarshaller=com.alibaba.nacos.shaded.io.grpc.protobuf.lite.ProtoLiteUtils$MessageMarshaller@24e11377, responseMarshaller=com.alibaba.nacos.shaded.io.grpc.protobuf.lite.ProtoLiteUtils$MessageMarshaller@424f5fa2, schemaDescriptor=com.alibaba.nacos.api.grpc.auto.RequestGrpc$RequestMethodDescriptorSupplier@56847fbc}}}}}]]
	at com.alibaba.nacos.shaded.com.google.common.util.concurrent.AbstractFuture.get(AbstractFuture.java:508) ~[nacos-client-2.0.4.jar:na]
	at com.alibaba.nacos.common.remote.client.grpc.GrpcClient.serverCheck(GrpcClient.java:148) ~[nacos-client-2.0.4.jar:na]
	at com.alibaba.nacos.common.remote.client.grpc.GrpcClient.connectToServer(GrpcClient.java:264) ~[nacos-client-2.0.4.jar:na]
	at com.alibaba.nacos.common.remote.client.RpcClient.reconnect(RpcClient.java:522) ~[nacos-client-2.0.4.jar:na]
	at com.alibaba.nacos.common.remote.client.RpcClient.lambda$start$2(RpcClient.java:370) ~[nacos-client-2.0.4.jar:na]
	at java.base/java.util.concurrent.Executors$RunnableAdapter.call(Executors.java:515) ~[na:na]
	at java.base/java.util.concurrent.FutureTask.run(FutureTask.java:264) ~[na:na]
	at java.base/java.util.concurrent.ScheduledThreadPoolExecutor$ScheduledFutureTask.run(ScheduledThreadPoolExecutor.java:304) ~[na:na]
	at java.base/java.util.concurrent.ThreadPoolExecutor.runWorker(ThreadPoolExecutor.java:1128) ~[na:na]
	at java.base/java.util.concurrent.ThreadPoolExecutor$Worker.run(ThreadPoolExecutor.java:628) ~[na:na]
	at java.base/java.lang.Thread.run(Thread.java:834) ~[na:na]

17-08-07-505  INFO 3240 --- [com.alibaba.nacos.client.remote.worker] com.alibaba.nacos.common.remote.client   : [a244ca18-c11c-4d0a-90eb-25184f5cc6ca] Fail to connect server, after trying 69 times, last try server is {serverIp = '192.168.10.101', server main port = 8848}, error = unknown
17-08-15-531 ERROR 3240 --- [com.alibaba.nacos.client.remote.worker] c.a.n.c.remote.client.grpc.GrpcClient    : Server check fail, please check server 192.168.10.101 ,port 9848 is available , error ={}

java.util.concurrent.TimeoutException: Waited 3000 milliseconds (plus 13 milliseconds, 961500 nanoseconds delay) for com.alibaba.nacos.shaded.io.grpc.stub.ClientCalls$GrpcFuture@5c79b0a1[status=PENDING, info=[GrpcFuture{clientCall={delegate={delegate=ClientCallImpl{method=MethodDescriptor{fullMethodName=Request/request, type=UNARY, idempotent=false, safe=false, sampledToLocalTracing=true, requestMarshaller=com.alibaba.nacos.shaded.io.grpc.protobuf.lite.ProtoLiteUtils$MessageMarshaller@24e11377, responseMarshaller=com.alibaba.nacos.shaded.io.grpc.protobuf.lite.ProtoLiteUtils$MessageMarshaller@424f5fa2, schemaDescriptor=com.alibaba.nacos.api.grpc.auto.RequestGrpc$RequestMethodDescriptorSupplier@56847fbc}}}}}]]
	at com.alibaba.nacos.shaded.com.google.common.util.concurrent.AbstractFuture.get(AbstractFuture.java:508) ~[nacos-client-2.0.4.jar:na]
	at com.alibaba.nacos.common.remote.client.grpc.GrpcClient.serverCheck(GrpcClient.java:148) ~[nacos-client-2.0.4.jar:na]
	at com.alibaba.nacos.common.remote.client.grpc.GrpcClient.connectToServer(GrpcClient.java:264) ~[nacos-client-2.0.4.jar:na]
	at com.alibaba.nacos.common.remote.client.RpcClient.reconnect(RpcClient.java:522) ~[nacos-client-2.0.4.jar:na]
	at com.alibaba.nacos.common.remote.client.RpcClient.lambda$start$2(RpcClient.java:370) ~[nacos-client-2.0.4.jar:na]
	at java.base/java.util.concurrent.Executors$RunnableAdapter.call(Executors.java:515) ~[na:na]
	at java.base/java.util.concurrent.FutureTask.run(FutureTask.java:264) ~[na:na]
	at java.base/java.util.concurrent.ScheduledThreadPoolExecutor$ScheduledFutureTask.run(ScheduledThreadPoolExecutor.java:304) ~[na:na]
	at java.base/java.util.concurrent.ThreadPoolExecutor.runWorker(ThreadPoolExecutor.java:1128) ~[na:na]
	at java.base/java.util.concurrent.ThreadPoolExecutor$Worker.run(ThreadPoolExecutor.java:628) ~[na:na]
	at java.base/java.lang.Thread.run(Thread.java:834) ~[na:na]

17-08-15-532  INFO 3240 --- [com.alibaba.nacos.client.remote.worker] com.alibaba.nacos.common.remote.client   : [a244ca18-c11c-4d0a-90eb-25184f5cc6ca] Fail to connect server, after trying 70 times, last try server is {serverIp = '192.168.10.101', server main port = 8848}, error = unknown
17-08-23-373 ERROR 3240 --- [com.alibaba.nacos.client.naming.updater.2] com.alibaba.nacos.common.remote.client   : Send request fail, request = ServiceQueryRequest{headers={app=unknown}, requestId='null'}, retryTimes = 0, errorMessage = Client not connected, current status:UNHEALTHY
17-08-23-481 ERROR 3240 --- [com.alibaba.nacos.client.naming.updater.2] com.alibaba.nacos.common.remote.client   : Send request fail, request = ServiceQueryRequest{headers={app=unknown}, requestId='null'}, retryTimes = 1, errorMessage = Client not connected, current status:UNHEALTHY
17-08-23-543 ERROR 3240 --- [com.alibaba.nacos.client.remote.worker] c.a.n.c.remote.client.grpc.GrpcClient    : Server check fail, please check server 192.168.10.101 ,port 9848 is available , error ={}

java.util.concurrent.TimeoutException: Waited 3000 milliseconds (plus 2 milliseconds, 958800 nanoseconds delay) for com.alibaba.nacos.shaded.io.grpc.stub.ClientCalls$GrpcFuture@34cc4b95[status=PENDING, info=[GrpcFuture{clientCall={delegate={delegate=ClientCallImpl{method=MethodDescriptor{fullMethodName=Request/request, type=UNARY, idempotent=false, safe=false, sampledToLocalTracing=true, requestMarshaller=com.alibaba.nacos.shaded.io.grpc.protobuf.lite.ProtoLiteUtils$MessageMarshaller@24e11377, responseMarshaller=com.alibaba.nacos.shaded.io.grpc.protobuf.lite.ProtoLiteUtils$MessageMarshaller@424f5fa2, schemaDescriptor=com.alibaba.nacos.api.grpc.auto.RequestGrpc$RequestMethodDescriptorSupplier@56847fbc}}}}}]]
	at com.alibaba.nacos.shaded.com.google.common.util.concurrent.AbstractFuture.get(AbstractFuture.java:508) ~[nacos-client-2.0.4.jar:na]
	at com.alibaba.nacos.common.remote.client.grpc.GrpcClient.serverCheck(GrpcClient.java:148) ~[nacos-client-2.0.4.jar:na]
	at com.alibaba.nacos.common.remote.client.grpc.GrpcClient.connectToServer(GrpcClient.java:264) ~[nacos-client-2.0.4.jar:na]
	at com.alibaba.nacos.common.remote.client.RpcClient.reconnect(RpcClient.java:522) ~[nacos-client-2.0.4.jar:na]
	at com.alibaba.nacos.common.remote.client.RpcClient.lambda$start$2(RpcClient.java:370) ~[nacos-client-2.0.4.jar:na]
	at java.base/java.util.concurrent.Executors$RunnableAdapter.call(Executors.java:515) ~[na:na]
	at java.base/java.util.concurrent.FutureTask.run(FutureTask.java:264) ~[na:na]
	at java.base/java.util.concurrent.ScheduledThreadPoolExecutor$ScheduledFutureTask.run(ScheduledThreadPoolExecutor.java:304) ~[na:na]
	at java.base/java.util.concurrent.ThreadPoolExecutor.runWorker(ThreadPoolExecutor.java:1128) ~[na:na]
	at java.base/java.util.concurrent.ThreadPoolExecutor$Worker.run(ThreadPoolExecutor.java:628) ~[na:na]
	at java.base/java.lang.Thread.run(Thread.java:834) ~[na:na]

17-08-23-544  INFO 3240 --- [com.alibaba.nacos.client.remote.worker] com.alibaba.nacos.common.remote.client   : [a244ca18-c11c-4d0a-90eb-25184f5cc6ca] Fail to connect server, after trying 71 times, last try server is {serverIp = '192.168.10.101', server main port = 8848}, error = unknown
17-08-23-589 ERROR 3240 --- [com.alibaba.nacos.client.naming.updater.2] com.alibaba.nacos.common.remote.client   : Send request fail, request = ServiceQueryRequest{headers={app=unknown}, requestId='null'}, retryTimes = 2, errorMessage = Client not connected, current status:UNHEALTHY
17-08-31-561 ERROR 3240 --- [com.alibaba.nacos.client.remote.worker] c.a.n.c.remote.client.grpc.GrpcClient    : Server check fail, please check server 192.168.10.101 ,port 9848 is available , error ={}

java.util.concurrent.TimeoutException: Waited 3000 milliseconds (plus 12 milliseconds, 814500 nanoseconds delay) for com.alibaba.nacos.shaded.io.grpc.stub.ClientCalls$GrpcFuture@7716b965[status=PENDING, info=[GrpcFuture{clientCall={delegate={delegate=ClientCallImpl{method=MethodDescriptor{fullMethodName=Request/request, type=UNARY, idempotent=false, safe=false, sampledToLocalTracing=true, requestMarshaller=com.alibaba.nacos.shaded.io.grpc.protobuf.lite.ProtoLiteUtils$MessageMarshaller@24e11377, responseMarshaller=com.alibaba.nacos.shaded.io.grpc.protobuf.lite.ProtoLiteUtils$MessageMarshaller@424f5fa2, schemaDescriptor=com.alibaba.nacos.api.grpc.auto.RequestGrpc$RequestMethodDescriptorSupplier@56847fbc}}}}}]]
	at com.alibaba.nacos.shaded.com.google.common.util.concurrent.AbstractFuture.get(AbstractFuture.java:508) ~[nacos-client-2.0.4.jar:na]
	at com.alibaba.nacos.common.remote.client.grpc.GrpcClient.serverCheck(GrpcClient.java:148) ~[nacos-client-2.0.4.jar:na]
	at com.alibaba.nacos.common.remote.client.grpc.GrpcClient.connectToServer(GrpcClient.java:264) ~[nacos-client-2.0.4.jar:na]
	at com.alibaba.nacos.common.remote.client.RpcClient.reconnect(RpcClient.java:522) ~[nacos-client-2.0.4.jar:na]
	at com.alibaba.nacos.common.remote.client.RpcClient.lambda$start$2(RpcClient.java:370) ~[nacos-client-2.0.4.jar:na]
	at java.base/java.util.concurrent.Executors$RunnableAdapter.call(Executors.java:515) ~[na:na]
	at java.base/java.util.concurrent.FutureTask.run(FutureTask.java:264) ~[na:na]
	at java.base/java.util.concurrent.ScheduledThreadPoolExecutor$ScheduledFutureTask.run(ScheduledThreadPoolExecutor.java:304) ~[na:na]
	at java.base/java.util.concurrent.ThreadPoolExecutor.runWorker(ThreadPoolExecutor.java:1128) ~[na:na]
	at java.base/java.util.concurrent.ThreadPoolExecutor$Worker.run(ThreadPoolExecutor.java:628) ~[na:na]
	at java.base/java.lang.Thread.run(Thread.java:834) ~[na:na]

17-08-31-562  INFO 3240 --- [com.alibaba.nacos.client.remote.worker] com.alibaba.nacos.common.remote.client   : [a244ca18-c11c-4d0a-90eb-25184f5cc6ca] Fail to connect server, after trying 72 times, last try server is {serverIp = '192.168.10.101', server main port = 8848}, error = unknown
17-08-39-585 ERROR 3240 --- [com.alibaba.nacos.client.remote.worker] c.a.n.c.remote.client.grpc.GrpcClient    : Server check fail, please check server 192.168.10.101 ,port 9848 is available , error ={}

java.util.concurrent.TimeoutException: Waited 3000 milliseconds (plus 13 milliseconds, 384700 nanoseconds delay) for com.alibaba.nacos.shaded.io.grpc.stub.ClientCalls$GrpcFuture@41cf4eda[status=PENDING, info=[GrpcFuture{clientCall={delegate={delegate=ClientCallImpl{method=MethodDescriptor{fullMethodName=Request/request, type=UNARY, idempotent=false, safe=false, sampledToLocalTracing=true, requestMarshaller=com.alibaba.nacos.shaded.io.grpc.protobuf.lite.ProtoLiteUtils$MessageMarshaller@24e11377, responseMarshaller=com.alibaba.nacos.shaded.io.grpc.protobuf.lite.ProtoLiteUtils$MessageMarshaller@424f5fa2, schemaDescriptor=com.alibaba.nacos.api.grpc.auto.RequestGrpc$RequestMethodDescriptorSupplier@56847fbc}}}}}]]
	at com.alibaba.nacos.shaded.com.google.common.util.concurrent.AbstractFuture.get(AbstractFuture.java:508) ~[nacos-client-2.0.4.jar:na]
	at com.alibaba.nacos.common.remote.client.grpc.GrpcClient.serverCheck(GrpcClient.java:148) ~[nacos-client-2.0.4.jar:na]
	at com.alibaba.nacos.common.remote.client.grpc.GrpcClient.connectToServer(GrpcClient.java:264) ~[nacos-client-2.0.4.jar:na]
	at com.alibaba.nacos.common.remote.client.RpcClient.reconnect(RpcClient.java:522) ~[nacos-client-2.0.4.jar:na]
	at com.alibaba.nacos.common.remote.client.RpcClient.lambda$start$2(RpcClient.java:370) ~[nacos-client-2.0.4.jar:na]
	at java.base/java.util.concurrent.Executors$RunnableAdapter.call(Executors.java:515) ~[na:na]
	at java.base/java.util.concurrent.FutureTask.run(FutureTask.java:264) ~[na:na]
	at java.base/java.util.concurrent.ScheduledThreadPoolExecutor$ScheduledFutureTask.run(ScheduledThreadPoolExecutor.java:304) ~[na:na]
	at java.base/java.util.concurrent.ThreadPoolExecutor.runWorker(ThreadPoolExecutor.java:1128) ~[na:na]
	at java.base/java.util.concurrent.ThreadPoolExecutor$Worker.run(ThreadPoolExecutor.java:628) ~[na:na]
	at java.base/java.lang.Thread.run(Thread.java:834) ~[na:na]

17-08-39-585  INFO 3240 --- [com.alibaba.nacos.client.remote.worker] com.alibaba.nacos.common.remote.client   : [a244ca18-c11c-4d0a-90eb-25184f5cc6ca] Fail to connect server, after trying 73 times, last try server is {serverIp = '192.168.10.101', server main port = 8848}, error = unknown
17-08-47-614 ERROR 3240 --- [com.alibaba.nacos.client.remote.worker] c.a.n.c.remote.client.grpc.GrpcClient    : Server check fail, please check server 192.168.10.101 ,port 9848 is available , error ={}

java.util.concurrent.TimeoutException: Waited 3000 milliseconds (plus 14 milliseconds, 139700 nanoseconds delay) for com.alibaba.nacos.shaded.io.grpc.stub.ClientCalls$GrpcFuture@475dee6c[status=PENDING, info=[GrpcFuture{clientCall={delegate={delegate=ClientCallImpl{method=MethodDescriptor{fullMethodName=Request/request, type=UNARY, idempotent=false, safe=false, sampledToLocalTracing=true, requestMarshaller=com.alibaba.nacos.shaded.io.grpc.protobuf.lite.ProtoLiteUtils$MessageMarshaller@24e11377, responseMarshaller=com.alibaba.nacos.shaded.io.grpc.protobuf.lite.ProtoLiteUtils$MessageMarshaller@424f5fa2, schemaDescriptor=com.alibaba.nacos.api.grpc.auto.RequestGrpc$RequestMethodDescriptorSupplier@56847fbc}}}}}]]
	at com.alibaba.nacos.shaded.com.google.common.util.concurrent.AbstractFuture.get(AbstractFuture.java:508) ~[nacos-client-2.0.4.jar:na]
	at com.alibaba.nacos.common.remote.client.grpc.GrpcClient.serverCheck(GrpcClient.java:148) ~[nacos-client-2.0.4.jar:na]
	at com.alibaba.nacos.common.remote.client.grpc.GrpcClient.connectToServer(GrpcClient.java:264) ~[nacos-client-2.0.4.jar:na]
	at com.alibaba.nacos.common.remote.client.RpcClient.reconnect(RpcClient.java:522) ~[nacos-client-2.0.4.jar:na]
	at com.alibaba.nacos.common.remote.client.RpcClient.lambda$start$2(RpcClient.java:370) ~[nacos-client-2.0.4.jar:na]
	at java.base/java.util.concurrent.Executors$RunnableAdapter.call(Executors.java:515) ~[na:na]
	at java.base/java.util.concurrent.FutureTask.run(FutureTask.java:264) ~[na:na]
	at java.base/java.util.concurrent.ScheduledThreadPoolExecutor$ScheduledFutureTask.run(ScheduledThreadPoolExecutor.java:304) ~[na:na]
	at java.base/java.util.concurrent.ThreadPoolExecutor.runWorker(ThreadPoolExecutor.java:1128) ~[na:na]
	at java.base/java.util.concurrent.ThreadPoolExecutor$Worker.run(ThreadPoolExecutor.java:628) ~[na:na]
	at java.base/java.lang.Thread.run(Thread.java:834) ~[na:na]

17-08-47-616  INFO 3240 --- [com.alibaba.nacos.client.remote.worker] com.alibaba.nacos.common.remote.client   : [a244ca18-c11c-4d0a-90eb-25184f5cc6ca] Fail to connect server, after trying 74 times, last try server is {serverIp = '192.168.10.101', server main port = 8848}, error = unknown
17-08-55-635 ERROR 3240 --- [com.alibaba.nacos.client.remote.worker] c.a.n.c.remote.client.grpc.GrpcClient    : Server check fail, please check server 192.168.10.101 ,port 9848 is available , error ={}

java.util.concurrent.TimeoutException: Waited 3000 milliseconds (plus 5 milliseconds, 293400 nanoseconds delay) for com.alibaba.nacos.shaded.io.grpc.stub.ClientCalls$GrpcFuture@ff599b6[status=PENDING, info=[GrpcFuture{clientCall={delegate={delegate=ClientCallImpl{method=MethodDescriptor{fullMethodName=Request/request, type=UNARY, idempotent=false, safe=false, sampledToLocalTracing=true, requestMarshaller=com.alibaba.nacos.shaded.io.grpc.protobuf.lite.ProtoLiteUtils$MessageMarshaller@24e11377, responseMarshaller=com.alibaba.nacos.shaded.io.grpc.protobuf.lite.ProtoLiteUtils$MessageMarshaller@424f5fa2, schemaDescriptor=com.alibaba.nacos.api.grpc.auto.RequestGrpc$RequestMethodDescriptorSupplier@56847fbc}}}}}]]
	at com.alibaba.nacos.shaded.com.google.common.util.concurrent.AbstractFuture.get(AbstractFuture.java:508) ~[nacos-client-2.0.4.jar:na]
	at com.alibaba.nacos.common.remote.client.grpc.GrpcClient.serverCheck(GrpcClient.java:148) ~[nacos-client-2.0.4.jar:na]
	at com.alibaba.nacos.common.remote.client.grpc.GrpcClient.connectToServer(GrpcClient.java:264) ~[nacos-client-2.0.4.jar:na]
	at com.alibaba.nacos.common.remote.client.RpcClient.reconnect(RpcClient.java:522) ~[nacos-client-2.0.4.jar:na]
	at com.alibaba.nacos.common.remote.client.RpcClient.lambda$start$2(RpcClient.java:370) ~[nacos-client-2.0.4.jar:na]
	at java.base/java.util.concurrent.Executors$RunnableAdapter.call(Executors.java:515) ~[na:na]
	at java.base/java.util.concurrent.FutureTask.run(FutureTask.java:264) ~[na:na]
	at java.base/java.util.concurrent.ScheduledThreadPoolExecutor$ScheduledFutureTask.run(ScheduledThreadPoolExecutor.java:304) ~[na:na]
	at java.base/java.util.concurrent.ThreadPoolExecutor.runWorker(ThreadPoolExecutor.java:1128) ~[na:na]
	at java.base/java.util.concurrent.ThreadPoolExecutor$Worker.run(ThreadPoolExecutor.java:628) ~[na:na]
	at java.base/java.lang.Thread.run(Thread.java:834) ~[na:na]

17-08-55-636  INFO 3240 --- [com.alibaba.nacos.client.remote.worker] com.alibaba.nacos.common.remote.client   : [a244ca18-c11c-4d0a-90eb-25184f5cc6ca] Fail to connect server, after trying 75 times, last try server is {serverIp = '192.168.10.101', server main port = 8848}, error = unknown
17-09-03-640 ERROR 3240 --- [com.alibaba.nacos.client.remote.worker] c.a.n.c.remote.client.grpc.GrpcClient    : Server check fail, please check server 192.168.10.101 ,port 9848 is available , error ={}

java.util.concurrent.TimeoutException: Waited 3000 milliseconds (plus 529200 nanoseconds delay) for com.alibaba.nacos.shaded.io.grpc.stub.ClientCalls$GrpcFuture@5c65a334[status=PENDING, info=[GrpcFuture{clientCall={delegate={delegate=ClientCallImpl{method=MethodDescriptor{fullMethodName=Request/request, type=UNARY, idempotent=false, safe=false, sampledToLocalTracing=true, requestMarshaller=com.alibaba.nacos.shaded.io.grpc.protobuf.lite.ProtoLiteUtils$MessageMarshaller@24e11377, responseMarshaller=com.alibaba.nacos.shaded.io.grpc.protobuf.lite.ProtoLiteUtils$MessageMarshaller@424f5fa2, schemaDescriptor=com.alibaba.nacos.api.grpc.auto.RequestGrpc$RequestMethodDescriptorSupplier@56847fbc}}}}}]]
	at com.alibaba.nacos.shaded.com.google.common.util.concurrent.AbstractFuture.get(AbstractFuture.java:508) ~[nacos-client-2.0.4.jar:na]
	at com.alibaba.nacos.common.remote.client.grpc.GrpcClient.serverCheck(GrpcClient.java:148) ~[nacos-client-2.0.4.jar:na]
	at com.alibaba.nacos.common.remote.client.grpc.GrpcClient.connectToServer(GrpcClient.java:264) ~[nacos-client-2.0.4.jar:na]
	at com.alibaba.nacos.common.remote.client.RpcClient.reconnect(RpcClient.java:522) ~[nacos-client-2.0.4.jar:na]
	at com.alibaba.nacos.common.remote.client.RpcClient.lambda$start$2(RpcClient.java:370) ~[nacos-client-2.0.4.jar:na]
	at java.base/java.util.concurrent.Executors$RunnableAdapter.call(Executors.java:515) ~[na:na]
	at java.base/java.util.concurrent.FutureTask.run(FutureTask.java:264) ~[na:na]
	at java.base/java.util.concurrent.ScheduledThreadPoolExecutor$ScheduledFutureTask.run(ScheduledThreadPoolExecutor.java:304) ~[na:na]
	at java.base/java.util.concurrent.ThreadPoolExecutor.runWorker(ThreadPoolExecutor.java:1128) ~[na:na]
	at java.base/java.util.concurrent.ThreadPoolExecutor$Worker.run(ThreadPoolExecutor.java:628) ~[na:na]
	at java.base/java.lang.Thread.run(Thread.java:834) ~[na:na]

17-09-03-641  INFO 3240 --- [com.alibaba.nacos.client.remote.worker] com.alibaba.nacos.common.remote.client   : [a244ca18-c11c-4d0a-90eb-25184f5cc6ca] Fail to connect server, after trying 76 times, last try server is {serverIp = '192.168.10.101', server main port = 8848}, error = unknown
17-09-11-666 ERROR 3240 --- [com.alibaba.nacos.client.remote.worker] c.a.n.c.remote.client.grpc.GrpcClient    : Server check fail, please check server 192.168.10.101 ,port 9848 is available , error ={}

java.util.concurrent.TimeoutException: Waited 3000 milliseconds (plus 13 milliseconds, 811200 nanoseconds delay) for com.alibaba.nacos.shaded.io.grpc.stub.ClientCalls$GrpcFuture@51537d96[status=PENDING, info=[GrpcFuture{clientCall={delegate={delegate=ClientCallImpl{method=MethodDescriptor{fullMethodName=Request/request, type=UNARY, idempotent=false, safe=false, sampledToLocalTracing=true, requestMarshaller=com.alibaba.nacos.shaded.io.grpc.protobuf.lite.ProtoLiteUtils$MessageMarshaller@24e11377, responseMarshaller=com.alibaba.nacos.shaded.io.grpc.protobuf.lite.ProtoLiteUtils$MessageMarshaller@424f5fa2, schemaDescriptor=com.alibaba.nacos.api.grpc.auto.RequestGrpc$RequestMethodDescriptorSupplier@56847fbc}}}}}]]
	at com.alibaba.nacos.shaded.com.google.common.util.concurrent.AbstractFuture.get(AbstractFuture.java:508) ~[nacos-client-2.0.4.jar:na]
	at com.alibaba.nacos.common.remote.client.grpc.GrpcClient.serverCheck(GrpcClient.java:148) ~[nacos-client-2.0.4.jar:na]
	at com.alibaba.nacos.common.remote.client.grpc.GrpcClient.connectToServer(GrpcClient.java:264) ~[nacos-client-2.0.4.jar:na]
	at com.alibaba.nacos.common.remote.client.RpcClient.reconnect(RpcClient.java:522) ~[nacos-client-2.0.4.jar:na]
	at com.alibaba.nacos.common.remote.client.RpcClient.lambda$start$2(RpcClient.java:370) ~[nacos-client-2.0.4.jar:na]
	at java.base/java.util.concurrent.Executors$RunnableAdapter.call(Executors.java:515) ~[na:na]
	at java.base/java.util.concurrent.FutureTask.run(FutureTask.java:264) ~[na:na]
	at java.base/java.util.concurrent.ScheduledThreadPoolExecutor$ScheduledFutureTask.run(ScheduledThreadPoolExecutor.java:304) ~[na:na]
	at java.base/java.util.concurrent.ThreadPoolExecutor.runWorker(ThreadPoolExecutor.java:1128) ~[na:na]
	at java.base/java.util.concurrent.ThreadPoolExecutor$Worker.run(ThreadPoolExecutor.java:628) ~[na:na]
	at java.base/java.lang.Thread.run(Thread.java:834) ~[na:na]

17-09-11-667  INFO 3240 --- [com.alibaba.nacos.client.remote.worker] com.alibaba.nacos.common.remote.client   : [a244ca18-c11c-4d0a-90eb-25184f5cc6ca] Fail to connect server, after trying 77 times, last try server is {serverIp = '192.168.10.101', server main port = 8848}, error = unknown
17-09-19-684 ERROR 3240 --- [com.alibaba.nacos.client.remote.worker] c.a.n.c.remote.client.grpc.GrpcClient    : Server check fail, please check server 192.168.10.101 ,port 9848 is available , error ={}

java.util.concurrent.TimeoutException: Waited 3000 milliseconds (plus 12 milliseconds, 654300 nanoseconds delay) for com.alibaba.nacos.shaded.io.grpc.stub.ClientCalls$GrpcFuture@7e44a6d4[status=PENDING, info=[GrpcFuture{clientCall={delegate={delegate=ClientCallImpl{method=MethodDescriptor{fullMethodName=Request/request, type=UNARY, idempotent=false, safe=false, sampledToLocalTracing=true, requestMarshaller=com.alibaba.nacos.shaded.io.grpc.protobuf.lite.ProtoLiteUtils$MessageMarshaller@24e11377, responseMarshaller=com.alibaba.nacos.shaded.io.grpc.protobuf.lite.ProtoLiteUtils$MessageMarshaller@424f5fa2, schemaDescriptor=com.alibaba.nacos.api.grpc.auto.RequestGrpc$RequestMethodDescriptorSupplier@56847fbc}}}}}]]
	at com.alibaba.nacos.shaded.com.google.common.util.concurrent.AbstractFuture.get(AbstractFuture.java:508) ~[nacos-client-2.0.4.jar:na]
	at com.alibaba.nacos.common.remote.client.grpc.GrpcClient.serverCheck(GrpcClient.java:148) ~[nacos-client-2.0.4.jar:na]
	at com.alibaba.nacos.common.remote.client.grpc.GrpcClient.connectToServer(GrpcClient.java:264) ~[nacos-client-2.0.4.jar:na]
	at com.alibaba.nacos.common.remote.client.RpcClient.reconnect(RpcClient.java:522) ~[nacos-client-2.0.4.jar:na]
	at com.alibaba.nacos.common.remote.client.RpcClient.lambda$start$2(RpcClient.java:370) ~[nacos-client-2.0.4.jar:na]
	at java.base/java.util.concurrent.Executors$RunnableAdapter.call(Executors.java:515) ~[na:na]
	at java.base/java.util.concurrent.FutureTask.run(FutureTask.java:264) ~[na:na]
	at java.base/java.util.concurrent.ScheduledThreadPoolExecutor$ScheduledFutureTask.run(ScheduledThreadPoolExecutor.java:304) ~[na:na]
	at java.base/java.util.concurrent.ThreadPoolExecutor.runWorker(ThreadPoolExecutor.java:1128) ~[na:na]
	at java.base/java.util.concurrent.ThreadPoolExecutor$Worker.run(ThreadPoolExecutor.java:628) ~[na:na]
	at java.base/java.lang.Thread.run(Thread.java:834) ~[na:na]

17-09-19-685  INFO 3240 --- [com.alibaba.nacos.client.remote.worker] com.alibaba.nacos.common.remote.client   : [a244ca18-c11c-4d0a-90eb-25184f5cc6ca] Fail to connect server, after trying 78 times, last try server is {serverIp = '192.168.10.101', server main port = 8848}, error = unknown
17-09-23-700 ERROR 3240 --- [com.alibaba.nacos.client.naming.updater.2] com.alibaba.nacos.common.remote.client   : Send request fail, request = ServiceQueryRequest{headers={app=unknown}, requestId='null'}, retryTimes = 0, errorMessage = Client not connected, current status:UNHEALTHY
17-09-23-808 ERROR 3240 --- [com.alibaba.nacos.client.naming.updater.2] com.alibaba.nacos.common.remote.client   : Send request fail, request = ServiceQueryRequest{headers={app=unknown}, requestId='null'}, retryTimes = 1, errorMessage = Client not connected, current status:UNHEALTHY
17-09-23-916 ERROR 3240 --- [com.alibaba.nacos.client.naming.updater.2] com.alibaba.nacos.common.remote.client   : Send request fail, request = ServiceQueryRequest{headers={app=unknown}, requestId='null'}, retryTimes = 2, errorMessage = Client not connected, current status:UNHEALTHY
17-09-27-700 ERROR 3240 --- [com.alibaba.nacos.client.remote.worker] c.a.n.c.remote.client.grpc.GrpcClient    : Server check fail, please check server 192.168.10.101 ,port 9848 is available , error ={}

java.util.concurrent.TimeoutException: Waited 3000 milliseconds (plus 12 milliseconds, 744400 nanoseconds delay) for com.alibaba.nacos.shaded.io.grpc.stub.ClientCalls$GrpcFuture@5c567552[status=PENDING, info=[GrpcFuture{clientCall={delegate={delegate=ClientCallImpl{method=MethodDescriptor{fullMethodName=Request/request, type=UNARY, idempotent=false, safe=false, sampledToLocalTracing=true, requestMarshaller=com.alibaba.nacos.shaded.io.grpc.protobuf.lite.ProtoLiteUtils$MessageMarshaller@24e11377, responseMarshaller=com.alibaba.nacos.shaded.io.grpc.protobuf.lite.ProtoLiteUtils$MessageMarshaller@424f5fa2, schemaDescriptor=com.alibaba.nacos.api.grpc.auto.RequestGrpc$RequestMethodDescriptorSupplier@56847fbc}}}}}]]
	at com.alibaba.nacos.shaded.com.google.common.util.concurrent.AbstractFuture.get(AbstractFuture.java:508) ~[nacos-client-2.0.4.jar:na]
	at com.alibaba.nacos.common.remote.client.grpc.GrpcClient.serverCheck(GrpcClient.java:148) ~[nacos-client-2.0.4.jar:na]
	at com.alibaba.nacos.common.remote.client.grpc.GrpcClient.connectToServer(GrpcClient.java:264) ~[nacos-client-2.0.4.jar:na]
	at com.alibaba.nacos.common.remote.client.RpcClient.reconnect(RpcClient.java:522) ~[nacos-client-2.0.4.jar:na]
	at com.alibaba.nacos.common.remote.client.RpcClient.lambda$start$2(RpcClient.java:370) ~[nacos-client-2.0.4.jar:na]
	at java.base/java.util.concurrent.Executors$RunnableAdapter.call(Executors.java:515) ~[na:na]
	at java.base/java.util.concurrent.FutureTask.run(FutureTask.java:264) ~[na:na]
	at java.base/java.util.concurrent.ScheduledThreadPoolExecutor$ScheduledFutureTask.run(ScheduledThreadPoolExecutor.java:304) ~[na:na]
	at java.base/java.util.concurrent.ThreadPoolExecutor.runWorker(ThreadPoolExecutor.java:1128) ~[na:na]
	at java.base/java.util.concurrent.ThreadPoolExecutor$Worker.run(ThreadPoolExecutor.java:628) ~[na:na]
	at java.base/java.lang.Thread.run(Thread.java:834) ~[na:na]

17-09-27-701  INFO 3240 --- [com.alibaba.nacos.client.remote.worker] com.alibaba.nacos.common.remote.client   : [a244ca18-c11c-4d0a-90eb-25184f5cc6ca] Fail to connect server, after trying 79 times, last try server is {serverIp = '192.168.10.101', server main port = 8848}, error = unknown
17-09-35-729 ERROR 3240 --- [com.alibaba.nacos.client.remote.worker] c.a.n.c.remote.client.grpc.GrpcClient    : Server check fail, please check server 192.168.10.101 ,port 9848 is available , error ={}

java.util.concurrent.TimeoutException: Waited 3000 milliseconds (plus 13 milliseconds, 909800 nanoseconds delay) for com.alibaba.nacos.shaded.io.grpc.stub.ClientCalls$GrpcFuture@324e0d50[status=PENDING, info=[GrpcFuture{clientCall={delegate={delegate=ClientCallImpl{method=MethodDescriptor{fullMethodName=Request/request, type=UNARY, idempotent=false, safe=false, sampledToLocalTracing=true, requestMarshaller=com.alibaba.nacos.shaded.io.grpc.protobuf.lite.ProtoLiteUtils$MessageMarshaller@24e11377, responseMarshaller=com.alibaba.nacos.shaded.io.grpc.protobuf.lite.ProtoLiteUtils$MessageMarshaller@424f5fa2, schemaDescriptor=com.alibaba.nacos.api.grpc.auto.RequestGrpc$RequestMethodDescriptorSupplier@56847fbc}}}}}]]
	at com.alibaba.nacos.shaded.com.google.common.util.concurrent.AbstractFuture.get(AbstractFuture.java:508) ~[nacos-client-2.0.4.jar:na]
	at com.alibaba.nacos.common.remote.client.grpc.GrpcClient.serverCheck(GrpcClient.java:148) ~[nacos-client-2.0.4.jar:na]
	at com.alibaba.nacos.common.remote.client.grpc.GrpcClient.connectToServer(GrpcClient.java:264) ~[nacos-client-2.0.4.jar:na]
	at com.alibaba.nacos.common.remote.client.RpcClient.reconnect(RpcClient.java:522) ~[nacos-client-2.0.4.jar:na]
	at com.alibaba.nacos.common.remote.client.RpcClient.lambda$start$2(RpcClient.java:370) ~[nacos-client-2.0.4.jar:na]
	at java.base/java.util.concurrent.Executors$RunnableAdapter.call(Executors.java:515) ~[na:na]
	at java.base/java.util.concurrent.FutureTask.run(FutureTask.java:264) ~[na:na]
	at java.base/java.util.concurrent.ScheduledThreadPoolExecutor$ScheduledFutureTask.run(ScheduledThreadPoolExecutor.java:304) ~[na:na]
	at java.base/java.util.concurrent.ThreadPoolExecutor.runWorker(ThreadPoolExecutor.java:1128) ~[na:na]
	at java.base/java.util.concurrent.ThreadPoolExecutor$Worker.run(ThreadPoolExecutor.java:628) ~[na:na]
	at java.base/java.lang.Thread.run(Thread.java:834) ~[na:na]

17-09-35-730  INFO 3240 --- [com.alibaba.nacos.client.remote.worker] com.alibaba.nacos.common.remote.client   : [a244ca18-c11c-4d0a-90eb-25184f5cc6ca] Fail to connect server, after trying 80 times, last try server is {serverIp = '192.168.10.101', server main port = 8848}, error = unknown
17-09-43-761 ERROR 3240 --- [com.alibaba.nacos.client.remote.worker] c.a.n.c.remote.client.grpc.GrpcClient    : Server check fail, please check server 192.168.10.101 ,port 9848 is available , error ={}

java.util.concurrent.TimeoutException: Waited 3000 milliseconds (plus 15 milliseconds, 776300 nanoseconds delay) for com.alibaba.nacos.shaded.io.grpc.stub.ClientCalls$GrpcFuture@7fc5f25f[status=PENDING, info=[GrpcFuture{clientCall={delegate={delegate=ClientCallImpl{method=MethodDescriptor{fullMethodName=Request/request, type=UNARY, idempotent=false, safe=false, sampledToLocalTracing=true, requestMarshaller=com.alibaba.nacos.shaded.io.grpc.protobuf.lite.ProtoLiteUtils$MessageMarshaller@24e11377, responseMarshaller=com.alibaba.nacos.shaded.io.grpc.protobuf.lite.ProtoLiteUtils$MessageMarshaller@424f5fa2, schemaDescriptor=com.alibaba.nacos.api.grpc.auto.RequestGrpc$RequestMethodDescriptorSupplier@56847fbc}}}}}]]
	at com.alibaba.nacos.shaded.com.google.common.util.concurrent.AbstractFuture.get(AbstractFuture.java:508) ~[nacos-client-2.0.4.jar:na]
	at com.alibaba.nacos.common.remote.client.grpc.GrpcClient.serverCheck(GrpcClient.java:148) ~[nacos-client-2.0.4.jar:na]
	at com.alibaba.nacos.common.remote.client.grpc.GrpcClient.connectToServer(GrpcClient.java:264) ~[nacos-client-2.0.4.jar:na]
	at com.alibaba.nacos.common.remote.client.RpcClient.reconnect(RpcClient.java:522) ~[nacos-client-2.0.4.jar:na]
	at com.alibaba.nacos.common.remote.client.RpcClient.lambda$start$2(RpcClient.java:370) ~[nacos-client-2.0.4.jar:na]
	at java.base/java.util.concurrent.Executors$RunnableAdapter.call(Executors.java:515) ~[na:na]
	at java.base/java.util.concurrent.FutureTask.run(FutureTask.java:264) ~[na:na]
	at java.base/java.util.concurrent.ScheduledThreadPoolExecutor$ScheduledFutureTask.run(ScheduledThreadPoolExecutor.java:304) ~[na:na]
	at java.base/java.util.concurrent.ThreadPoolExecutor.runWorker(ThreadPoolExecutor.java:1128) ~[na:na]
	at java.base/java.util.concurrent.ThreadPoolExecutor$Worker.run(ThreadPoolExecutor.java:628) ~[na:na]
	at java.base/java.lang.Thread.run(Thread.java:834) ~[na:na]

17-09-43-762  INFO 3240 --- [com.alibaba.nacos.client.remote.worker] com.alibaba.nacos.common.remote.client   : [a244ca18-c11c-4d0a-90eb-25184f5cc6ca] Fail to connect server, after trying 81 times, last try server is {serverIp = '192.168.10.101', server main port = 8848}, error = unknown
17-09-51-766 ERROR 3240 --- [com.alibaba.nacos.client.remote.worker] c.a.n.c.remote.client.grpc.GrpcClient    : Server check fail, please check server 192.168.10.101 ,port 9848 is available , error ={}

java.util.concurrent.TimeoutException: Waited 3000 milliseconds (plus 571000 nanoseconds delay) for com.alibaba.nacos.shaded.io.grpc.stub.ClientCalls$GrpcFuture@5a951b9e[status=PENDING, info=[GrpcFuture{clientCall={delegate={delegate=ClientCallImpl{method=MethodDescriptor{fullMethodName=Request/request, type=UNARY, idempotent=false, safe=false, sampledToLocalTracing=true, requestMarshaller=com.alibaba.nacos.shaded.io.grpc.protobuf.lite.ProtoLiteUtils$MessageMarshaller@24e11377, responseMarshaller=com.alibaba.nacos.shaded.io.grpc.protobuf.lite.ProtoLiteUtils$MessageMarshaller@424f5fa2, schemaDescriptor=com.alibaba.nacos.api.grpc.auto.RequestGrpc$RequestMethodDescriptorSupplier@56847fbc}}}}}]]
	at com.alibaba.nacos.shaded.com.google.common.util.concurrent.AbstractFuture.get(AbstractFuture.java:508) ~[nacos-client-2.0.4.jar:na]
	at com.alibaba.nacos.common.remote.client.grpc.GrpcClient.serverCheck(GrpcClient.java:148) ~[nacos-client-2.0.4.jar:na]
	at com.alibaba.nacos.common.remote.client.grpc.GrpcClient.connectToServer(GrpcClient.java:264) ~[nacos-client-2.0.4.jar:na]
	at com.alibaba.nacos.common.remote.client.RpcClient.reconnect(RpcClient.java:522) ~[nacos-client-2.0.4.jar:na]
	at com.alibaba.nacos.common.remote.client.RpcClient.lambda$start$2(RpcClient.java:370) ~[nacos-client-2.0.4.jar:na]
	at java.base/java.util.concurrent.Executors$RunnableAdapter.call(Executors.java:515) ~[na:na]
	at java.base/java.util.concurrent.FutureTask.run(FutureTask.java:264) ~[na:na]
	at java.base/java.util.concurrent.ScheduledThreadPoolExecutor$ScheduledFutureTask.run(ScheduledThreadPoolExecutor.java:304) ~[na:na]
	at java.base/java.util.concurrent.ThreadPoolExecutor.runWorker(ThreadPoolExecutor.java:1128) ~[na:na]
	at java.base/java.util.concurrent.ThreadPoolExecutor$Worker.run(ThreadPoolExecutor.java:628) ~[na:na]
	at java.base/java.lang.Thread.run(Thread.java:834) ~[na:na]

17-09-51-768  INFO 3240 --- [com.alibaba.nacos.client.remote.worker] com.alibaba.nacos.common.remote.client   : [a244ca18-c11c-4d0a-90eb-25184f5cc6ca] Fail to connect server, after trying 82 times, last try server is {serverIp = '192.168.10.101', server main port = 8848}, error = unknown
17-09-59-799 ERROR 3240 --- [com.alibaba.nacos.client.remote.worker] c.a.n.c.remote.client.grpc.GrpcClient    : Server check fail, please check server 192.168.10.101 ,port 9848 is available , error ={}

java.util.concurrent.TimeoutException: Waited 3000 milliseconds (plus 15 milliseconds, 548900 nanoseconds delay) for com.alibaba.nacos.shaded.io.grpc.stub.ClientCalls$GrpcFuture@641e319d[status=PENDING, info=[GrpcFuture{clientCall={delegate={delegate=ClientCallImpl{method=MethodDescriptor{fullMethodName=Request/request, type=UNARY, idempotent=false, safe=false, sampledToLocalTracing=true, requestMarshaller=com.alibaba.nacos.shaded.io.grpc.protobuf.lite.ProtoLiteUtils$MessageMarshaller@24e11377, responseMarshaller=com.alibaba.nacos.shaded.io.grpc.protobuf.lite.ProtoLiteUtils$MessageMarshaller@424f5fa2, schemaDescriptor=com.alibaba.nacos.api.grpc.auto.RequestGrpc$RequestMethodDescriptorSupplier@56847fbc}}}}}]]
	at com.alibaba.nacos.shaded.com.google.common.util.concurrent.AbstractFuture.get(AbstractFuture.java:508) ~[nacos-client-2.0.4.jar:na]
	at com.alibaba.nacos.common.remote.client.grpc.GrpcClient.serverCheck(GrpcClient.java:148) ~[nacos-client-2.0.4.jar:na]
	at com.alibaba.nacos.common.remote.client.grpc.GrpcClient.connectToServer(GrpcClient.java:264) ~[nacos-client-2.0.4.jar:na]
	at com.alibaba.nacos.common.remote.client.RpcClient.reconnect(RpcClient.java:522) ~[nacos-client-2.0.4.jar:na]
	at com.alibaba.nacos.common.remote.client.RpcClient.lambda$start$2(RpcClient.java:370) ~[nacos-client-2.0.4.jar:na]
	at java.base/java.util.concurrent.Executors$RunnableAdapter.call(Executors.java:515) ~[na:na]
	at java.base/java.util.concurrent.FutureTask.run(FutureTask.java:264) ~[na:na]
	at java.base/java.util.concurrent.ScheduledThreadPoolExecutor$ScheduledFutureTask.run(ScheduledThreadPoolExecutor.java:304) ~[na:na]
	at java.base/java.util.concurrent.ThreadPoolExecutor.runWorker(ThreadPoolExecutor.java:1128) ~[na:na]
	at java.base/java.util.concurrent.ThreadPoolExecutor$Worker.run(ThreadPoolExecutor.java:628) ~[na:na]
	at java.base/java.lang.Thread.run(Thread.java:834) ~[na:na]

17-09-59-801  INFO 3240 --- [com.alibaba.nacos.client.remote.worker] com.alibaba.nacos.common.remote.client   : [a244ca18-c11c-4d0a-90eb-25184f5cc6ca] Fail to connect server, after trying 83 times, last try server is {serverIp = '192.168.10.101', server main port = 8848}, error = unknown
17-10-07-815 ERROR 3240 --- [com.alibaba.nacos.client.remote.worker] c.a.n.c.remote.client.grpc.GrpcClient    : Server check fail, please check server 192.168.10.101 ,port 9848 is available , error ={}

java.util.concurrent.TimeoutException: Waited 3000 milliseconds (plus 12 milliseconds, 124200 nanoseconds delay) for com.alibaba.nacos.shaded.io.grpc.stub.ClientCalls$GrpcFuture@628c0e6e[status=PENDING, info=[GrpcFuture{clientCall={delegate={delegate=ClientCallImpl{method=MethodDescriptor{fullMethodName=Request/request, type=UNARY, idempotent=false, safe=false, sampledToLocalTracing=true, requestMarshaller=com.alibaba.nacos.shaded.io.grpc.protobuf.lite.ProtoLiteUtils$MessageMarshaller@24e11377, responseMarshaller=com.alibaba.nacos.shaded.io.grpc.protobuf.lite.ProtoLiteUtils$MessageMarshaller@424f5fa2, schemaDescriptor=com.alibaba.nacos.api.grpc.auto.RequestGrpc$RequestMethodDescriptorSupplier@56847fbc}}}}}]]
	at com.alibaba.nacos.shaded.com.google.common.util.concurrent.AbstractFuture.get(AbstractFuture.java:508) ~[nacos-client-2.0.4.jar:na]
	at com.alibaba.nacos.common.remote.client.grpc.GrpcClient.serverCheck(GrpcClient.java:148) ~[nacos-client-2.0.4.jar:na]
	at com.alibaba.nacos.common.remote.client.grpc.GrpcClient.connectToServer(GrpcClient.java:264) ~[nacos-client-2.0.4.jar:na]
	at com.alibaba.nacos.common.remote.client.RpcClient.reconnect(RpcClient.java:522) ~[nacos-client-2.0.4.jar:na]
	at com.alibaba.nacos.common.remote.client.RpcClient.lambda$start$2(RpcClient.java:370) ~[nacos-client-2.0.4.jar:na]
	at java.base/java.util.concurrent.Executors$RunnableAdapter.call(Executors.java:515) ~[na:na]
	at java.base/java.util.concurrent.FutureTask.run(FutureTask.java:264) ~[na:na]
	at java.base/java.util.concurrent.ScheduledThreadPoolExecutor$ScheduledFutureTask.run(ScheduledThreadPoolExecutor.java:304) ~[na:na]
	at java.base/java.util.concurrent.ThreadPoolExecutor.runWorker(ThreadPoolExecutor.java:1128) ~[na:na]
	at java.base/java.util.concurrent.ThreadPoolExecutor$Worker.run(ThreadPoolExecutor.java:628) ~[na:na]
	at java.base/java.lang.Thread.run(Thread.java:834) ~[na:na]

17-10-07-816  INFO 3240 --- [com.alibaba.nacos.client.remote.worker] com.alibaba.nacos.common.remote.client   : [a244ca18-c11c-4d0a-90eb-25184f5cc6ca] Fail to connect server, after trying 84 times, last try server is {serverIp = '192.168.10.101', server main port = 8848}, error = unknown
17-10-15-829 ERROR 3240 --- [com.alibaba.nacos.client.remote.worker] c.a.n.c.remote.client.grpc.GrpcClient    : Server check fail, please check server 192.168.10.101 ,port 9848 is available , error ={}

java.util.concurrent.TimeoutException: Waited 3000 milliseconds (plus 11 milliseconds, 939200 nanoseconds delay) for com.alibaba.nacos.shaded.io.grpc.stub.ClientCalls$GrpcFuture@63946915[status=PENDING, info=[GrpcFuture{clientCall={delegate={delegate=ClientCallImpl{method=MethodDescriptor{fullMethodName=Request/request, type=UNARY, idempotent=false, safe=false, sampledToLocalTracing=true, requestMarshaller=com.alibaba.nacos.shaded.io.grpc.protobuf.lite.ProtoLiteUtils$MessageMarshaller@24e11377, responseMarshaller=com.alibaba.nacos.shaded.io.grpc.protobuf.lite.ProtoLiteUtils$MessageMarshaller@424f5fa2, schemaDescriptor=com.alibaba.nacos.api.grpc.auto.RequestGrpc$RequestMethodDescriptorSupplier@56847fbc}}}}}]]
	at com.alibaba.nacos.shaded.com.google.common.util.concurrent.AbstractFuture.get(AbstractFuture.java:508) ~[nacos-client-2.0.4.jar:na]
	at com.alibaba.nacos.common.remote.client.grpc.GrpcClient.serverCheck(GrpcClient.java:148) ~[nacos-client-2.0.4.jar:na]
	at com.alibaba.nacos.common.remote.client.grpc.GrpcClient.connectToServer(GrpcClient.java:264) ~[nacos-client-2.0.4.jar:na]
	at com.alibaba.nacos.common.remote.client.RpcClient.reconnect(RpcClient.java:522) ~[nacos-client-2.0.4.jar:na]
	at com.alibaba.nacos.common.remote.client.RpcClient.lambda$start$2(RpcClient.java:370) ~[nacos-client-2.0.4.jar:na]
	at java.base/java.util.concurrent.Executors$RunnableAdapter.call(Executors.java:515) ~[na:na]
	at java.base/java.util.concurrent.FutureTask.run(FutureTask.java:264) ~[na:na]
	at java.base/java.util.concurrent.ScheduledThreadPoolExecutor$ScheduledFutureTask.run(ScheduledThreadPoolExecutor.java:304) ~[na:na]
	at java.base/java.util.concurrent.ThreadPoolExecutor.runWorker(ThreadPoolExecutor.java:1128) ~[na:na]
	at java.base/java.util.concurrent.ThreadPoolExecutor$Worker.run(ThreadPoolExecutor.java:628) ~[na:na]
	at java.base/java.lang.Thread.run(Thread.java:834) ~[na:na]

17-10-15-830  INFO 3240 --- [com.alibaba.nacos.client.remote.worker] com.alibaba.nacos.common.remote.client   : [a244ca18-c11c-4d0a-90eb-25184f5cc6ca] Fail to connect server, after trying 85 times, last try server is {serverIp = '192.168.10.101', server main port = 8848}, error = unknown
17-10-23-837 ERROR 3240 --- [com.alibaba.nacos.client.remote.worker] c.a.n.c.remote.client.grpc.GrpcClient    : Server check fail, please check server 192.168.10.101 ,port 9848 is available , error ={}

java.util.concurrent.TimeoutException: Waited 3000 milliseconds (plus 2 milliseconds, 36500 nanoseconds delay) for com.alibaba.nacos.shaded.io.grpc.stub.ClientCalls$GrpcFuture@686e5483[status=PENDING, info=[GrpcFuture{clientCall={delegate={delegate=ClientCallImpl{method=MethodDescriptor{fullMethodName=Request/request, type=UNARY, idempotent=false, safe=false, sampledToLocalTracing=true, requestMarshaller=com.alibaba.nacos.shaded.io.grpc.protobuf.lite.ProtoLiteUtils$MessageMarshaller@24e11377, responseMarshaller=com.alibaba.nacos.shaded.io.grpc.protobuf.lite.ProtoLiteUtils$MessageMarshaller@424f5fa2, schemaDescriptor=com.alibaba.nacos.api.grpc.auto.RequestGrpc$RequestMethodDescriptorSupplier@56847fbc}}}}}]]
	at com.alibaba.nacos.shaded.com.google.common.util.concurrent.AbstractFuture.get(AbstractFuture.java:508) ~[nacos-client-2.0.4.jar:na]
	at com.alibaba.nacos.common.remote.client.grpc.GrpcClient.serverCheck(GrpcClient.java:148) ~[nacos-client-2.0.4.jar:na]
	at com.alibaba.nacos.common.remote.client.grpc.GrpcClient.connectToServer(GrpcClient.java:264) ~[nacos-client-2.0.4.jar:na]
	at com.alibaba.nacos.common.remote.client.RpcClient.reconnect(RpcClient.java:522) ~[nacos-client-2.0.4.jar:na]
	at com.alibaba.nacos.common.remote.client.RpcClient.lambda$start$2(RpcClient.java:370) ~[nacos-client-2.0.4.jar:na]
	at java.base/java.util.concurrent.Executors$RunnableAdapter.call(Executors.java:515) ~[na:na]
	at java.base/java.util.concurrent.FutureTask.run(FutureTask.java:264) ~[na:na]
	at java.base/java.util.concurrent.ScheduledThreadPoolExecutor$ScheduledFutureTask.run(ScheduledThreadPoolExecutor.java:304) ~[na:na]
	at java.base/java.util.concurrent.ThreadPoolExecutor.runWorker(ThreadPoolExecutor.java:1128) ~[na:na]
	at java.base/java.util.concurrent.ThreadPoolExecutor$Worker.run(ThreadPoolExecutor.java:628) ~[na:na]
	at java.base/java.lang.Thread.run(Thread.java:834) ~[na:na]

17-10-23-838  INFO 3240 --- [com.alibaba.nacos.client.remote.worker] com.alibaba.nacos.common.remote.client   : [a244ca18-c11c-4d0a-90eb-25184f5cc6ca] Fail to connect server, after trying 86 times, last try server is {serverIp = '192.168.10.101', server main port = 8848}, error = unknown
17-10-24-037 ERROR 3240 --- [com.alibaba.nacos.client.naming.updater.2] com.alibaba.nacos.common.remote.client   : Send request fail, request = ServiceQueryRequest{headers={app=unknown}, requestId='null'}, retryTimes = 0, errorMessage = Client not connected, current status:UNHEALTHY
17-10-24-146 ERROR 3240 --- [com.alibaba.nacos.client.naming.updater.2] com.alibaba.nacos.common.remote.client   : Send request fail, request = ServiceQueryRequest{headers={app=unknown}, requestId='null'}, retryTimes = 1, errorMessage = Client not connected, current status:UNHEALTHY
17-10-24-253 ERROR 3240 --- [com.alibaba.nacos.client.naming.updater.2] com.alibaba.nacos.common.remote.client   : Send request fail, request = ServiceQueryRequest{headers={app=unknown}, requestId='null'}, retryTimes = 2, errorMessage = Client not connected, current status:UNHEALTHY
17-10-31-857 ERROR 3240 --- [com.alibaba.nacos.client.remote.worker] c.a.n.c.remote.client.grpc.GrpcClient    : Server check fail, please check server 192.168.10.101 ,port 9848 is available , error ={}

java.util.concurrent.TimeoutException: Waited 3000 milliseconds (plus 15 milliseconds, 855600 nanoseconds delay) for com.alibaba.nacos.shaded.io.grpc.stub.ClientCalls$GrpcFuture@1387f799[status=PENDING, info=[GrpcFuture{clientCall={delegate={delegate=ClientCallImpl{method=MethodDescriptor{fullMethodName=Request/request, type=UNARY, idempotent=false, safe=false, sampledToLocalTracing=true, requestMarshaller=com.alibaba.nacos.shaded.io.grpc.protobuf.lite.ProtoLiteUtils$MessageMarshaller@24e11377, responseMarshaller=com.alibaba.nacos.shaded.io.grpc.protobuf.lite.ProtoLiteUtils$MessageMarshaller@424f5fa2, schemaDescriptor=com.alibaba.nacos.api.grpc.auto.RequestGrpc$RequestMethodDescriptorSupplier@56847fbc}}}}}]]
	at com.alibaba.nacos.shaded.com.google.common.util.concurrent.AbstractFuture.get(AbstractFuture.java:508) ~[nacos-client-2.0.4.jar:na]
	at com.alibaba.nacos.common.remote.client.grpc.GrpcClient.serverCheck(GrpcClient.java:148) ~[nacos-client-2.0.4.jar:na]
	at com.alibaba.nacos.common.remote.client.grpc.GrpcClient.connectToServer(GrpcClient.java:264) ~[nacos-client-2.0.4.jar:na]
	at com.alibaba.nacos.common.remote.client.RpcClient.reconnect(RpcClient.java:522) ~[nacos-client-2.0.4.jar:na]
	at com.alibaba.nacos.common.remote.client.RpcClient.lambda$start$2(RpcClient.java:370) ~[nacos-client-2.0.4.jar:na]
	at java.base/java.util.concurrent.Executors$RunnableAdapter.call(Executors.java:515) ~[na:na]
	at java.base/java.util.concurrent.FutureTask.run(FutureTask.java:264) ~[na:na]
	at java.base/java.util.concurrent.ScheduledThreadPoolExecutor$ScheduledFutureTask.run(ScheduledThreadPoolExecutor.java:304) ~[na:na]
	at java.base/java.util.concurrent.ThreadPoolExecutor.runWorker(ThreadPoolExecutor.java:1128) ~[na:na]
	at java.base/java.util.concurrent.ThreadPoolExecutor$Worker.run(ThreadPoolExecutor.java:628) ~[na:na]
	at java.base/java.lang.Thread.run(Thread.java:834) ~[na:na]

17-10-31-858  INFO 3240 --- [com.alibaba.nacos.client.remote.worker] com.alibaba.nacos.common.remote.client   : [a244ca18-c11c-4d0a-90eb-25184f5cc6ca] Fail to connect server, after trying 87 times, last try server is {serverIp = '192.168.10.101', server main port = 8848}, error = unknown
17-10-39-874 ERROR 3240 --- [com.alibaba.nacos.client.remote.worker] c.a.n.c.remote.client.grpc.GrpcClient    : Server check fail, please check server 192.168.10.101 ,port 9848 is available , error ={}

java.util.concurrent.TimeoutException: Waited 3000 milliseconds (plus 722600 nanoseconds delay) for com.alibaba.nacos.shaded.io.grpc.stub.ClientCalls$GrpcFuture@523373fc[status=PENDING, info=[GrpcFuture{clientCall={delegate={delegate=ClientCallImpl{method=MethodDescriptor{fullMethodName=Request/request, type=UNARY, idempotent=false, safe=false, sampledToLocalTracing=true, requestMarshaller=com.alibaba.nacos.shaded.io.grpc.protobuf.lite.ProtoLiteUtils$MessageMarshaller@24e11377, responseMarshaller=com.alibaba.nacos.shaded.io.grpc.protobuf.lite.ProtoLiteUtils$MessageMarshaller@424f5fa2, schemaDescriptor=com.alibaba.nacos.api.grpc.auto.RequestGrpc$RequestMethodDescriptorSupplier@56847fbc}}}}}]]
	at com.alibaba.nacos.shaded.com.google.common.util.concurrent.AbstractFuture.get(AbstractFuture.java:508) ~[nacos-client-2.0.4.jar:na]
	at com.alibaba.nacos.common.remote.client.grpc.GrpcClient.serverCheck(GrpcClient.java:148) ~[nacos-client-2.0.4.jar:na]
	at com.alibaba.nacos.common.remote.client.grpc.GrpcClient.connectToServer(GrpcClient.java:264) ~[nacos-client-2.0.4.jar:na]
	at com.alibaba.nacos.common.remote.client.RpcClient.reconnect(RpcClient.java:522) ~[nacos-client-2.0.4.jar:na]
	at com.alibaba.nacos.common.remote.client.RpcClient.lambda$start$2(RpcClient.java:370) ~[nacos-client-2.0.4.jar:na]
	at java.base/java.util.concurrent.Executors$RunnableAdapter.call(Executors.java:515) ~[na:na]
	at java.base/java.util.concurrent.FutureTask.run(FutureTask.java:264) ~[na:na]
	at java.base/java.util.concurrent.ScheduledThreadPoolExecutor$ScheduledFutureTask.run(ScheduledThreadPoolExecutor.java:304) ~[na:na]
	at java.base/java.util.concurrent.ThreadPoolExecutor.runWorker(ThreadPoolExecutor.java:1128) ~[na:na]
	at java.base/java.util.concurrent.ThreadPoolExecutor$Worker.run(ThreadPoolExecutor.java:628) ~[na:na]
	at java.base/java.lang.Thread.run(Thread.java:834) ~[na:na]

17-10-39-875  INFO 3240 --- [com.alibaba.nacos.client.remote.worker] com.alibaba.nacos.common.remote.client   : [a244ca18-c11c-4d0a-90eb-25184f5cc6ca] Fail to connect server, after trying 88 times, last try server is {serverIp = '192.168.10.101', server main port = 8848}, error = unknown
17-10-47-898 ERROR 3240 --- [com.alibaba.nacos.client.remote.worker] c.a.n.c.remote.client.grpc.GrpcClient    : Server check fail, please check server 192.168.10.101 ,port 9848 is available , error ={}

java.util.concurrent.TimeoutException: Waited 3000 milliseconds (plus 13 milliseconds, 767600 nanoseconds delay) for com.alibaba.nacos.shaded.io.grpc.stub.ClientCalls$GrpcFuture@a69a1f3[status=PENDING, info=[GrpcFuture{clientCall={delegate={delegate=ClientCallImpl{method=MethodDescriptor{fullMethodName=Request/request, type=UNARY, idempotent=false, safe=false, sampledToLocalTracing=true, requestMarshaller=com.alibaba.nacos.shaded.io.grpc.protobuf.lite.ProtoLiteUtils$MessageMarshaller@24e11377, responseMarshaller=com.alibaba.nacos.shaded.io.grpc.protobuf.lite.ProtoLiteUtils$MessageMarshaller@424f5fa2, schemaDescriptor=com.alibaba.nacos.api.grpc.auto.RequestGrpc$RequestMethodDescriptorSupplier@56847fbc}}}}}]]
	at com.alibaba.nacos.shaded.com.google.common.util.concurrent.AbstractFuture.get(AbstractFuture.java:508) ~[nacos-client-2.0.4.jar:na]
	at com.alibaba.nacos.common.remote.client.grpc.GrpcClient.serverCheck(GrpcClient.java:148) ~[nacos-client-2.0.4.jar:na]
	at com.alibaba.nacos.common.remote.client.grpc.GrpcClient.connectToServer(GrpcClient.java:264) ~[nacos-client-2.0.4.jar:na]
	at com.alibaba.nacos.common.remote.client.RpcClient.reconnect(RpcClient.java:522) ~[nacos-client-2.0.4.jar:na]
	at com.alibaba.nacos.common.remote.client.RpcClient.lambda$start$2(RpcClient.java:370) ~[nacos-client-2.0.4.jar:na]
	at java.base/java.util.concurrent.Executors$RunnableAdapter.call(Executors.java:515) ~[na:na]
	at java.base/java.util.concurrent.FutureTask.run(FutureTask.java:264) ~[na:na]
	at java.base/java.util.concurrent.ScheduledThreadPoolExecutor$ScheduledFutureTask.run(ScheduledThreadPoolExecutor.java:304) ~[na:na]
	at java.base/java.util.concurrent.ThreadPoolExecutor.runWorker(ThreadPoolExecutor.java:1128) ~[na:na]
	at java.base/java.util.concurrent.ThreadPoolExecutor$Worker.run(ThreadPoolExecutor.java:628) ~[na:na]
	at java.base/java.lang.Thread.run(Thread.java:834) ~[na:na]

17-10-47-898  INFO 3240 --- [com.alibaba.nacos.client.remote.worker] com.alibaba.nacos.common.remote.client   : [a244ca18-c11c-4d0a-90eb-25184f5cc6ca] Fail to connect server, after trying 89 times, last try server is {serverIp = '192.168.10.101', server main port = 8848}, error = unknown
17-10-55-913 ERROR 3240 --- [com.alibaba.nacos.client.remote.worker] c.a.n.c.remote.client.grpc.GrpcClient    : Server check fail, please check server 192.168.10.101 ,port 9848 is available , error ={}

java.util.concurrent.TimeoutException: Waited 3000 milliseconds (plus 4 milliseconds, 194300 nanoseconds delay) for com.alibaba.nacos.shaded.io.grpc.stub.ClientCalls$GrpcFuture@447251d5[status=PENDING, info=[GrpcFuture{clientCall={delegate={delegate=ClientCallImpl{method=MethodDescriptor{fullMethodName=Request/request, type=UNARY, idempotent=false, safe=false, sampledToLocalTracing=true, requestMarshaller=com.alibaba.nacos.shaded.io.grpc.protobuf.lite.ProtoLiteUtils$MessageMarshaller@24e11377, responseMarshaller=com.alibaba.nacos.shaded.io.grpc.protobuf.lite.ProtoLiteUtils$MessageMarshaller@424f5fa2, schemaDescriptor=com.alibaba.nacos.api.grpc.auto.RequestGrpc$RequestMethodDescriptorSupplier@56847fbc}}}}}]]
	at com.alibaba.nacos.shaded.com.google.common.util.concurrent.AbstractFuture.get(AbstractFuture.java:508) ~[nacos-client-2.0.4.jar:na]
	at com.alibaba.nacos.common.remote.client.grpc.GrpcClient.serverCheck(GrpcClient.java:148) ~[nacos-client-2.0.4.jar:na]
	at com.alibaba.nacos.common.remote.client.grpc.GrpcClient.connectToServer(GrpcClient.java:264) ~[nacos-client-2.0.4.jar:na]
	at com.alibaba.nacos.common.remote.client.RpcClient.reconnect(RpcClient.java:522) ~[nacos-client-2.0.4.jar:na]
	at com.alibaba.nacos.common.remote.client.RpcClient.lambda$start$2(RpcClient.java:370) ~[nacos-client-2.0.4.jar:na]
	at java.base/java.util.concurrent.Executors$RunnableAdapter.call(Executors.java:515) ~[na:na]
	at java.base/java.util.concurrent.FutureTask.run(FutureTask.java:264) ~[na:na]
	at java.base/java.util.concurrent.ScheduledThreadPoolExecutor$ScheduledFutureTask.run(ScheduledThreadPoolExecutor.java:304) ~[na:na]
	at java.base/java.util.concurrent.ThreadPoolExecutor.runWorker(ThreadPoolExecutor.java:1128) ~[na:na]
	at java.base/java.util.concurrent.ThreadPoolExecutor$Worker.run(ThreadPoolExecutor.java:628) ~[na:na]
	at java.base/java.lang.Thread.run(Thread.java:834) ~[na:na]

17-10-55-914  INFO 3240 --- [com.alibaba.nacos.client.remote.worker] com.alibaba.nacos.common.remote.client   : [a244ca18-c11c-4d0a-90eb-25184f5cc6ca] Fail to connect server, after trying 90 times, last try server is {serverIp = '192.168.10.101', server main port = 8848}, error = unknown
17-11-03-938 ERROR 3240 --- [com.alibaba.nacos.client.remote.worker] c.a.n.c.remote.client.grpc.GrpcClient    : Server check fail, please check server 192.168.10.101 ,port 9848 is available , error ={}

java.util.concurrent.TimeoutException: Waited 3000 milliseconds (plus 15 milliseconds, 523500 nanoseconds delay) for com.alibaba.nacos.shaded.io.grpc.stub.ClientCalls$GrpcFuture@8670675[status=PENDING, info=[GrpcFuture{clientCall={delegate={delegate=ClientCallImpl{method=MethodDescriptor{fullMethodName=Request/request, type=UNARY, idempotent=false, safe=false, sampledToLocalTracing=true, requestMarshaller=com.alibaba.nacos.shaded.io.grpc.protobuf.lite.ProtoLiteUtils$MessageMarshaller@24e11377, responseMarshaller=com.alibaba.nacos.shaded.io.grpc.protobuf.lite.ProtoLiteUtils$MessageMarshaller@424f5fa2, schemaDescriptor=com.alibaba.nacos.api.grpc.auto.RequestGrpc$RequestMethodDescriptorSupplier@56847fbc}}}}}]]
	at com.alibaba.nacos.shaded.com.google.common.util.concurrent.AbstractFuture.get(AbstractFuture.java:508) ~[nacos-client-2.0.4.jar:na]
	at com.alibaba.nacos.common.remote.client.grpc.GrpcClient.serverCheck(GrpcClient.java:148) ~[nacos-client-2.0.4.jar:na]
	at com.alibaba.nacos.common.remote.client.grpc.GrpcClient.connectToServer(GrpcClient.java:264) ~[nacos-client-2.0.4.jar:na]
	at com.alibaba.nacos.common.remote.client.RpcClient.reconnect(RpcClient.java:522) ~[nacos-client-2.0.4.jar:na]
	at com.alibaba.nacos.common.remote.client.RpcClient.lambda$start$2(RpcClient.java:370) ~[nacos-client-2.0.4.jar:na]
	at java.base/java.util.concurrent.Executors$RunnableAdapter.call(Executors.java:515) ~[na:na]
	at java.base/java.util.concurrent.FutureTask.run(FutureTask.java:264) ~[na:na]
	at java.base/java.util.concurrent.ScheduledThreadPoolExecutor$ScheduledFutureTask.run(ScheduledThreadPoolExecutor.java:304) ~[na:na]
	at java.base/java.util.concurrent.ThreadPoolExecutor.runWorker(ThreadPoolExecutor.java:1128) ~[na:na]
	at java.base/java.util.concurrent.ThreadPoolExecutor$Worker.run(ThreadPoolExecutor.java:628) ~[na:na]
	at java.base/java.lang.Thread.run(Thread.java:834) ~[na:na]

17-11-03-939  INFO 3240 --- [com.alibaba.nacos.client.remote.worker] com.alibaba.nacos.common.remote.client   : [a244ca18-c11c-4d0a-90eb-25184f5cc6ca] Fail to connect server, after trying 91 times, last try server is {serverIp = '192.168.10.101', server main port = 8848}, error = unknown
17-11-11-944 ERROR 3240 --- [com.alibaba.nacos.client.remote.worker] c.a.n.c.remote.client.grpc.GrpcClient    : Server check fail, please check server 192.168.10.101 ,port 9848 is available , error ={}

java.util.concurrent.TimeoutException: Waited 3000 milliseconds (plus 3 milliseconds, 286400 nanoseconds delay) for com.alibaba.nacos.shaded.io.grpc.stub.ClientCalls$GrpcFuture@5151771c[status=PENDING, info=[GrpcFuture{clientCall={delegate={delegate=ClientCallImpl{method=MethodDescriptor{fullMethodName=Request/request, type=UNARY, idempotent=false, safe=false, sampledToLocalTracing=true, requestMarshaller=com.alibaba.nacos.shaded.io.grpc.protobuf.lite.ProtoLiteUtils$MessageMarshaller@24e11377, responseMarshaller=com.alibaba.nacos.shaded.io.grpc.protobuf.lite.ProtoLiteUtils$MessageMarshaller@424f5fa2, schemaDescriptor=com.alibaba.nacos.api.grpc.auto.RequestGrpc$RequestMethodDescriptorSupplier@56847fbc}}}}}]]
	at com.alibaba.nacos.shaded.com.google.common.util.concurrent.AbstractFuture.get(AbstractFuture.java:508) ~[nacos-client-2.0.4.jar:na]
	at com.alibaba.nacos.common.remote.client.grpc.GrpcClient.serverCheck(GrpcClient.java:148) ~[nacos-client-2.0.4.jar:na]
	at com.alibaba.nacos.common.remote.client.grpc.GrpcClient.connectToServer(GrpcClient.java:264) ~[nacos-client-2.0.4.jar:na]
	at com.alibaba.nacos.common.remote.client.RpcClient.reconnect(RpcClient.java:522) ~[nacos-client-2.0.4.jar:na]
	at com.alibaba.nacos.common.remote.client.RpcClient.lambda$start$2(RpcClient.java:370) ~[nacos-client-2.0.4.jar:na]
	at java.base/java.util.concurrent.Executors$RunnableAdapter.call(Executors.java:515) ~[na:na]
	at java.base/java.util.concurrent.FutureTask.run(FutureTask.java:264) ~[na:na]
	at java.base/java.util.concurrent.ScheduledThreadPoolExecutor$ScheduledFutureTask.run(ScheduledThreadPoolExecutor.java:304) ~[na:na]
	at java.base/java.util.concurrent.ThreadPoolExecutor.runWorker(ThreadPoolExecutor.java:1128) ~[na:na]
	at java.base/java.util.concurrent.ThreadPoolExecutor$Worker.run(ThreadPoolExecutor.java:628) ~[na:na]
	at java.base/java.lang.Thread.run(Thread.java:834) ~[na:na]

17-11-11-946  INFO 3240 --- [com.alibaba.nacos.client.remote.worker] com.alibaba.nacos.common.remote.client   : [a244ca18-c11c-4d0a-90eb-25184f5cc6ca] Fail to connect server, after trying 92 times, last try server is {serverIp = '192.168.10.101', server main port = 8848}, error = unknown
17-11-19-965 ERROR 3240 --- [com.alibaba.nacos.client.remote.worker] c.a.n.c.remote.client.grpc.GrpcClient    : Server check fail, please check server 192.168.10.101 ,port 9848 is available , error ={}

java.util.concurrent.TimeoutException: Waited 3000 milliseconds (plus 12 milliseconds, 794500 nanoseconds delay) for com.alibaba.nacos.shaded.io.grpc.stub.ClientCalls$GrpcFuture@430ada60[status=PENDING, info=[GrpcFuture{clientCall={delegate={delegate=ClientCallImpl{method=MethodDescriptor{fullMethodName=Request/request, type=UNARY, idempotent=false, safe=false, sampledToLocalTracing=true, requestMarshaller=com.alibaba.nacos.shaded.io.grpc.protobuf.lite.ProtoLiteUtils$MessageMarshaller@24e11377, responseMarshaller=com.alibaba.nacos.shaded.io.grpc.protobuf.lite.ProtoLiteUtils$MessageMarshaller@424f5fa2, schemaDescriptor=com.alibaba.nacos.api.grpc.auto.RequestGrpc$RequestMethodDescriptorSupplier@56847fbc}}}}}]]
	at com.alibaba.nacos.shaded.com.google.common.util.concurrent.AbstractFuture.get(AbstractFuture.java:508) ~[nacos-client-2.0.4.jar:na]
	at com.alibaba.nacos.common.remote.client.grpc.GrpcClient.serverCheck(GrpcClient.java:148) ~[nacos-client-2.0.4.jar:na]
	at com.alibaba.nacos.common.remote.client.grpc.GrpcClient.connectToServer(GrpcClient.java:264) ~[nacos-client-2.0.4.jar:na]
	at com.alibaba.nacos.common.remote.client.RpcClient.reconnect(RpcClient.java:522) ~[nacos-client-2.0.4.jar:na]
	at com.alibaba.nacos.common.remote.client.RpcClient.lambda$start$2(RpcClient.java:370) ~[nacos-client-2.0.4.jar:na]
	at java.base/java.util.concurrent.Executors$RunnableAdapter.call(Executors.java:515) ~[na:na]
	at java.base/java.util.concurrent.FutureTask.run(FutureTask.java:264) ~[na:na]
	at java.base/java.util.concurrent.ScheduledThreadPoolExecutor$ScheduledFutureTask.run(ScheduledThreadPoolExecutor.java:304) ~[na:na]
	at java.base/java.util.concurrent.ThreadPoolExecutor.runWorker(ThreadPoolExecutor.java:1128) ~[na:na]
	at java.base/java.util.concurrent.ThreadPoolExecutor$Worker.run(ThreadPoolExecutor.java:628) ~[na:na]
	at java.base/java.lang.Thread.run(Thread.java:834) ~[na:na]

17-11-19-965  INFO 3240 --- [com.alibaba.nacos.client.remote.worker] com.alibaba.nacos.common.remote.client   : [a244ca18-c11c-4d0a-90eb-25184f5cc6ca] Fail to connect server, after trying 93 times, last try server is {serverIp = '192.168.10.101', server main port = 8848}, error = unknown
17-11-24-367 ERROR 3240 --- [com.alibaba.nacos.client.naming.updater.2] com.alibaba.nacos.common.remote.client   : Send request fail, request = ServiceQueryRequest{headers={app=unknown}, requestId='null'}, retryTimes = 0, errorMessage = Client not connected, current status:UNHEALTHY
17-11-24-475 ERROR 3240 --- [com.alibaba.nacos.client.naming.updater.2] com.alibaba.nacos.common.remote.client   : Send request fail, request = ServiceQueryRequest{headers={app=unknown}, requestId='null'}, retryTimes = 1, errorMessage = Client not connected, current status:UNHEALTHY
17-11-24-582 ERROR 3240 --- [com.alibaba.nacos.client.naming.updater.2] com.alibaba.nacos.common.remote.client   : Send request fail, request = ServiceQueryRequest{headers={app=unknown}, requestId='null'}, retryTimes = 2, errorMessage = Client not connected, current status:UNHEALTHY
17-11-27-985 ERROR 3240 --- [com.alibaba.nacos.client.remote.worker] c.a.n.c.remote.client.grpc.GrpcClient    : Server check fail, please check server 192.168.10.101 ,port 9848 is available , error ={}

java.util.concurrent.TimeoutException: Waited 3000 milliseconds (plus 15 milliseconds, 489900 nanoseconds delay) for com.alibaba.nacos.shaded.io.grpc.stub.ClientCalls$GrpcFuture@677ad72a[status=PENDING, info=[GrpcFuture{clientCall={delegate={delegate=ClientCallImpl{method=MethodDescriptor{fullMethodName=Request/request, type=UNARY, idempotent=false, safe=false, sampledToLocalTracing=true, requestMarshaller=com.alibaba.nacos.shaded.io.grpc.protobuf.lite.ProtoLiteUtils$MessageMarshaller@24e11377, responseMarshaller=com.alibaba.nacos.shaded.io.grpc.protobuf.lite.ProtoLiteUtils$MessageMarshaller@424f5fa2, schemaDescriptor=com.alibaba.nacos.api.grpc.auto.RequestGrpc$RequestMethodDescriptorSupplier@56847fbc}}}}}]]
	at com.alibaba.nacos.shaded.com.google.common.util.concurrent.AbstractFuture.get(AbstractFuture.java:508) ~[nacos-client-2.0.4.jar:na]
	at com.alibaba.nacos.common.remote.client.grpc.GrpcClient.serverCheck(GrpcClient.java:148) ~[nacos-client-2.0.4.jar:na]
	at com.alibaba.nacos.common.remote.client.grpc.GrpcClient.connectToServer(GrpcClient.java:264) ~[nacos-client-2.0.4.jar:na]
	at com.alibaba.nacos.common.remote.client.RpcClient.reconnect(RpcClient.java:522) ~[nacos-client-2.0.4.jar:na]
	at com.alibaba.nacos.common.remote.client.RpcClient.lambda$start$2(RpcClient.java:370) ~[nacos-client-2.0.4.jar:na]
	at java.base/java.util.concurrent.Executors$RunnableAdapter.call(Executors.java:515) ~[na:na]
	at java.base/java.util.concurrent.FutureTask.run(FutureTask.java:264) ~[na:na]
	at java.base/java.util.concurrent.ScheduledThreadPoolExecutor$ScheduledFutureTask.run(ScheduledThreadPoolExecutor.java:304) ~[na:na]
	at java.base/java.util.concurrent.ThreadPoolExecutor.runWorker(ThreadPoolExecutor.java:1128) ~[na:na]
	at java.base/java.util.concurrent.ThreadPoolExecutor$Worker.run(ThreadPoolExecutor.java:628) ~[na:na]
	at java.base/java.lang.Thread.run(Thread.java:834) ~[na:na]

17-11-27-986  INFO 3240 --- [com.alibaba.nacos.client.remote.worker] com.alibaba.nacos.common.remote.client   : [a244ca18-c11c-4d0a-90eb-25184f5cc6ca] Fail to connect server, after trying 94 times, last try server is {serverIp = '192.168.10.101', server main port = 8848}, error = unknown
17-11-36-002 ERROR 3240 --- [com.alibaba.nacos.client.remote.worker] c.a.n.c.remote.client.grpc.GrpcClient    : Server check fail, please check server 192.168.10.101 ,port 9848 is available , error ={}

java.util.concurrent.TimeoutException: Waited 3000 milliseconds (plus 13 milliseconds, 331800 nanoseconds delay) for com.alibaba.nacos.shaded.io.grpc.stub.ClientCalls$GrpcFuture@45b10b30[status=PENDING, info=[GrpcFuture{clientCall={delegate={delegate=ClientCallImpl{method=MethodDescriptor{fullMethodName=Request/request, type=UNARY, idempotent=false, safe=false, sampledToLocalTracing=true, requestMarshaller=com.alibaba.nacos.shaded.io.grpc.protobuf.lite.ProtoLiteUtils$MessageMarshaller@24e11377, responseMarshaller=com.alibaba.nacos.shaded.io.grpc.protobuf.lite.ProtoLiteUtils$MessageMarshaller@424f5fa2, schemaDescriptor=com.alibaba.nacos.api.grpc.auto.RequestGrpc$RequestMethodDescriptorSupplier@56847fbc}}}}}]]
	at com.alibaba.nacos.shaded.com.google.common.util.concurrent.AbstractFuture.get(AbstractFuture.java:508) ~[nacos-client-2.0.4.jar:na]
	at com.alibaba.nacos.common.remote.client.grpc.GrpcClient.serverCheck(GrpcClient.java:148) ~[nacos-client-2.0.4.jar:na]
	at com.alibaba.nacos.common.remote.client.grpc.GrpcClient.connectToServer(GrpcClient.java:264) ~[nacos-client-2.0.4.jar:na]
	at com.alibaba.nacos.common.remote.client.RpcClient.reconnect(RpcClient.java:522) ~[nacos-client-2.0.4.jar:na]
	at com.alibaba.nacos.common.remote.client.RpcClient.lambda$start$2(RpcClient.java:370) ~[nacos-client-2.0.4.jar:na]
	at java.base/java.util.concurrent.Executors$RunnableAdapter.call(Executors.java:515) ~[na:na]
	at java.base/java.util.concurrent.FutureTask.run(FutureTask.java:264) ~[na:na]
	at java.base/java.util.concurrent.ScheduledThreadPoolExecutor$ScheduledFutureTask.run(ScheduledThreadPoolExecutor.java:304) ~[na:na]
	at java.base/java.util.concurrent.ThreadPoolExecutor.runWorker(ThreadPoolExecutor.java:1128) ~[na:na]
	at java.base/java.util.concurrent.ThreadPoolExecutor$Worker.run(ThreadPoolExecutor.java:628) ~[na:na]
	at java.base/java.lang.Thread.run(Thread.java:834) ~[na:na]

17-11-36-004  INFO 3240 --- [com.alibaba.nacos.client.remote.worker] com.alibaba.nacos.common.remote.client   : [a244ca18-c11c-4d0a-90eb-25184f5cc6ca] Fail to connect server, after trying 95 times, last try server is {serverIp = '192.168.10.101', server main port = 8848}, error = unknown
17-11-44-023 ERROR 3240 --- [com.alibaba.nacos.client.remote.worker] c.a.n.c.remote.client.grpc.GrpcClient    : Server check fail, please check server 192.168.10.101 ,port 9848 is available , error ={}

java.util.concurrent.TimeoutException: Waited 3000 milliseconds (plus 4 milliseconds, 211700 nanoseconds delay) for com.alibaba.nacos.shaded.io.grpc.stub.ClientCalls$GrpcFuture@789b5f9d[status=PENDING, info=[GrpcFuture{clientCall={delegate={delegate=ClientCallImpl{method=MethodDescriptor{fullMethodName=Request/request, type=UNARY, idempotent=false, safe=false, sampledToLocalTracing=true, requestMarshaller=com.alibaba.nacos.shaded.io.grpc.protobuf.lite.ProtoLiteUtils$MessageMarshaller@24e11377, responseMarshaller=com.alibaba.nacos.shaded.io.grpc.protobuf.lite.ProtoLiteUtils$MessageMarshaller@424f5fa2, schemaDescriptor=com.alibaba.nacos.api.grpc.auto.RequestGrpc$RequestMethodDescriptorSupplier@56847fbc}}}}}]]
	at com.alibaba.nacos.shaded.com.google.common.util.concurrent.AbstractFuture.get(AbstractFuture.java:508) ~[nacos-client-2.0.4.jar:na]
	at com.alibaba.nacos.common.remote.client.grpc.GrpcClient.serverCheck(GrpcClient.java:148) ~[nacos-client-2.0.4.jar:na]
	at com.alibaba.nacos.common.remote.client.grpc.GrpcClient.connectToServer(GrpcClient.java:264) ~[nacos-client-2.0.4.jar:na]
	at com.alibaba.nacos.common.remote.client.RpcClient.reconnect(RpcClient.java:522) ~[nacos-client-2.0.4.jar:na]
	at com.alibaba.nacos.common.remote.client.RpcClient.lambda$start$2(RpcClient.java:370) ~[nacos-client-2.0.4.jar:na]
	at java.base/java.util.concurrent.Executors$RunnableAdapter.call(Executors.java:515) ~[na:na]
	at java.base/java.util.concurrent.FutureTask.run(FutureTask.java:264) ~[na:na]
	at java.base/java.util.concurrent.ScheduledThreadPoolExecutor$ScheduledFutureTask.run(ScheduledThreadPoolExecutor.java:304) ~[na:na]
	at java.base/java.util.concurrent.ThreadPoolExecutor.runWorker(ThreadPoolExecutor.java:1128) ~[na:na]
	at java.base/java.util.concurrent.ThreadPoolExecutor$Worker.run(ThreadPoolExecutor.java:628) ~[na:na]
	at java.base/java.lang.Thread.run(Thread.java:834) ~[na:na]

17-11-44-025  INFO 3240 --- [com.alibaba.nacos.client.remote.worker] com.alibaba.nacos.common.remote.client   : [a244ca18-c11c-4d0a-90eb-25184f5cc6ca] Fail to connect server, after trying 96 times, last try server is {serverIp = '192.168.10.101', server main port = 8848}, error = unknown
17-11-52-042 ERROR 3240 --- [com.alibaba.nacos.client.remote.worker] c.a.n.c.remote.client.grpc.GrpcClient    : Server check fail, please check server 192.168.10.101 ,port 9848 is available , error ={}

java.util.concurrent.TimeoutException: Waited 3000 milliseconds (plus 2 milliseconds, 476500 nanoseconds delay) for com.alibaba.nacos.shaded.io.grpc.stub.ClientCalls$GrpcFuture@a52a759[status=PENDING, info=[GrpcFuture{clientCall={delegate={delegate=ClientCallImpl{method=MethodDescriptor{fullMethodName=Request/request, type=UNARY, idempotent=false, safe=false, sampledToLocalTracing=true, requestMarshaller=com.alibaba.nacos.shaded.io.grpc.protobuf.lite.ProtoLiteUtils$MessageMarshaller@24e11377, responseMarshaller=com.alibaba.nacos.shaded.io.grpc.protobuf.lite.ProtoLiteUtils$MessageMarshaller@424f5fa2, schemaDescriptor=com.alibaba.nacos.api.grpc.auto.RequestGrpc$RequestMethodDescriptorSupplier@56847fbc}}}}}]]
	at com.alibaba.nacos.shaded.com.google.common.util.concurrent.AbstractFuture.get(AbstractFuture.java:508) ~[nacos-client-2.0.4.jar:na]
	at com.alibaba.nacos.common.remote.client.grpc.GrpcClient.serverCheck(GrpcClient.java:148) ~[nacos-client-2.0.4.jar:na]
	at com.alibaba.nacos.common.remote.client.grpc.GrpcClient.connectToServer(GrpcClient.java:264) ~[nacos-client-2.0.4.jar:na]
	at com.alibaba.nacos.common.remote.client.RpcClient.reconnect(RpcClient.java:522) ~[nacos-client-2.0.4.jar:na]
	at com.alibaba.nacos.common.remote.client.RpcClient.lambda$start$2(RpcClient.java:370) ~[nacos-client-2.0.4.jar:na]
	at java.base/java.util.concurrent.Executors$RunnableAdapter.call(Executors.java:515) ~[na:na]
	at java.base/java.util.concurrent.FutureTask.run(FutureTask.java:264) ~[na:na]
	at java.base/java.util.concurrent.ScheduledThreadPoolExecutor$ScheduledFutureTask.run(ScheduledThreadPoolExecutor.java:304) ~[na:na]
	at java.base/java.util.concurrent.ThreadPoolExecutor.runWorker(ThreadPoolExecutor.java:1128) ~[na:na]
	at java.base/java.util.concurrent.ThreadPoolExecutor$Worker.run(ThreadPoolExecutor.java:628) ~[na:na]
	at java.base/java.lang.Thread.run(Thread.java:834) ~[na:na]

17-11-52-043  INFO 3240 --- [com.alibaba.nacos.client.remote.worker] com.alibaba.nacos.common.remote.client   : [a244ca18-c11c-4d0a-90eb-25184f5cc6ca] Fail to connect server, after trying 97 times, last try server is {serverIp = '192.168.10.101', server main port = 8848}, error = unknown
17-12-00-062 ERROR 3240 --- [com.alibaba.nacos.client.remote.worker] c.a.n.c.remote.client.grpc.GrpcClient    : Server check fail, please check server 192.168.10.101 ,port 9848 is available , error ={}

java.util.concurrent.TimeoutException: Waited 3000 milliseconds (plus 5 milliseconds, 746600 nanoseconds delay) for com.alibaba.nacos.shaded.io.grpc.stub.ClientCalls$GrpcFuture@7c850a4f[status=PENDING, info=[GrpcFuture{clientCall={delegate={delegate=ClientCallImpl{method=MethodDescriptor{fullMethodName=Request/request, type=UNARY, idempotent=false, safe=false, sampledToLocalTracing=true, requestMarshaller=com.alibaba.nacos.shaded.io.grpc.protobuf.lite.ProtoLiteUtils$MessageMarshaller@24e11377, responseMarshaller=com.alibaba.nacos.shaded.io.grpc.protobuf.lite.ProtoLiteUtils$MessageMarshaller@424f5fa2, schemaDescriptor=com.alibaba.nacos.api.grpc.auto.RequestGrpc$RequestMethodDescriptorSupplier@56847fbc}}}}}]]
	at com.alibaba.nacos.shaded.com.google.common.util.concurrent.AbstractFuture.get(AbstractFuture.java:508) ~[nacos-client-2.0.4.jar:na]
	at com.alibaba.nacos.common.remote.client.grpc.GrpcClient.serverCheck(GrpcClient.java:148) ~[nacos-client-2.0.4.jar:na]
	at com.alibaba.nacos.common.remote.client.grpc.GrpcClient.connectToServer(GrpcClient.java:264) ~[nacos-client-2.0.4.jar:na]
	at com.alibaba.nacos.common.remote.client.RpcClient.reconnect(RpcClient.java:522) ~[nacos-client-2.0.4.jar:na]
	at com.alibaba.nacos.common.remote.client.RpcClient.lambda$start$2(RpcClient.java:370) ~[nacos-client-2.0.4.jar:na]
	at java.base/java.util.concurrent.Executors$RunnableAdapter.call(Executors.java:515) ~[na:na]
	at java.base/java.util.concurrent.FutureTask.run(FutureTask.java:264) ~[na:na]
	at java.base/java.util.concurrent.ScheduledThreadPoolExecutor$ScheduledFutureTask.run(ScheduledThreadPoolExecutor.java:304) ~[na:na]
	at java.base/java.util.concurrent.ThreadPoolExecutor.runWorker(ThreadPoolExecutor.java:1128) ~[na:na]
	at java.base/java.util.concurrent.ThreadPoolExecutor$Worker.run(ThreadPoolExecutor.java:628) ~[na:na]
	at java.base/java.lang.Thread.run(Thread.java:834) ~[na:na]

17-12-00-063  INFO 3240 --- [com.alibaba.nacos.client.remote.worker] com.alibaba.nacos.common.remote.client   : [a244ca18-c11c-4d0a-90eb-25184f5cc6ca] Fail to connect server, after trying 98 times, last try server is {serverIp = '192.168.10.101', server main port = 8848}, error = unknown
17-12-08-090 ERROR 3240 --- [com.alibaba.nacos.client.remote.worker] c.a.n.c.remote.client.grpc.GrpcClient    : Server check fail, please check server 192.168.10.101 ,port 9848 is available , error ={}

java.util.concurrent.TimeoutException: Waited 3000 milliseconds (plus 15 milliseconds, 184200 nanoseconds delay) for com.alibaba.nacos.shaded.io.grpc.stub.ClientCalls$GrpcFuture@6be22662[status=PENDING, info=[GrpcFuture{clientCall={delegate={delegate=ClientCallImpl{method=MethodDescriptor{fullMethodName=Request/request, type=UNARY, idempotent=false, safe=false, sampledToLocalTracing=true, requestMarshaller=com.alibaba.nacos.shaded.io.grpc.protobuf.lite.ProtoLiteUtils$MessageMarshaller@24e11377, responseMarshaller=com.alibaba.nacos.shaded.io.grpc.protobuf.lite.ProtoLiteUtils$MessageMarshaller@424f5fa2, schemaDescriptor=com.alibaba.nacos.api.grpc.auto.RequestGrpc$RequestMethodDescriptorSupplier@56847fbc}}}}}]]
	at com.alibaba.nacos.shaded.com.google.common.util.concurrent.AbstractFuture.get(AbstractFuture.java:508) ~[nacos-client-2.0.4.jar:na]
	at com.alibaba.nacos.common.remote.client.grpc.GrpcClient.serverCheck(GrpcClient.java:148) ~[nacos-client-2.0.4.jar:na]
	at com.alibaba.nacos.common.remote.client.grpc.GrpcClient.connectToServer(GrpcClient.java:264) ~[nacos-client-2.0.4.jar:na]
	at com.alibaba.nacos.common.remote.client.RpcClient.reconnect(RpcClient.java:522) ~[nacos-client-2.0.4.jar:na]
	at com.alibaba.nacos.common.remote.client.RpcClient.lambda$start$2(RpcClient.java:370) ~[nacos-client-2.0.4.jar:na]
	at java.base/java.util.concurrent.Executors$RunnableAdapter.call(Executors.java:515) ~[na:na]
	at java.base/java.util.concurrent.FutureTask.run(FutureTask.java:264) ~[na:na]
	at java.base/java.util.concurrent.ScheduledThreadPoolExecutor$ScheduledFutureTask.run(ScheduledThreadPoolExecutor.java:304) ~[na:na]
	at java.base/java.util.concurrent.ThreadPoolExecutor.runWorker(ThreadPoolExecutor.java:1128) ~[na:na]
	at java.base/java.util.concurrent.ThreadPoolExecutor$Worker.run(ThreadPoolExecutor.java:628) ~[na:na]
	at java.base/java.lang.Thread.run(Thread.java:834) ~[na:na]

17-12-08-091  INFO 3240 --- [com.alibaba.nacos.client.remote.worker] com.alibaba.nacos.common.remote.client   : [a244ca18-c11c-4d0a-90eb-25184f5cc6ca] Fail to connect server, after trying 99 times, last try server is {serverIp = '192.168.10.101', server main port = 8848}, error = unknown
17-12-16-101 ERROR 3240 --- [com.alibaba.nacos.client.remote.worker] c.a.n.c.remote.client.grpc.GrpcClient    : Server check fail, please check server 192.168.10.101 ,port 9848 is available , error ={}

java.util.concurrent.TimeoutException: Waited 3000 milliseconds (plus 875600 nanoseconds delay) for com.alibaba.nacos.shaded.io.grpc.stub.ClientCalls$GrpcFuture@41a965e0[status=PENDING, info=[GrpcFuture{clientCall={delegate={delegate=ClientCallImpl{method=MethodDescriptor{fullMethodName=Request/request, type=UNARY, idempotent=false, safe=false, sampledToLocalTracing=true, requestMarshaller=com.alibaba.nacos.shaded.io.grpc.protobuf.lite.ProtoLiteUtils$MessageMarshaller@24e11377, responseMarshaller=com.alibaba.nacos.shaded.io.grpc.protobuf.lite.ProtoLiteUtils$MessageMarshaller@424f5fa2, schemaDescriptor=com.alibaba.nacos.api.grpc.auto.RequestGrpc$RequestMethodDescriptorSupplier@56847fbc}}}}}]]
	at com.alibaba.nacos.shaded.com.google.common.util.concurrent.AbstractFuture.get(AbstractFuture.java:508) ~[nacos-client-2.0.4.jar:na]
	at com.alibaba.nacos.common.remote.client.grpc.GrpcClient.serverCheck(GrpcClient.java:148) ~[nacos-client-2.0.4.jar:na]
	at com.alibaba.nacos.common.remote.client.grpc.GrpcClient.connectToServer(GrpcClient.java:264) ~[nacos-client-2.0.4.jar:na]
	at com.alibaba.nacos.common.remote.client.RpcClient.reconnect(RpcClient.java:522) ~[nacos-client-2.0.4.jar:na]
	at com.alibaba.nacos.common.remote.client.RpcClient.lambda$start$2(RpcClient.java:370) ~[nacos-client-2.0.4.jar:na]
	at java.base/java.util.concurrent.Executors$RunnableAdapter.call(Executors.java:515) ~[na:na]
	at java.base/java.util.concurrent.FutureTask.run(FutureTask.java:264) ~[na:na]
	at java.base/java.util.concurrent.ScheduledThreadPoolExecutor$ScheduledFutureTask.run(ScheduledThreadPoolExecutor.java:304) ~[na:na]
	at java.base/java.util.concurrent.ThreadPoolExecutor.runWorker(ThreadPoolExecutor.java:1128) ~[na:na]
	at java.base/java.util.concurrent.ThreadPoolExecutor$Worker.run(ThreadPoolExecutor.java:628) ~[na:na]
	at java.base/java.lang.Thread.run(Thread.java:834) ~[na:na]

17-12-16-102  INFO 3240 --- [com.alibaba.nacos.client.remote.worker] com.alibaba.nacos.common.remote.client   : [a244ca18-c11c-4d0a-90eb-25184f5cc6ca] Fail to connect server, after trying 100 times, last try server is {serverIp = '192.168.10.101', server main port = 8848}, error = unknown
17-12-24-127 ERROR 3240 --- [com.alibaba.nacos.client.remote.worker] c.a.n.c.remote.client.grpc.GrpcClient    : Server check fail, please check server 192.168.10.101 ,port 9848 is available , error ={}

java.util.concurrent.TimeoutException: Waited 3000 milliseconds (plus 11 milliseconds, 199600 nanoseconds delay) for com.alibaba.nacos.shaded.io.grpc.stub.ClientCalls$GrpcFuture@7622c12e[status=PENDING, info=[GrpcFuture{clientCall={delegate={delegate=ClientCallImpl{method=MethodDescriptor{fullMethodName=Request/request, type=UNARY, idempotent=false, safe=false, sampledToLocalTracing=true, requestMarshaller=com.alibaba.nacos.shaded.io.grpc.protobuf.lite.ProtoLiteUtils$MessageMarshaller@24e11377, responseMarshaller=com.alibaba.nacos.shaded.io.grpc.protobuf.lite.ProtoLiteUtils$MessageMarshaller@424f5fa2, schemaDescriptor=com.alibaba.nacos.api.grpc.auto.RequestGrpc$RequestMethodDescriptorSupplier@56847fbc}}}}}]]
	at com.alibaba.nacos.shaded.com.google.common.util.concurrent.AbstractFuture.get(AbstractFuture.java:508) ~[nacos-client-2.0.4.jar:na]
	at com.alibaba.nacos.common.remote.client.grpc.GrpcClient.serverCheck(GrpcClient.java:148) ~[nacos-client-2.0.4.jar:na]
	at com.alibaba.nacos.common.remote.client.grpc.GrpcClient.connectToServer(GrpcClient.java:264) ~[nacos-client-2.0.4.jar:na]
	at com.alibaba.nacos.common.remote.client.RpcClient.reconnect(RpcClient.java:522) ~[nacos-client-2.0.4.jar:na]
	at com.alibaba.nacos.common.remote.client.RpcClient.lambda$start$2(RpcClient.java:370) ~[nacos-client-2.0.4.jar:na]
	at java.base/java.util.concurrent.Executors$RunnableAdapter.call(Executors.java:515) ~[na:na]
	at java.base/java.util.concurrent.FutureTask.run(FutureTask.java:264) ~[na:na]
	at java.base/java.util.concurrent.ScheduledThreadPoolExecutor$ScheduledFutureTask.run(ScheduledThreadPoolExecutor.java:304) ~[na:na]
	at java.base/java.util.concurrent.ThreadPoolExecutor.runWorker(ThreadPoolExecutor.java:1128) ~[na:na]
	at java.base/java.util.concurrent.ThreadPoolExecutor$Worker.run(ThreadPoolExecutor.java:628) ~[na:na]
	at java.base/java.lang.Thread.run(Thread.java:834) ~[na:na]

17-12-24-128  INFO 3240 --- [com.alibaba.nacos.client.remote.worker] com.alibaba.nacos.common.remote.client   : [a244ca18-c11c-4d0a-90eb-25184f5cc6ca] Fail to connect server, after trying 101 times, last try server is {serverIp = '192.168.10.101', server main port = 8848}, error = unknown
17-12-24-696 ERROR 3240 --- [com.alibaba.nacos.client.naming.updater.2] com.alibaba.nacos.common.remote.client   : Send request fail, request = ServiceQueryRequest{headers={app=unknown}, requestId='null'}, retryTimes = 0, errorMessage = Client not connected, current status:UNHEALTHY
17-12-24-804 ERROR 3240 --- [com.alibaba.nacos.client.naming.updater.2] com.alibaba.nacos.common.remote.client   : Send request fail, request = ServiceQueryRequest{headers={app=unknown}, requestId='null'}, retryTimes = 1, errorMessage = Client not connected, current status:UNHEALTHY
17-12-24-913 ERROR 3240 --- [com.alibaba.nacos.client.naming.updater.2] com.alibaba.nacos.common.remote.client   : Send request fail, request = ServiceQueryRequest{headers={app=unknown}, requestId='null'}, retryTimes = 2, errorMessage = Client not connected, current status:UNHEALTHY
17-12-32-139 ERROR 3240 --- [com.alibaba.nacos.client.remote.worker] c.a.n.c.remote.client.grpc.GrpcClient    : Server check fail, please check server 192.168.10.101 ,port 9848 is available , error ={}

java.util.concurrent.TimeoutException: Waited 3000 milliseconds (plus 2 milliseconds, 377900 nanoseconds delay) for com.alibaba.nacos.shaded.io.grpc.stub.ClientCalls$GrpcFuture@69b90e77[status=PENDING, info=[GrpcFuture{clientCall={delegate={delegate=ClientCallImpl{method=MethodDescriptor{fullMethodName=Request/request, type=UNARY, idempotent=false, safe=false, sampledToLocalTracing=true, requestMarshaller=com.alibaba.nacos.shaded.io.grpc.protobuf.lite.ProtoLiteUtils$MessageMarshaller@24e11377, responseMarshaller=com.alibaba.nacos.shaded.io.grpc.protobuf.lite.ProtoLiteUtils$MessageMarshaller@424f5fa2, schemaDescriptor=com.alibaba.nacos.api.grpc.auto.RequestGrpc$RequestMethodDescriptorSupplier@56847fbc}}}}}]]
	at com.alibaba.nacos.shaded.com.google.common.util.concurrent.AbstractFuture.get(AbstractFuture.java:508) ~[nacos-client-2.0.4.jar:na]
	at com.alibaba.nacos.common.remote.client.grpc.GrpcClient.serverCheck(GrpcClient.java:148) ~[nacos-client-2.0.4.jar:na]
	at com.alibaba.nacos.common.remote.client.grpc.GrpcClient.connectToServer(GrpcClient.java:264) ~[nacos-client-2.0.4.jar:na]
	at com.alibaba.nacos.common.remote.client.RpcClient.reconnect(RpcClient.java:522) ~[nacos-client-2.0.4.jar:na]
	at com.alibaba.nacos.common.remote.client.RpcClient.lambda$start$2(RpcClient.java:370) ~[nacos-client-2.0.4.jar:na]
	at java.base/java.util.concurrent.Executors$RunnableAdapter.call(Executors.java:515) ~[na:na]
	at java.base/java.util.concurrent.FutureTask.run(FutureTask.java:264) ~[na:na]
	at java.base/java.util.concurrent.ScheduledThreadPoolExecutor$ScheduledFutureTask.run(ScheduledThreadPoolExecutor.java:304) ~[na:na]
	at java.base/java.util.concurrent.ThreadPoolExecutor.runWorker(ThreadPoolExecutor.java:1128) ~[na:na]
	at java.base/java.util.concurrent.ThreadPoolExecutor$Worker.run(ThreadPoolExecutor.java:628) ~[na:na]
	at java.base/java.lang.Thread.run(Thread.java:834) ~[na:na]

17-12-32-140  INFO 3240 --- [com.alibaba.nacos.client.remote.worker] com.alibaba.nacos.common.remote.client   : [a244ca18-c11c-4d0a-90eb-25184f5cc6ca] Fail to connect server, after trying 102 times, last try server is {serverIp = '192.168.10.101', server main port = 8848}, error = unknown
17-12-40-145 ERROR 3240 --- [com.alibaba.nacos.client.remote.worker] c.a.n.c.remote.client.grpc.GrpcClient    : Server check fail, please check server 192.168.10.101 ,port 9848 is available , error ={}

java.util.concurrent.TimeoutException: Waited 3000 milliseconds (plus 3 milliseconds, 772300 nanoseconds delay) for com.alibaba.nacos.shaded.io.grpc.stub.ClientCalls$GrpcFuture@3e2d2d26[status=PENDING, info=[GrpcFuture{clientCall={delegate={delegate=ClientCallImpl{method=MethodDescriptor{fullMethodName=Request/request, type=UNARY, idempotent=false, safe=false, sampledToLocalTracing=true, requestMarshaller=com.alibaba.nacos.shaded.io.grpc.protobuf.lite.ProtoLiteUtils$MessageMarshaller@24e11377, responseMarshaller=com.alibaba.nacos.shaded.io.grpc.protobuf.lite.ProtoLiteUtils$MessageMarshaller@424f5fa2, schemaDescriptor=com.alibaba.nacos.api.grpc.auto.RequestGrpc$RequestMethodDescriptorSupplier@56847fbc}}}}}]]
	at com.alibaba.nacos.shaded.com.google.common.util.concurrent.AbstractFuture.get(AbstractFuture.java:508) ~[nacos-client-2.0.4.jar:na]
	at com.alibaba.nacos.common.remote.client.grpc.GrpcClient.serverCheck(GrpcClient.java:148) ~[nacos-client-2.0.4.jar:na]
	at com.alibaba.nacos.common.remote.client.grpc.GrpcClient.connectToServer(GrpcClient.java:264) ~[nacos-client-2.0.4.jar:na]
	at com.alibaba.nacos.common.remote.client.RpcClient.reconnect(RpcClient.java:522) ~[nacos-client-2.0.4.jar:na]
	at com.alibaba.nacos.common.remote.client.RpcClient.lambda$start$2(RpcClient.java:370) ~[nacos-client-2.0.4.jar:na]
	at java.base/java.util.concurrent.Executors$RunnableAdapter.call(Executors.java:515) ~[na:na]
	at java.base/java.util.concurrent.FutureTask.run(FutureTask.java:264) ~[na:na]
	at java.base/java.util.concurrent.ScheduledThreadPoolExecutor$ScheduledFutureTask.run(ScheduledThreadPoolExecutor.java:304) ~[na:na]
	at java.base/java.util.concurrent.ThreadPoolExecutor.runWorker(ThreadPoolExecutor.java:1128) ~[na:na]
	at java.base/java.util.concurrent.ThreadPoolExecutor$Worker.run(ThreadPoolExecutor.java:628) ~[na:na]
	at java.base/java.lang.Thread.run(Thread.java:834) ~[na:na]

17-12-40-145  INFO 3240 --- [com.alibaba.nacos.client.remote.worker] com.alibaba.nacos.common.remote.client   : [a244ca18-c11c-4d0a-90eb-25184f5cc6ca] Fail to connect server, after trying 103 times, last try server is {serverIp = '192.168.10.101', server main port = 8848}, error = unknown
17-12-48-161 ERROR 3240 --- [com.alibaba.nacos.client.remote.worker] c.a.n.c.remote.client.grpc.GrpcClient    : Server check fail, please check server 192.168.10.101 ,port 9848 is available , error ={}

java.util.concurrent.TimeoutException: Waited 3000 milliseconds (plus 12 milliseconds, 349500 nanoseconds delay) for com.alibaba.nacos.shaded.io.grpc.stub.ClientCalls$GrpcFuture@515f9c90[status=PENDING, info=[GrpcFuture{clientCall={delegate={delegate=ClientCallImpl{method=MethodDescriptor{fullMethodName=Request/request, type=UNARY, idempotent=false, safe=false, sampledToLocalTracing=true, requestMarshaller=com.alibaba.nacos.shaded.io.grpc.protobuf.lite.ProtoLiteUtils$MessageMarshaller@24e11377, responseMarshaller=com.alibaba.nacos.shaded.io.grpc.protobuf.lite.ProtoLiteUtils$MessageMarshaller@424f5fa2, schemaDescriptor=com.alibaba.nacos.api.grpc.auto.RequestGrpc$RequestMethodDescriptorSupplier@56847fbc}}}}}]]
	at com.alibaba.nacos.shaded.com.google.common.util.concurrent.AbstractFuture.get(AbstractFuture.java:508) ~[nacos-client-2.0.4.jar:na]
	at com.alibaba.nacos.common.remote.client.grpc.GrpcClient.serverCheck(GrpcClient.java:148) ~[nacos-client-2.0.4.jar:na]
	at com.alibaba.nacos.common.remote.client.grpc.GrpcClient.connectToServer(GrpcClient.java:264) ~[nacos-client-2.0.4.jar:na]
	at com.alibaba.nacos.common.remote.client.RpcClient.reconnect(RpcClient.java:522) ~[nacos-client-2.0.4.jar:na]
	at com.alibaba.nacos.common.remote.client.RpcClient.lambda$start$2(RpcClient.java:370) ~[nacos-client-2.0.4.jar:na]
	at java.base/java.util.concurrent.Executors$RunnableAdapter.call(Executors.java:515) ~[na:na]
	at java.base/java.util.concurrent.FutureTask.run(FutureTask.java:264) ~[na:na]
	at java.base/java.util.concurrent.ScheduledThreadPoolExecutor$ScheduledFutureTask.run(ScheduledThreadPoolExecutor.java:304) ~[na:na]
	at java.base/java.util.concurrent.ThreadPoolExecutor.runWorker(ThreadPoolExecutor.java:1128) ~[na:na]
	at java.base/java.util.concurrent.ThreadPoolExecutor$Worker.run(ThreadPoolExecutor.java:628) ~[na:na]
	at java.base/java.lang.Thread.run(Thread.java:834) ~[na:na]

17-12-48-161  INFO 3240 --- [com.alibaba.nacos.client.remote.worker] com.alibaba.nacos.common.remote.client   : [a244ca18-c11c-4d0a-90eb-25184f5cc6ca] Fail to connect server, after trying 104 times, last try server is {serverIp = '192.168.10.101', server main port = 8848}, error = unknown
17-12-56-163 ERROR 3240 --- [com.alibaba.nacos.client.remote.worker] c.a.n.c.remote.client.grpc.GrpcClient    : Server check fail, please check server 192.168.10.101 ,port 9848 is available , error ={}

java.util.concurrent.TimeoutException: Waited 3000 milliseconds (plus 660900 nanoseconds delay) for com.alibaba.nacos.shaded.io.grpc.stub.ClientCalls$GrpcFuture@348e7410[status=PENDING, info=[GrpcFuture{clientCall={delegate={delegate=ClientCallImpl{method=MethodDescriptor{fullMethodName=Request/request, type=UNARY, idempotent=false, safe=false, sampledToLocalTracing=true, requestMarshaller=com.alibaba.nacos.shaded.io.grpc.protobuf.lite.ProtoLiteUtils$MessageMarshaller@24e11377, responseMarshaller=com.alibaba.nacos.shaded.io.grpc.protobuf.lite.ProtoLiteUtils$MessageMarshaller@424f5fa2, schemaDescriptor=com.alibaba.nacos.api.grpc.auto.RequestGrpc$RequestMethodDescriptorSupplier@56847fbc}}}}}]]
	at com.alibaba.nacos.shaded.com.google.common.util.concurrent.AbstractFuture.get(AbstractFuture.java:508) ~[nacos-client-2.0.4.jar:na]
	at com.alibaba.nacos.common.remote.client.grpc.GrpcClient.serverCheck(GrpcClient.java:148) ~[nacos-client-2.0.4.jar:na]
	at com.alibaba.nacos.common.remote.client.grpc.GrpcClient.connectToServer(GrpcClient.java:264) ~[nacos-client-2.0.4.jar:na]
	at com.alibaba.nacos.common.remote.client.RpcClient.reconnect(RpcClient.java:522) ~[nacos-client-2.0.4.jar:na]
	at com.alibaba.nacos.common.remote.client.RpcClient.lambda$start$2(RpcClient.java:370) ~[nacos-client-2.0.4.jar:na]
	at java.base/java.util.concurrent.Executors$RunnableAdapter.call(Executors.java:515) ~[na:na]
	at java.base/java.util.concurrent.FutureTask.run(FutureTask.java:264) ~[na:na]
	at java.base/java.util.concurrent.ScheduledThreadPoolExecutor$ScheduledFutureTask.run(ScheduledThreadPoolExecutor.java:304) ~[na:na]
	at java.base/java.util.concurrent.ThreadPoolExecutor.runWorker(ThreadPoolExecutor.java:1128) ~[na:na]
	at java.base/java.util.concurrent.ThreadPoolExecutor$Worker.run(ThreadPoolExecutor.java:628) ~[na:na]
	at java.base/java.lang.Thread.run(Thread.java:834) ~[na:na]

17-12-56-165  INFO 3240 --- [com.alibaba.nacos.client.remote.worker] com.alibaba.nacos.common.remote.client   : [a244ca18-c11c-4d0a-90eb-25184f5cc6ca] Fail to connect server, after trying 105 times, last try server is {serverIp = '192.168.10.101', server main port = 8848}, error = unknown
17-13-04-194 ERROR 3240 --- [com.alibaba.nacos.client.remote.worker] c.a.n.c.remote.client.grpc.GrpcClient    : Server check fail, please check server 192.168.10.101 ,port 9848 is available , error ={}

java.util.concurrent.TimeoutException: Waited 3000 milliseconds (plus 13 milliseconds, 862200 nanoseconds delay) for com.alibaba.nacos.shaded.io.grpc.stub.ClientCalls$GrpcFuture@20cd52ad[status=PENDING, info=[GrpcFuture{clientCall={delegate={delegate=ClientCallImpl{method=MethodDescriptor{fullMethodName=Request/request, type=UNARY, idempotent=false, safe=false, sampledToLocalTracing=true, requestMarshaller=com.alibaba.nacos.shaded.io.grpc.protobuf.lite.ProtoLiteUtils$MessageMarshaller@24e11377, responseMarshaller=com.alibaba.nacos.shaded.io.grpc.protobuf.lite.ProtoLiteUtils$MessageMarshaller@424f5fa2, schemaDescriptor=com.alibaba.nacos.api.grpc.auto.RequestGrpc$RequestMethodDescriptorSupplier@56847fbc}}}}}]]
	at com.alibaba.nacos.shaded.com.google.common.util.concurrent.AbstractFuture.get(AbstractFuture.java:508) ~[nacos-client-2.0.4.jar:na]
	at com.alibaba.nacos.common.remote.client.grpc.GrpcClient.serverCheck(GrpcClient.java:148) ~[nacos-client-2.0.4.jar:na]
	at com.alibaba.nacos.common.remote.client.grpc.GrpcClient.connectToServer(GrpcClient.java:264) ~[nacos-client-2.0.4.jar:na]
	at com.alibaba.nacos.common.remote.client.RpcClient.reconnect(RpcClient.java:522) ~[nacos-client-2.0.4.jar:na]
	at com.alibaba.nacos.common.remote.client.RpcClient.lambda$start$2(RpcClient.java:370) ~[nacos-client-2.0.4.jar:na]
	at java.base/java.util.concurrent.Executors$RunnableAdapter.call(Executors.java:515) ~[na:na]
	at java.base/java.util.concurrent.FutureTask.run(FutureTask.java:264) ~[na:na]
	at java.base/java.util.concurrent.ScheduledThreadPoolExecutor$ScheduledFutureTask.run(ScheduledThreadPoolExecutor.java:304) ~[na:na]
	at java.base/java.util.concurrent.ThreadPoolExecutor.runWorker(ThreadPoolExecutor.java:1128) ~[na:na]
	at java.base/java.util.concurrent.ThreadPoolExecutor$Worker.run(ThreadPoolExecutor.java:628) ~[na:na]
	at java.base/java.lang.Thread.run(Thread.java:834) ~[na:na]

17-13-04-195  INFO 3240 --- [com.alibaba.nacos.client.remote.worker] com.alibaba.nacos.common.remote.client   : [a244ca18-c11c-4d0a-90eb-25184f5cc6ca] Fail to connect server, after trying 106 times, last try server is {serverIp = '192.168.10.101', server main port = 8848}, error = unknown
17-13-12-208 ERROR 3240 --- [com.alibaba.nacos.client.remote.worker] c.a.n.c.remote.client.grpc.GrpcClient    : Server check fail, please check server 192.168.10.101 ,port 9848 is available , error ={}

java.util.concurrent.TimeoutException: Waited 3000 milliseconds (plus 11 milliseconds, 712000 nanoseconds delay) for com.alibaba.nacos.shaded.io.grpc.stub.ClientCalls$GrpcFuture@3d8e7b45[status=PENDING, info=[GrpcFuture{clientCall={delegate={delegate=ClientCallImpl{method=MethodDescriptor{fullMethodName=Request/request, type=UNARY, idempotent=false, safe=false, sampledToLocalTracing=true, requestMarshaller=com.alibaba.nacos.shaded.io.grpc.protobuf.lite.ProtoLiteUtils$MessageMarshaller@24e11377, responseMarshaller=com.alibaba.nacos.shaded.io.grpc.protobuf.lite.ProtoLiteUtils$MessageMarshaller@424f5fa2, schemaDescriptor=com.alibaba.nacos.api.grpc.auto.RequestGrpc$RequestMethodDescriptorSupplier@56847fbc}}}}}]]
	at com.alibaba.nacos.shaded.com.google.common.util.concurrent.AbstractFuture.get(AbstractFuture.java:508) ~[nacos-client-2.0.4.jar:na]
	at com.alibaba.nacos.common.remote.client.grpc.GrpcClient.serverCheck(GrpcClient.java:148) ~[nacos-client-2.0.4.jar:na]
	at com.alibaba.nacos.common.remote.client.grpc.GrpcClient.connectToServer(GrpcClient.java:264) ~[nacos-client-2.0.4.jar:na]
	at com.alibaba.nacos.common.remote.client.RpcClient.reconnect(RpcClient.java:522) ~[nacos-client-2.0.4.jar:na]
	at com.alibaba.nacos.common.remote.client.RpcClient.lambda$start$2(RpcClient.java:370) ~[nacos-client-2.0.4.jar:na]
	at java.base/java.util.concurrent.Executors$RunnableAdapter.call(Executors.java:515) ~[na:na]
	at java.base/java.util.concurrent.FutureTask.run(FutureTask.java:264) ~[na:na]
	at java.base/java.util.concurrent.ScheduledThreadPoolExecutor$ScheduledFutureTask.run(ScheduledThreadPoolExecutor.java:304) ~[na:na]
	at java.base/java.util.concurrent.ThreadPoolExecutor.runWorker(ThreadPoolExecutor.java:1128) ~[na:na]
	at java.base/java.util.concurrent.ThreadPoolExecutor$Worker.run(ThreadPoolExecutor.java:628) ~[na:na]
	at java.base/java.lang.Thread.run(Thread.java:834) ~[na:na]

17-13-12-210  INFO 3240 --- [com.alibaba.nacos.client.remote.worker] com.alibaba.nacos.common.remote.client   : [a244ca18-c11c-4d0a-90eb-25184f5cc6ca] Fail to connect server, after trying 107 times, last try server is {serverIp = '192.168.10.101', server main port = 8848}, error = unknown
17-13-20-231 ERROR 3240 --- [com.alibaba.nacos.client.remote.worker] c.a.n.c.remote.client.grpc.GrpcClient    : Server check fail, please check server 192.168.10.101 ,port 9848 is available , error ={}

java.util.concurrent.TimeoutException: Waited 3000 milliseconds (plus 13 milliseconds, 848400 nanoseconds delay) for com.alibaba.nacos.shaded.io.grpc.stub.ClientCalls$GrpcFuture@60a6cac9[status=PENDING, info=[GrpcFuture{clientCall={delegate={delegate=ClientCallImpl{method=MethodDescriptor{fullMethodName=Request/request, type=UNARY, idempotent=false, safe=false, sampledToLocalTracing=true, requestMarshaller=com.alibaba.nacos.shaded.io.grpc.protobuf.lite.ProtoLiteUtils$MessageMarshaller@24e11377, responseMarshaller=com.alibaba.nacos.shaded.io.grpc.protobuf.lite.ProtoLiteUtils$MessageMarshaller@424f5fa2, schemaDescriptor=com.alibaba.nacos.api.grpc.auto.RequestGrpc$RequestMethodDescriptorSupplier@56847fbc}}}}}]]
	at com.alibaba.nacos.shaded.com.google.common.util.concurrent.AbstractFuture.get(AbstractFuture.java:508) ~[nacos-client-2.0.4.jar:na]
	at com.alibaba.nacos.common.remote.client.grpc.GrpcClient.serverCheck(GrpcClient.java:148) ~[nacos-client-2.0.4.jar:na]
	at com.alibaba.nacos.common.remote.client.grpc.GrpcClient.connectToServer(GrpcClient.java:264) ~[nacos-client-2.0.4.jar:na]
	at com.alibaba.nacos.common.remote.client.RpcClient.reconnect(RpcClient.java:522) ~[nacos-client-2.0.4.jar:na]
	at com.alibaba.nacos.common.remote.client.RpcClient.lambda$start$2(RpcClient.java:370) ~[nacos-client-2.0.4.jar:na]
	at java.base/java.util.concurrent.Executors$RunnableAdapter.call(Executors.java:515) ~[na:na]
	at java.base/java.util.concurrent.FutureTask.run(FutureTask.java:264) ~[na:na]
	at java.base/java.util.concurrent.ScheduledThreadPoolExecutor$ScheduledFutureTask.run(ScheduledThreadPoolExecutor.java:304) ~[na:na]
	at java.base/java.util.concurrent.ThreadPoolExecutor.runWorker(ThreadPoolExecutor.java:1128) ~[na:na]
	at java.base/java.util.concurrent.ThreadPoolExecutor$Worker.run(ThreadPoolExecutor.java:628) ~[na:na]
	at java.base/java.lang.Thread.run(Thread.java:834) ~[na:na]

17-13-20-232  INFO 3240 --- [com.alibaba.nacos.client.remote.worker] com.alibaba.nacos.common.remote.client   : [a244ca18-c11c-4d0a-90eb-25184f5cc6ca] Fail to connect server, after trying 108 times, last try server is {serverIp = '192.168.10.101', server main port = 8848}, error = unknown
17-13-25-033 ERROR 3240 --- [com.alibaba.nacos.client.naming.updater.2] com.alibaba.nacos.common.remote.client   : Send request fail, request = ServiceQueryRequest{headers={app=unknown}, requestId='null'}, retryTimes = 0, errorMessage = Client not connected, current status:UNHEALTHY
17-13-25-140 ERROR 3240 --- [com.alibaba.nacos.client.naming.updater.2] com.alibaba.nacos.common.remote.client   : Send request fail, request = ServiceQueryRequest{headers={app=unknown}, requestId='null'}, retryTimes = 1, errorMessage = Client not connected, current status:UNHEALTHY
17-13-25-248 ERROR 3240 --- [com.alibaba.nacos.client.naming.updater.2] com.alibaba.nacos.common.remote.client   : Send request fail, request = ServiceQueryRequest{headers={app=unknown}, requestId='null'}, retryTimes = 2, errorMessage = Client not connected, current status:UNHEALTHY
17-13-28-251 ERROR 3240 --- [com.alibaba.nacos.client.remote.worker] c.a.n.c.remote.client.grpc.GrpcClient    : Server check fail, please check server 192.168.10.101 ,port 9848 is available , error ={}

java.util.concurrent.TimeoutException: Waited 3000 milliseconds (plus 2 milliseconds, 263400 nanoseconds delay) for com.alibaba.nacos.shaded.io.grpc.stub.ClientCalls$GrpcFuture@a5a3dc[status=PENDING, info=[GrpcFuture{clientCall={delegate={delegate=ClientCallImpl{method=MethodDescriptor{fullMethodName=Request/request, type=UNARY, idempotent=false, safe=false, sampledToLocalTracing=true, requestMarshaller=com.alibaba.nacos.shaded.io.grpc.protobuf.lite.ProtoLiteUtils$MessageMarshaller@24e11377, responseMarshaller=com.alibaba.nacos.shaded.io.grpc.protobuf.lite.ProtoLiteUtils$MessageMarshaller@424f5fa2, schemaDescriptor=com.alibaba.nacos.api.grpc.auto.RequestGrpc$RequestMethodDescriptorSupplier@56847fbc}}}}}]]
	at com.alibaba.nacos.shaded.com.google.common.util.concurrent.AbstractFuture.get(AbstractFuture.java:508) ~[nacos-client-2.0.4.jar:na]
	at com.alibaba.nacos.common.remote.client.grpc.GrpcClient.serverCheck(GrpcClient.java:148) ~[nacos-client-2.0.4.jar:na]
	at com.alibaba.nacos.common.remote.client.grpc.GrpcClient.connectToServer(GrpcClient.java:264) ~[nacos-client-2.0.4.jar:na]
	at com.alibaba.nacos.common.remote.client.RpcClient.reconnect(RpcClient.java:522) ~[nacos-client-2.0.4.jar:na]
	at com.alibaba.nacos.common.remote.client.RpcClient.lambda$start$2(RpcClient.java:370) ~[nacos-client-2.0.4.jar:na]
	at java.base/java.util.concurrent.Executors$RunnableAdapter.call(Executors.java:515) ~[na:na]
	at java.base/java.util.concurrent.FutureTask.run(FutureTask.java:264) ~[na:na]
	at java.base/java.util.concurrent.ScheduledThreadPoolExecutor$ScheduledFutureTask.run(ScheduledThreadPoolExecutor.java:304) ~[na:na]
	at java.base/java.util.concurrent.ThreadPoolExecutor.runWorker(ThreadPoolExecutor.java:1128) ~[na:na]
	at java.base/java.util.concurrent.ThreadPoolExecutor$Worker.run(ThreadPoolExecutor.java:628) ~[na:na]
	at java.base/java.lang.Thread.run(Thread.java:834) ~[na:na]

17-13-28-253  INFO 3240 --- [com.alibaba.nacos.client.remote.worker] com.alibaba.nacos.common.remote.client   : [a244ca18-c11c-4d0a-90eb-25184f5cc6ca] Fail to connect server, after trying 109 times, last try server is {serverIp = '192.168.10.101', server main port = 8848}, error = unknown
17-13-36-263 ERROR 3240 --- [com.alibaba.nacos.client.remote.worker] c.a.n.c.remote.client.grpc.GrpcClient    : Server check fail, please check server 192.168.10.101 ,port 9848 is available , error ={}

java.util.concurrent.TimeoutException: Waited 3000 milliseconds (plus 3 milliseconds, 919800 nanoseconds delay) for com.alibaba.nacos.shaded.io.grpc.stub.ClientCalls$GrpcFuture@6400b67e[status=PENDING, info=[GrpcFuture{clientCall={delegate={delegate=ClientCallImpl{method=MethodDescriptor{fullMethodName=Request/request, type=UNARY, idempotent=false, safe=false, sampledToLocalTracing=true, requestMarshaller=com.alibaba.nacos.shaded.io.grpc.protobuf.lite.ProtoLiteUtils$MessageMarshaller@24e11377, responseMarshaller=com.alibaba.nacos.shaded.io.grpc.protobuf.lite.ProtoLiteUtils$MessageMarshaller@424f5fa2, schemaDescriptor=com.alibaba.nacos.api.grpc.auto.RequestGrpc$RequestMethodDescriptorSupplier@56847fbc}}}}}]]
	at com.alibaba.nacos.shaded.com.google.common.util.concurrent.AbstractFuture.get(AbstractFuture.java:508) ~[nacos-client-2.0.4.jar:na]
	at com.alibaba.nacos.common.remote.client.grpc.GrpcClient.serverCheck(GrpcClient.java:148) ~[nacos-client-2.0.4.jar:na]
	at com.alibaba.nacos.common.remote.client.grpc.GrpcClient.connectToServer(GrpcClient.java:264) ~[nacos-client-2.0.4.jar:na]
	at com.alibaba.nacos.common.remote.client.RpcClient.reconnect(RpcClient.java:522) ~[nacos-client-2.0.4.jar:na]
	at com.alibaba.nacos.common.remote.client.RpcClient.lambda$start$2(RpcClient.java:370) ~[nacos-client-2.0.4.jar:na]
	at java.base/java.util.concurrent.Executors$RunnableAdapter.call(Executors.java:515) ~[na:na]
	at java.base/java.util.concurrent.FutureTask.run(FutureTask.java:264) ~[na:na]
	at java.base/java.util.concurrent.ScheduledThreadPoolExecutor$ScheduledFutureTask.run(ScheduledThreadPoolExecutor.java:304) ~[na:na]
	at java.base/java.util.concurrent.ThreadPoolExecutor.runWorker(ThreadPoolExecutor.java:1128) ~[na:na]
	at java.base/java.util.concurrent.ThreadPoolExecutor$Worker.run(ThreadPoolExecutor.java:628) ~[na:na]
	at java.base/java.lang.Thread.run(Thread.java:834) ~[na:na]

17-13-36-265  INFO 3240 --- [com.alibaba.nacos.client.remote.worker] com.alibaba.nacos.common.remote.client   : [a244ca18-c11c-4d0a-90eb-25184f5cc6ca] Fail to connect server, after trying 110 times, last try server is {serverIp = '192.168.10.101', server main port = 8848}, error = unknown
17-13-44-270 ERROR 3240 --- [com.alibaba.nacos.client.remote.worker] c.a.n.c.remote.client.grpc.GrpcClient    : Server check fail, please check server 192.168.10.101 ,port 9848 is available , error ={}

java.util.concurrent.TimeoutException: Waited 3000 milliseconds (plus 139100 nanoseconds delay) for com.alibaba.nacos.shaded.io.grpc.stub.ClientCalls$GrpcFuture@9fd3847[status=PENDING, info=[GrpcFuture{clientCall={delegate={delegate=ClientCallImpl{method=MethodDescriptor{fullMethodName=Request/request, type=UNARY, idempotent=false, safe=false, sampledToLocalTracing=true, requestMarshaller=com.alibaba.nacos.shaded.io.grpc.protobuf.lite.ProtoLiteUtils$MessageMarshaller@24e11377, responseMarshaller=com.alibaba.nacos.shaded.io.grpc.protobuf.lite.ProtoLiteUtils$MessageMarshaller@424f5fa2, schemaDescriptor=com.alibaba.nacos.api.grpc.auto.RequestGrpc$RequestMethodDescriptorSupplier@56847fbc}}}}}]]
	at com.alibaba.nacos.shaded.com.google.common.util.concurrent.AbstractFuture.get(AbstractFuture.java:508) ~[nacos-client-2.0.4.jar:na]
	at com.alibaba.nacos.common.remote.client.grpc.GrpcClient.serverCheck(GrpcClient.java:148) ~[nacos-client-2.0.4.jar:na]
	at com.alibaba.nacos.common.remote.client.grpc.GrpcClient.connectToServer(GrpcClient.java:264) ~[nacos-client-2.0.4.jar:na]
	at com.alibaba.nacos.common.remote.client.RpcClient.reconnect(RpcClient.java:522) ~[nacos-client-2.0.4.jar:na]
	at com.alibaba.nacos.common.remote.client.RpcClient.lambda$start$2(RpcClient.java:370) ~[nacos-client-2.0.4.jar:na]
	at java.base/java.util.concurrent.Executors$RunnableAdapter.call(Executors.java:515) ~[na:na]
	at java.base/java.util.concurrent.FutureTask.run(FutureTask.java:264) ~[na:na]
	at java.base/java.util.concurrent.ScheduledThreadPoolExecutor$ScheduledFutureTask.run(ScheduledThreadPoolExecutor.java:304) ~[na:na]
	at java.base/java.util.concurrent.ThreadPoolExecutor.runWorker(ThreadPoolExecutor.java:1128) ~[na:na]
	at java.base/java.util.concurrent.ThreadPoolExecutor$Worker.run(ThreadPoolExecutor.java:628) ~[na:na]
	at java.base/java.lang.Thread.run(Thread.java:834) ~[na:na]

17-13-44-271  INFO 3240 --- [com.alibaba.nacos.client.remote.worker] com.alibaba.nacos.common.remote.client   : [a244ca18-c11c-4d0a-90eb-25184f5cc6ca] Fail to connect server, after trying 111 times, last try server is {serverIp = '192.168.10.101', server main port = 8848}, error = unknown
17-13-52-288 ERROR 3240 --- [com.alibaba.nacos.client.remote.worker] c.a.n.c.remote.client.grpc.GrpcClient    : Server check fail, please check server 192.168.10.101 ,port 9848 is available , error ={}

java.util.concurrent.TimeoutException: Waited 3000 milliseconds (plus 769700 nanoseconds delay) for com.alibaba.nacos.shaded.io.grpc.stub.ClientCalls$GrpcFuture@55e03f[status=PENDING, info=[GrpcFuture{clientCall={delegate={delegate=ClientCallImpl{method=MethodDescriptor{fullMethodName=Request/request, type=UNARY, idempotent=false, safe=false, sampledToLocalTracing=true, requestMarshaller=com.alibaba.nacos.shaded.io.grpc.protobuf.lite.ProtoLiteUtils$MessageMarshaller@24e11377, responseMarshaller=com.alibaba.nacos.shaded.io.grpc.protobuf.lite.ProtoLiteUtils$MessageMarshaller@424f5fa2, schemaDescriptor=com.alibaba.nacos.api.grpc.auto.RequestGrpc$RequestMethodDescriptorSupplier@56847fbc}}}}}]]
	at com.alibaba.nacos.shaded.com.google.common.util.concurrent.AbstractFuture.get(AbstractFuture.java:508) ~[nacos-client-2.0.4.jar:na]
	at com.alibaba.nacos.common.remote.client.grpc.GrpcClient.serverCheck(GrpcClient.java:148) ~[nacos-client-2.0.4.jar:na]
	at com.alibaba.nacos.common.remote.client.grpc.GrpcClient.connectToServer(GrpcClient.java:264) ~[nacos-client-2.0.4.jar:na]
	at com.alibaba.nacos.common.remote.client.RpcClient.reconnect(RpcClient.java:522) ~[nacos-client-2.0.4.jar:na]
	at com.alibaba.nacos.common.remote.client.RpcClient.lambda$start$2(RpcClient.java:370) ~[nacos-client-2.0.4.jar:na]
	at java.base/java.util.concurrent.Executors$RunnableAdapter.call(Executors.java:515) ~[na:na]
	at java.base/java.util.concurrent.FutureTask.run(FutureTask.java:264) ~[na:na]
	at java.base/java.util.concurrent.ScheduledThreadPoolExecutor$ScheduledFutureTask.run(ScheduledThreadPoolExecutor.java:304) ~[na:na]
	at java.base/java.util.concurrent.ThreadPoolExecutor.runWorker(ThreadPoolExecutor.java:1128) ~[na:na]
	at java.base/java.util.concurrent.ThreadPoolExecutor$Worker.run(ThreadPoolExecutor.java:628) ~[na:na]
	at java.base/java.lang.Thread.run(Thread.java:834) ~[na:na]

17-13-52-288  INFO 3240 --- [com.alibaba.nacos.client.remote.worker] com.alibaba.nacos.common.remote.client   : [a244ca18-c11c-4d0a-90eb-25184f5cc6ca] Fail to connect server, after trying 112 times, last try server is {serverIp = '192.168.10.101', server main port = 8848}, error = unknown
17-14-00-306 ERROR 3240 --- [com.alibaba.nacos.client.remote.worker] c.a.n.c.remote.client.grpc.GrpcClient    : Server check fail, please check server 192.168.10.101 ,port 9848 is available , error ={}

java.util.concurrent.TimeoutException: Waited 3000 milliseconds (plus 737700 nanoseconds delay) for com.alibaba.nacos.shaded.io.grpc.stub.ClientCalls$GrpcFuture@7edfb297[status=PENDING, info=[GrpcFuture{clientCall={delegate={delegate=ClientCallImpl{method=MethodDescriptor{fullMethodName=Request/request, type=UNARY, idempotent=false, safe=false, sampledToLocalTracing=true, requestMarshaller=com.alibaba.nacos.shaded.io.grpc.protobuf.lite.ProtoLiteUtils$MessageMarshaller@24e11377, responseMarshaller=com.alibaba.nacos.shaded.io.grpc.protobuf.lite.ProtoLiteUtils$MessageMarshaller@424f5fa2, schemaDescriptor=com.alibaba.nacos.api.grpc.auto.RequestGrpc$RequestMethodDescriptorSupplier@56847fbc}}}}}]]
	at com.alibaba.nacos.shaded.com.google.common.util.concurrent.AbstractFuture.get(AbstractFuture.java:508) ~[nacos-client-2.0.4.jar:na]
	at com.alibaba.nacos.common.remote.client.grpc.GrpcClient.serverCheck(GrpcClient.java:148) ~[nacos-client-2.0.4.jar:na]
	at com.alibaba.nacos.common.remote.client.grpc.GrpcClient.connectToServer(GrpcClient.java:264) ~[nacos-client-2.0.4.jar:na]
	at com.alibaba.nacos.common.remote.client.RpcClient.reconnect(RpcClient.java:522) ~[nacos-client-2.0.4.jar:na]
	at com.alibaba.nacos.common.remote.client.RpcClient.lambda$start$2(RpcClient.java:370) ~[nacos-client-2.0.4.jar:na]
	at java.base/java.util.concurrent.Executors$RunnableAdapter.call(Executors.java:515) ~[na:na]
	at java.base/java.util.concurrent.FutureTask.run(FutureTask.java:264) ~[na:na]
	at java.base/java.util.concurrent.ScheduledThreadPoolExecutor$ScheduledFutureTask.run(ScheduledThreadPoolExecutor.java:304) ~[na:na]
	at java.base/java.util.concurrent.ThreadPoolExecutor.runWorker(ThreadPoolExecutor.java:1128) ~[na:na]
	at java.base/java.util.concurrent.ThreadPoolExecutor$Worker.run(ThreadPoolExecutor.java:628) ~[na:na]
	at java.base/java.lang.Thread.run(Thread.java:834) ~[na:na]

17-14-00-306  INFO 3240 --- [com.alibaba.nacos.client.remote.worker] com.alibaba.nacos.common.remote.client   : [a244ca18-c11c-4d0a-90eb-25184f5cc6ca] Fail to connect server, after trying 113 times, last try server is {serverIp = '192.168.10.101', server main port = 8848}, error = unknown
17-14-08-325 ERROR 3240 --- [com.alibaba.nacos.client.remote.worker] c.a.n.c.remote.client.grpc.GrpcClient    : Server check fail, please check server 192.168.10.101 ,port 9848 is available , error ={}

java.util.concurrent.TimeoutException: Waited 3000 milliseconds (plus 13 milliseconds, 237900 nanoseconds delay) for com.alibaba.nacos.shaded.io.grpc.stub.ClientCalls$GrpcFuture@393d1aa5[status=PENDING, info=[GrpcFuture{clientCall={delegate={delegate=ClientCallImpl{method=MethodDescriptor{fullMethodName=Request/request, type=UNARY, idempotent=false, safe=false, sampledToLocalTracing=true, requestMarshaller=com.alibaba.nacos.shaded.io.grpc.protobuf.lite.ProtoLiteUtils$MessageMarshaller@24e11377, responseMarshaller=com.alibaba.nacos.shaded.io.grpc.protobuf.lite.ProtoLiteUtils$MessageMarshaller@424f5fa2, schemaDescriptor=com.alibaba.nacos.api.grpc.auto.RequestGrpc$RequestMethodDescriptorSupplier@56847fbc}}}}}]]
	at com.alibaba.nacos.shaded.com.google.common.util.concurrent.AbstractFuture.get(AbstractFuture.java:508) ~[nacos-client-2.0.4.jar:na]
	at com.alibaba.nacos.common.remote.client.grpc.GrpcClient.serverCheck(GrpcClient.java:148) ~[nacos-client-2.0.4.jar:na]
	at com.alibaba.nacos.common.remote.client.grpc.GrpcClient.connectToServer(GrpcClient.java:264) ~[nacos-client-2.0.4.jar:na]
	at com.alibaba.nacos.common.remote.client.RpcClient.reconnect(RpcClient.java:522) ~[nacos-client-2.0.4.jar:na]
	at com.alibaba.nacos.common.remote.client.RpcClient.lambda$start$2(RpcClient.java:370) ~[nacos-client-2.0.4.jar:na]
	at java.base/java.util.concurrent.Executors$RunnableAdapter.call(Executors.java:515) ~[na:na]
	at java.base/java.util.concurrent.FutureTask.run(FutureTask.java:264) ~[na:na]
	at java.base/java.util.concurrent.ScheduledThreadPoolExecutor$ScheduledFutureTask.run(ScheduledThreadPoolExecutor.java:304) ~[na:na]
	at java.base/java.util.concurrent.ThreadPoolExecutor.runWorker(ThreadPoolExecutor.java:1128) ~[na:na]
	at java.base/java.util.concurrent.ThreadPoolExecutor$Worker.run(ThreadPoolExecutor.java:628) ~[na:na]
	at java.base/java.lang.Thread.run(Thread.java:834) ~[na:na]

17-14-08-326  INFO 3240 --- [com.alibaba.nacos.client.remote.worker] com.alibaba.nacos.common.remote.client   : [a244ca18-c11c-4d0a-90eb-25184f5cc6ca] Fail to connect server, after trying 114 times, last try server is {serverIp = '192.168.10.101', server main port = 8848}, error = unknown
17-14-16-329 ERROR 3240 --- [com.alibaba.nacos.client.remote.worker] c.a.n.c.remote.client.grpc.GrpcClient    : Server check fail, please check server 192.168.10.101 ,port 9848 is available , error ={}

java.util.concurrent.TimeoutException: Waited 3000 milliseconds (plus 1 milliseconds, 188600 nanoseconds delay) for com.alibaba.nacos.shaded.io.grpc.stub.ClientCalls$GrpcFuture@634c49ce[status=PENDING, info=[GrpcFuture{clientCall={delegate={delegate=ClientCallImpl{method=MethodDescriptor{fullMethodName=Request/request, type=UNARY, idempotent=false, safe=false, sampledToLocalTracing=true, requestMarshaller=com.alibaba.nacos.shaded.io.grpc.protobuf.lite.ProtoLiteUtils$MessageMarshaller@24e11377, responseMarshaller=com.alibaba.nacos.shaded.io.grpc.protobuf.lite.ProtoLiteUtils$MessageMarshaller@424f5fa2, schemaDescriptor=com.alibaba.nacos.api.grpc.auto.RequestGrpc$RequestMethodDescriptorSupplier@56847fbc}}}}}]]
	at com.alibaba.nacos.shaded.com.google.common.util.concurrent.AbstractFuture.get(AbstractFuture.java:508) ~[nacos-client-2.0.4.jar:na]
	at com.alibaba.nacos.common.remote.client.grpc.GrpcClient.serverCheck(GrpcClient.java:148) ~[nacos-client-2.0.4.jar:na]
	at com.alibaba.nacos.common.remote.client.grpc.GrpcClient.connectToServer(GrpcClient.java:264) ~[nacos-client-2.0.4.jar:na]
	at com.alibaba.nacos.common.remote.client.RpcClient.reconnect(RpcClient.java:522) ~[nacos-client-2.0.4.jar:na]
	at com.alibaba.nacos.common.remote.client.RpcClient.lambda$start$2(RpcClient.java:370) ~[nacos-client-2.0.4.jar:na]
	at java.base/java.util.concurrent.Executors$RunnableAdapter.call(Executors.java:515) ~[na:na]
	at java.base/java.util.concurrent.FutureTask.run(FutureTask.java:264) ~[na:na]
	at java.base/java.util.concurrent.ScheduledThreadPoolExecutor$ScheduledFutureTask.run(ScheduledThreadPoolExecutor.java:304) ~[na:na]
	at java.base/java.util.concurrent.ThreadPoolExecutor.runWorker(ThreadPoolExecutor.java:1128) ~[na:na]
	at java.base/java.util.concurrent.ThreadPoolExecutor$Worker.run(ThreadPoolExecutor.java:628) ~[na:na]
	at java.base/java.lang.Thread.run(Thread.java:834) ~[na:na]

17-14-16-330  INFO 3240 --- [com.alibaba.nacos.client.remote.worker] com.alibaba.nacos.common.remote.client   : [a244ca18-c11c-4d0a-90eb-25184f5cc6ca] Fail to connect server, after trying 115 times, last try server is {serverIp = '192.168.10.101', server main port = 8848}, error = unknown
17-14-24-345 ERROR 3240 --- [com.alibaba.nacos.client.remote.worker] c.a.n.c.remote.client.grpc.GrpcClient    : Server check fail, please check server 192.168.10.101 ,port 9848 is available , error ={}

java.util.concurrent.TimeoutException: Waited 3000 milliseconds (plus 3 milliseconds, 541600 nanoseconds delay) for com.alibaba.nacos.shaded.io.grpc.stub.ClientCalls$GrpcFuture@5e4a905a[status=PENDING, info=[GrpcFuture{clientCall={delegate={delegate=ClientCallImpl{method=MethodDescriptor{fullMethodName=Request/request, type=UNARY, idempotent=false, safe=false, sampledToLocalTracing=true, requestMarshaller=com.alibaba.nacos.shaded.io.grpc.protobuf.lite.ProtoLiteUtils$MessageMarshaller@24e11377, responseMarshaller=com.alibaba.nacos.shaded.io.grpc.protobuf.lite.ProtoLiteUtils$MessageMarshaller@424f5fa2, schemaDescriptor=com.alibaba.nacos.api.grpc.auto.RequestGrpc$RequestMethodDescriptorSupplier@56847fbc}}}}}]]
	at com.alibaba.nacos.shaded.com.google.common.util.concurrent.AbstractFuture.get(AbstractFuture.java:508) ~[nacos-client-2.0.4.jar:na]
	at com.alibaba.nacos.common.remote.client.grpc.GrpcClient.serverCheck(GrpcClient.java:148) ~[nacos-client-2.0.4.jar:na]
	at com.alibaba.nacos.common.remote.client.grpc.GrpcClient.connectToServer(GrpcClient.java:264) ~[nacos-client-2.0.4.jar:na]
	at com.alibaba.nacos.common.remote.client.RpcClient.reconnect(RpcClient.java:522) ~[nacos-client-2.0.4.jar:na]
	at com.alibaba.nacos.common.remote.client.RpcClient.lambda$start$2(RpcClient.java:370) ~[nacos-client-2.0.4.jar:na]
	at java.base/java.util.concurrent.Executors$RunnableAdapter.call(Executors.java:515) ~[na:na]
	at java.base/java.util.concurrent.FutureTask.run(FutureTask.java:264) ~[na:na]
	at java.base/java.util.concurrent.ScheduledThreadPoolExecutor$ScheduledFutureTask.run(ScheduledThreadPoolExecutor.java:304) ~[na:na]
	at java.base/java.util.concurrent.ThreadPoolExecutor.runWorker(ThreadPoolExecutor.java:1128) ~[na:na]
	at java.base/java.util.concurrent.ThreadPoolExecutor$Worker.run(ThreadPoolExecutor.java:628) ~[na:na]
	at java.base/java.lang.Thread.run(Thread.java:834) ~[na:na]

17-14-24-346  INFO 3240 --- [com.alibaba.nacos.client.remote.worker] com.alibaba.nacos.common.remote.client   : [a244ca18-c11c-4d0a-90eb-25184f5cc6ca] Fail to connect server, after trying 116 times, last try server is {serverIp = '192.168.10.101', server main port = 8848}, error = unknown
17-14-25-359 ERROR 3240 --- [com.alibaba.nacos.client.naming.updater.2] com.alibaba.nacos.common.remote.client   : Send request fail, request = ServiceQueryRequest{headers={app=unknown}, requestId='null'}, retryTimes = 0, errorMessage = Client not connected, current status:UNHEALTHY
17-14-25-467 ERROR 3240 --- [com.alibaba.nacos.client.naming.updater.2] com.alibaba.nacos.common.remote.client   : Send request fail, request = ServiceQueryRequest{headers={app=unknown}, requestId='null'}, retryTimes = 1, errorMessage = Client not connected, current status:UNHEALTHY
17-14-25-575 ERROR 3240 --- [com.alibaba.nacos.client.naming.updater.2] com.alibaba.nacos.common.remote.client   : Send request fail, request = ServiceQueryRequest{headers={app=unknown}, requestId='null'}, retryTimes = 2, errorMessage = Client not connected, current status:UNHEALTHY
17-14-32-357 ERROR 3240 --- [com.alibaba.nacos.client.remote.worker] c.a.n.c.remote.client.grpc.GrpcClient    : Server check fail, please check server 192.168.10.101 ,port 9848 is available , error ={}

java.util.concurrent.TimeoutException: Waited 3000 milliseconds (plus 434600 nanoseconds delay) for com.alibaba.nacos.shaded.io.grpc.stub.ClientCalls$GrpcFuture@d234d8a[status=PENDING, info=[GrpcFuture{clientCall={delegate={delegate=ClientCallImpl{method=MethodDescriptor{fullMethodName=Request/request, type=UNARY, idempotent=false, safe=false, sampledToLocalTracing=true, requestMarshaller=com.alibaba.nacos.shaded.io.grpc.protobuf.lite.ProtoLiteUtils$MessageMarshaller@24e11377, responseMarshaller=com.alibaba.nacos.shaded.io.grpc.protobuf.lite.ProtoLiteUtils$MessageMarshaller@424f5fa2, schemaDescriptor=com.alibaba.nacos.api.grpc.auto.RequestGrpc$RequestMethodDescriptorSupplier@56847fbc}}}}}]]
	at com.alibaba.nacos.shaded.com.google.common.util.concurrent.AbstractFuture.get(AbstractFuture.java:508) ~[nacos-client-2.0.4.jar:na]
	at com.alibaba.nacos.common.remote.client.grpc.GrpcClient.serverCheck(GrpcClient.java:148) ~[nacos-client-2.0.4.jar:na]
	at com.alibaba.nacos.common.remote.client.grpc.GrpcClient.connectToServer(GrpcClient.java:264) ~[nacos-client-2.0.4.jar:na]
	at com.alibaba.nacos.common.remote.client.RpcClient.reconnect(RpcClient.java:522) ~[nacos-client-2.0.4.jar:na]
	at com.alibaba.nacos.common.remote.client.RpcClient.lambda$start$2(RpcClient.java:370) ~[nacos-client-2.0.4.jar:na]
	at java.base/java.util.concurrent.Executors$RunnableAdapter.call(Executors.java:515) ~[na:na]
	at java.base/java.util.concurrent.FutureTask.run(FutureTask.java:264) ~[na:na]
	at java.base/java.util.concurrent.ScheduledThreadPoolExecutor$ScheduledFutureTask.run(ScheduledThreadPoolExecutor.java:304) ~[na:na]
	at java.base/java.util.concurrent.ThreadPoolExecutor.runWorker(ThreadPoolExecutor.java:1128) ~[na:na]
	at java.base/java.util.concurrent.ThreadPoolExecutor$Worker.run(ThreadPoolExecutor.java:628) ~[na:na]
	at java.base/java.lang.Thread.run(Thread.java:834) ~[na:na]

17-14-32-357  INFO 3240 --- [com.alibaba.nacos.client.remote.worker] com.alibaba.nacos.common.remote.client   : [a244ca18-c11c-4d0a-90eb-25184f5cc6ca] Fail to connect server, after trying 117 times, last try server is {serverIp = '192.168.10.101', server main port = 8848}, error = unknown
17-14-40-374 ERROR 3240 --- [com.alibaba.nacos.client.remote.worker] c.a.n.c.remote.client.grpc.GrpcClient    : Server check fail, please check server 192.168.10.101 ,port 9848 is available , error ={}

java.util.concurrent.TimeoutException: Waited 3000 milliseconds (plus 1 milliseconds, 108600 nanoseconds delay) for com.alibaba.nacos.shaded.io.grpc.stub.ClientCalls$GrpcFuture@421da184[status=PENDING, info=[GrpcFuture{clientCall={delegate={delegate=ClientCallImpl{method=MethodDescriptor{fullMethodName=Request/request, type=UNARY, idempotent=false, safe=false, sampledToLocalTracing=true, requestMarshaller=com.alibaba.nacos.shaded.io.grpc.protobuf.lite.ProtoLiteUtils$MessageMarshaller@24e11377, responseMarshaller=com.alibaba.nacos.shaded.io.grpc.protobuf.lite.ProtoLiteUtils$MessageMarshaller@424f5fa2, schemaDescriptor=com.alibaba.nacos.api.grpc.auto.RequestGrpc$RequestMethodDescriptorSupplier@56847fbc}}}}}]]
	at com.alibaba.nacos.shaded.com.google.common.util.concurrent.AbstractFuture.get(AbstractFuture.java:508) ~[nacos-client-2.0.4.jar:na]
	at com.alibaba.nacos.common.remote.client.grpc.GrpcClient.serverCheck(GrpcClient.java:148) ~[nacos-client-2.0.4.jar:na]
	at com.alibaba.nacos.common.remote.client.grpc.GrpcClient.connectToServer(GrpcClient.java:264) ~[nacos-client-2.0.4.jar:na]
	at com.alibaba.nacos.common.remote.client.RpcClient.reconnect(RpcClient.java:522) ~[nacos-client-2.0.4.jar:na]
	at com.alibaba.nacos.common.remote.client.RpcClient.lambda$start$2(RpcClient.java:370) ~[nacos-client-2.0.4.jar:na]
	at java.base/java.util.concurrent.Executors$RunnableAdapter.call(Executors.java:515) ~[na:na]
	at java.base/java.util.concurrent.FutureTask.run(FutureTask.java:264) ~[na:na]
	at java.base/java.util.concurrent.ScheduledThreadPoolExecutor$ScheduledFutureTask.run(ScheduledThreadPoolExecutor.java:304) ~[na:na]
	at java.base/java.util.concurrent.ThreadPoolExecutor.runWorker(ThreadPoolExecutor.java:1128) ~[na:na]
	at java.base/java.util.concurrent.ThreadPoolExecutor$Worker.run(ThreadPoolExecutor.java:628) ~[na:na]
	at java.base/java.lang.Thread.run(Thread.java:834) ~[na:na]

17-14-40-375  INFO 3240 --- [com.alibaba.nacos.client.remote.worker] com.alibaba.nacos.common.remote.client   : [a244ca18-c11c-4d0a-90eb-25184f5cc6ca] Fail to connect server, after trying 118 times, last try server is {serverIp = '192.168.10.101', server main port = 8848}, error = unknown
17-14-48-392 ERROR 3240 --- [com.alibaba.nacos.client.remote.worker] c.a.n.c.remote.client.grpc.GrpcClient    : Server check fail, please check server 192.168.10.101 ,port 9848 is available , error ={}

java.util.concurrent.TimeoutException: Waited 3000 milliseconds (plus 1 milliseconds, 411500 nanoseconds delay) for com.alibaba.nacos.shaded.io.grpc.stub.ClientCalls$GrpcFuture@1d684746[status=PENDING, info=[GrpcFuture{clientCall={delegate={delegate=ClientCallImpl{method=MethodDescriptor{fullMethodName=Request/request, type=UNARY, idempotent=false, safe=false, sampledToLocalTracing=true, requestMarshaller=com.alibaba.nacos.shaded.io.grpc.protobuf.lite.ProtoLiteUtils$MessageMarshaller@24e11377, responseMarshaller=com.alibaba.nacos.shaded.io.grpc.protobuf.lite.ProtoLiteUtils$MessageMarshaller@424f5fa2, schemaDescriptor=com.alibaba.nacos.api.grpc.auto.RequestGrpc$RequestMethodDescriptorSupplier@56847fbc}}}}}]]
	at com.alibaba.nacos.shaded.com.google.common.util.concurrent.AbstractFuture.get(AbstractFuture.java:508) ~[nacos-client-2.0.4.jar:na]
	at com.alibaba.nacos.common.remote.client.grpc.GrpcClient.serverCheck(GrpcClient.java:148) ~[nacos-client-2.0.4.jar:na]
	at com.alibaba.nacos.common.remote.client.grpc.GrpcClient.connectToServer(GrpcClient.java:264) ~[nacos-client-2.0.4.jar:na]
	at com.alibaba.nacos.common.remote.client.RpcClient.reconnect(RpcClient.java:522) ~[nacos-client-2.0.4.jar:na]
	at com.alibaba.nacos.common.remote.client.RpcClient.lambda$start$2(RpcClient.java:370) ~[nacos-client-2.0.4.jar:na]
	at java.base/java.util.concurrent.Executors$RunnableAdapter.call(Executors.java:515) ~[na:na]
	at java.base/java.util.concurrent.FutureTask.run(FutureTask.java:264) ~[na:na]
	at java.base/java.util.concurrent.ScheduledThreadPoolExecutor$ScheduledFutureTask.run(ScheduledThreadPoolExecutor.java:304) ~[na:na]
	at java.base/java.util.concurrent.ThreadPoolExecutor.runWorker(ThreadPoolExecutor.java:1128) ~[na:na]
	at java.base/java.util.concurrent.ThreadPoolExecutor$Worker.run(ThreadPoolExecutor.java:628) ~[na:na]
	at java.base/java.lang.Thread.run(Thread.java:834) ~[na:na]

17-14-48-393  INFO 3240 --- [com.alibaba.nacos.client.remote.worker] com.alibaba.nacos.common.remote.client   : [a244ca18-c11c-4d0a-90eb-25184f5cc6ca] Fail to connect server, after trying 119 times, last try server is {serverIp = '192.168.10.101', server main port = 8848}, error = unknown
17-14-56-410 ERROR 3240 --- [com.alibaba.nacos.client.remote.worker] c.a.n.c.remote.client.grpc.GrpcClient    : Server check fail, please check server 192.168.10.101 ,port 9848 is available , error ={}

java.util.concurrent.TimeoutException: Waited 3000 milliseconds (plus 15 milliseconds, 126900 nanoseconds delay) for com.alibaba.nacos.shaded.io.grpc.stub.ClientCalls$GrpcFuture@38aa50fa[status=PENDING, info=[GrpcFuture{clientCall={delegate={delegate=ClientCallImpl{method=MethodDescriptor{fullMethodName=Request/request, type=UNARY, idempotent=false, safe=false, sampledToLocalTracing=true, requestMarshaller=com.alibaba.nacos.shaded.io.grpc.protobuf.lite.ProtoLiteUtils$MessageMarshaller@24e11377, responseMarshaller=com.alibaba.nacos.shaded.io.grpc.protobuf.lite.ProtoLiteUtils$MessageMarshaller@424f5fa2, schemaDescriptor=com.alibaba.nacos.api.grpc.auto.RequestGrpc$RequestMethodDescriptorSupplier@56847fbc}}}}}]]
	at com.alibaba.nacos.shaded.com.google.common.util.concurrent.AbstractFuture.get(AbstractFuture.java:508) ~[nacos-client-2.0.4.jar:na]
	at com.alibaba.nacos.common.remote.client.grpc.GrpcClient.serverCheck(GrpcClient.java:148) ~[nacos-client-2.0.4.jar:na]
	at com.alibaba.nacos.common.remote.client.grpc.GrpcClient.connectToServer(GrpcClient.java:264) ~[nacos-client-2.0.4.jar:na]
	at com.alibaba.nacos.common.remote.client.RpcClient.reconnect(RpcClient.java:522) ~[nacos-client-2.0.4.jar:na]
	at com.alibaba.nacos.common.remote.client.RpcClient.lambda$start$2(RpcClient.java:370) ~[nacos-client-2.0.4.jar:na]
	at java.base/java.util.concurrent.Executors$RunnableAdapter.call(Executors.java:515) ~[na:na]
	at java.base/java.util.concurrent.FutureTask.run(FutureTask.java:264) ~[na:na]
	at java.base/java.util.concurrent.ScheduledThreadPoolExecutor$ScheduledFutureTask.run(ScheduledThreadPoolExecutor.java:304) ~[na:na]
	at java.base/java.util.concurrent.ThreadPoolExecutor.runWorker(ThreadPoolExecutor.java:1128) ~[na:na]
	at java.base/java.util.concurrent.ThreadPoolExecutor$Worker.run(ThreadPoolExecutor.java:628) ~[na:na]
	at java.base/java.lang.Thread.run(Thread.java:834) ~[na:na]

17-14-56-411  INFO 3240 --- [com.alibaba.nacos.client.remote.worker] com.alibaba.nacos.common.remote.client   : [a244ca18-c11c-4d0a-90eb-25184f5cc6ca] Fail to connect server, after trying 120 times, last try server is {serverIp = '192.168.10.101', server main port = 8848}, error = unknown
17-15-04-427 ERROR 3240 --- [com.alibaba.nacos.client.remote.worker] c.a.n.c.remote.client.grpc.GrpcClient    : Server check fail, please check server 192.168.10.101 ,port 9848 is available , error ={}

java.util.concurrent.TimeoutException: Waited 3000 milliseconds (plus 759800 nanoseconds delay) for com.alibaba.nacos.shaded.io.grpc.stub.ClientCalls$GrpcFuture@1765411d[status=PENDING, info=[GrpcFuture{clientCall={delegate={delegate=ClientCallImpl{method=MethodDescriptor{fullMethodName=Request/request, type=UNARY, idempotent=false, safe=false, sampledToLocalTracing=true, requestMarshaller=com.alibaba.nacos.shaded.io.grpc.protobuf.lite.ProtoLiteUtils$MessageMarshaller@24e11377, responseMarshaller=com.alibaba.nacos.shaded.io.grpc.protobuf.lite.ProtoLiteUtils$MessageMarshaller@424f5fa2, schemaDescriptor=com.alibaba.nacos.api.grpc.auto.RequestGrpc$RequestMethodDescriptorSupplier@56847fbc}}}}}]]
	at com.alibaba.nacos.shaded.com.google.common.util.concurrent.AbstractFuture.get(AbstractFuture.java:508) ~[nacos-client-2.0.4.jar:na]
	at com.alibaba.nacos.common.remote.client.grpc.GrpcClient.serverCheck(GrpcClient.java:148) ~[nacos-client-2.0.4.jar:na]
	at com.alibaba.nacos.common.remote.client.grpc.GrpcClient.connectToServer(GrpcClient.java:264) ~[nacos-client-2.0.4.jar:na]
	at com.alibaba.nacos.common.remote.client.RpcClient.reconnect(RpcClient.java:522) ~[nacos-client-2.0.4.jar:na]
	at com.alibaba.nacos.common.remote.client.RpcClient.lambda$start$2(RpcClient.java:370) ~[nacos-client-2.0.4.jar:na]
	at java.base/java.util.concurrent.Executors$RunnableAdapter.call(Executors.java:515) ~[na:na]
	at java.base/java.util.concurrent.FutureTask.run(FutureTask.java:264) ~[na:na]
	at java.base/java.util.concurrent.ScheduledThreadPoolExecutor$ScheduledFutureTask.run(ScheduledThreadPoolExecutor.java:304) ~[na:na]
	at java.base/java.util.concurrent.ThreadPoolExecutor.runWorker(ThreadPoolExecutor.java:1128) ~[na:na]
	at java.base/java.util.concurrent.ThreadPoolExecutor$Worker.run(ThreadPoolExecutor.java:628) ~[na:na]
	at java.base/java.lang.Thread.run(Thread.java:834) ~[na:na]

17-15-04-428  INFO 3240 --- [com.alibaba.nacos.client.remote.worker] com.alibaba.nacos.common.remote.client   : [a244ca18-c11c-4d0a-90eb-25184f5cc6ca] Fail to connect server, after trying 121 times, last try server is {serverIp = '192.168.10.101', server main port = 8848}, error = unknown
17-15-12-449 ERROR 3240 --- [com.alibaba.nacos.client.remote.worker] c.a.n.c.remote.client.grpc.GrpcClient    : Server check fail, please check server 192.168.10.101 ,port 9848 is available , error ={}

java.util.concurrent.TimeoutException: Waited 3000 milliseconds (plus 11 milliseconds, 190800 nanoseconds delay) for com.alibaba.nacos.shaded.io.grpc.stub.ClientCalls$GrpcFuture@3ffb32b8[status=PENDING, info=[GrpcFuture{clientCall={delegate={delegate=ClientCallImpl{method=MethodDescriptor{fullMethodName=Request/request, type=UNARY, idempotent=false, safe=false, sampledToLocalTracing=true, requestMarshaller=com.alibaba.nacos.shaded.io.grpc.protobuf.lite.ProtoLiteUtils$MessageMarshaller@24e11377, responseMarshaller=com.alibaba.nacos.shaded.io.grpc.protobuf.lite.ProtoLiteUtils$MessageMarshaller@424f5fa2, schemaDescriptor=com.alibaba.nacos.api.grpc.auto.RequestGrpc$RequestMethodDescriptorSupplier@56847fbc}}}}}]]
	at com.alibaba.nacos.shaded.com.google.common.util.concurrent.AbstractFuture.get(AbstractFuture.java:508) ~[nacos-client-2.0.4.jar:na]
	at com.alibaba.nacos.common.remote.client.grpc.GrpcClient.serverCheck(GrpcClient.java:148) ~[nacos-client-2.0.4.jar:na]
	at com.alibaba.nacos.common.remote.client.grpc.GrpcClient.connectToServer(GrpcClient.java:264) ~[nacos-client-2.0.4.jar:na]
	at com.alibaba.nacos.common.remote.client.RpcClient.reconnect(RpcClient.java:522) ~[nacos-client-2.0.4.jar:na]
	at com.alibaba.nacos.common.remote.client.RpcClient.lambda$start$2(RpcClient.java:370) ~[nacos-client-2.0.4.jar:na]
	at java.base/java.util.concurrent.Executors$RunnableAdapter.call(Executors.java:515) ~[na:na]
	at java.base/java.util.concurrent.FutureTask.run(FutureTask.java:264) ~[na:na]
	at java.base/java.util.concurrent.ScheduledThreadPoolExecutor$ScheduledFutureTask.run(ScheduledThreadPoolExecutor.java:304) ~[na:na]
	at java.base/java.util.concurrent.ThreadPoolExecutor.runWorker(ThreadPoolExecutor.java:1128) ~[na:na]
	at java.base/java.util.concurrent.ThreadPoolExecutor$Worker.run(ThreadPoolExecutor.java:628) ~[na:na]
	at java.base/java.lang.Thread.run(Thread.java:834) ~[na:na]

17-15-12-450  INFO 3240 --- [com.alibaba.nacos.client.remote.worker] com.alibaba.nacos.common.remote.client   : [a244ca18-c11c-4d0a-90eb-25184f5cc6ca] Fail to connect server, after trying 122 times, last try server is {serverIp = '192.168.10.101', server main port = 8848}, error = unknown
17-15-20-466 ERROR 3240 --- [com.alibaba.nacos.client.remote.worker] c.a.n.c.remote.client.grpc.GrpcClient    : Server check fail, please check server 192.168.10.101 ,port 9848 is available , error ={}

java.util.concurrent.TimeoutException: Waited 3000 milliseconds (plus 1 milliseconds, 575900 nanoseconds delay) for com.alibaba.nacos.shaded.io.grpc.stub.ClientCalls$GrpcFuture@24aa217a[status=PENDING, info=[GrpcFuture{clientCall={delegate={delegate=ClientCallImpl{method=MethodDescriptor{fullMethodName=Request/request, type=UNARY, idempotent=false, safe=false, sampledToLocalTracing=true, requestMarshaller=com.alibaba.nacos.shaded.io.grpc.protobuf.lite.ProtoLiteUtils$MessageMarshaller@24e11377, responseMarshaller=com.alibaba.nacos.shaded.io.grpc.protobuf.lite.ProtoLiteUtils$MessageMarshaller@424f5fa2, schemaDescriptor=com.alibaba.nacos.api.grpc.auto.RequestGrpc$RequestMethodDescriptorSupplier@56847fbc}}}}}]]
	at com.alibaba.nacos.shaded.com.google.common.util.concurrent.AbstractFuture.get(AbstractFuture.java:508) ~[nacos-client-2.0.4.jar:na]
	at com.alibaba.nacos.common.remote.client.grpc.GrpcClient.serverCheck(GrpcClient.java:148) ~[nacos-client-2.0.4.jar:na]
	at com.alibaba.nacos.common.remote.client.grpc.GrpcClient.connectToServer(GrpcClient.java:264) ~[nacos-client-2.0.4.jar:na]
	at com.alibaba.nacos.common.remote.client.RpcClient.reconnect(RpcClient.java:522) ~[nacos-client-2.0.4.jar:na]
	at com.alibaba.nacos.common.remote.client.RpcClient.lambda$start$2(RpcClient.java:370) ~[nacos-client-2.0.4.jar:na]
	at java.base/java.util.concurrent.Executors$RunnableAdapter.call(Executors.java:515) ~[na:na]
	at java.base/java.util.concurrent.FutureTask.run(FutureTask.java:264) ~[na:na]
	at java.base/java.util.concurrent.ScheduledThreadPoolExecutor$ScheduledFutureTask.run(ScheduledThreadPoolExecutor.java:304) ~[na:na]
	at java.base/java.util.concurrent.ThreadPoolExecutor.runWorker(ThreadPoolExecutor.java:1128) ~[na:na]
	at java.base/java.util.concurrent.ThreadPoolExecutor$Worker.run(ThreadPoolExecutor.java:628) ~[na:na]
	at java.base/java.lang.Thread.run(Thread.java:834) ~[na:na]

17-15-20-466  INFO 3240 --- [com.alibaba.nacos.client.remote.worker] com.alibaba.nacos.common.remote.client   : [a244ca18-c11c-4d0a-90eb-25184f5cc6ca] Fail to connect server, after trying 123 times, last try server is {serverIp = '192.168.10.101', server main port = 8848}, error = unknown
17-15-25-688 ERROR 3240 --- [com.alibaba.nacos.client.naming.updater.2] com.alibaba.nacos.common.remote.client   : Send request fail, request = ServiceQueryRequest{headers={app=unknown}, requestId='null'}, retryTimes = 0, errorMessage = Client not connected, current status:UNHEALTHY
17-15-25-795 ERROR 3240 --- [com.alibaba.nacos.client.naming.updater.2] com.alibaba.nacos.common.remote.client   : Send request fail, request = ServiceQueryRequest{headers={app=unknown}, requestId='null'}, retryTimes = 1, errorMessage = Client not connected, current status:UNHEALTHY
17-15-25-903 ERROR 3240 --- [com.alibaba.nacos.client.naming.updater.2] com.alibaba.nacos.common.remote.client   : Send request fail, request = ServiceQueryRequest{headers={app=unknown}, requestId='null'}, retryTimes = 2, errorMessage = Client not connected, current status:UNHEALTHY
17-15-28-473 ERROR 3240 --- [com.alibaba.nacos.client.remote.worker] c.a.n.c.remote.client.grpc.GrpcClient    : Server check fail, please check server 192.168.10.101 ,port 9848 is available , error ={}

java.util.concurrent.TimeoutException: Waited 3000 milliseconds (plus 583500 nanoseconds delay) for com.alibaba.nacos.shaded.io.grpc.stub.ClientCalls$GrpcFuture@69728685[status=PENDING, info=[GrpcFuture{clientCall={delegate={delegate=ClientCallImpl{method=MethodDescriptor{fullMethodName=Request/request, type=UNARY, idempotent=false, safe=false, sampledToLocalTracing=true, requestMarshaller=com.alibaba.nacos.shaded.io.grpc.protobuf.lite.ProtoLiteUtils$MessageMarshaller@24e11377, responseMarshaller=com.alibaba.nacos.shaded.io.grpc.protobuf.lite.ProtoLiteUtils$MessageMarshaller@424f5fa2, schemaDescriptor=com.alibaba.nacos.api.grpc.auto.RequestGrpc$RequestMethodDescriptorSupplier@56847fbc}}}}}]]
	at com.alibaba.nacos.shaded.com.google.common.util.concurrent.AbstractFuture.get(AbstractFuture.java:508) ~[nacos-client-2.0.4.jar:na]
	at com.alibaba.nacos.common.remote.client.grpc.GrpcClient.serverCheck(GrpcClient.java:148) ~[nacos-client-2.0.4.jar:na]
	at com.alibaba.nacos.common.remote.client.grpc.GrpcClient.connectToServer(GrpcClient.java:264) ~[nacos-client-2.0.4.jar:na]
	at com.alibaba.nacos.common.remote.client.RpcClient.reconnect(RpcClient.java:522) ~[nacos-client-2.0.4.jar:na]
	at com.alibaba.nacos.common.remote.client.RpcClient.lambda$start$2(RpcClient.java:370) ~[nacos-client-2.0.4.jar:na]
	at java.base/java.util.concurrent.Executors$RunnableAdapter.call(Executors.java:515) ~[na:na]
	at java.base/java.util.concurrent.FutureTask.run(FutureTask.java:264) ~[na:na]
	at java.base/java.util.concurrent.ScheduledThreadPoolExecutor$ScheduledFutureTask.run(ScheduledThreadPoolExecutor.java:304) ~[na:na]
	at java.base/java.util.concurrent.ThreadPoolExecutor.runWorker(ThreadPoolExecutor.java:1128) ~[na:na]
	at java.base/java.util.concurrent.ThreadPoolExecutor$Worker.run(ThreadPoolExecutor.java:628) ~[na:na]
	at java.base/java.lang.Thread.run(Thread.java:834) ~[na:na]

17-15-28-475  INFO 3240 --- [com.alibaba.nacos.client.remote.worker] com.alibaba.nacos.common.remote.client   : [a244ca18-c11c-4d0a-90eb-25184f5cc6ca] Fail to connect server, after trying 124 times, last try server is {serverIp = '192.168.10.101', server main port = 8848}, error = unknown
17-15-36-492 ERROR 3240 --- [com.alibaba.nacos.client.remote.worker] c.a.n.c.remote.client.grpc.GrpcClient    : Server check fail, please check server 192.168.10.101 ,port 9848 is available , error ={}

java.util.concurrent.TimeoutException: Waited 3000 milliseconds (plus 542100 nanoseconds delay) for com.alibaba.nacos.shaded.io.grpc.stub.ClientCalls$GrpcFuture@79fa3b23[status=PENDING, info=[GrpcFuture{clientCall={delegate={delegate=ClientCallImpl{method=MethodDescriptor{fullMethodName=Request/request, type=UNARY, idempotent=false, safe=false, sampledToLocalTracing=true, requestMarshaller=com.alibaba.nacos.shaded.io.grpc.protobuf.lite.ProtoLiteUtils$MessageMarshaller@24e11377, responseMarshaller=com.alibaba.nacos.shaded.io.grpc.protobuf.lite.ProtoLiteUtils$MessageMarshaller@424f5fa2, schemaDescriptor=com.alibaba.nacos.api.grpc.auto.RequestGrpc$RequestMethodDescriptorSupplier@56847fbc}}}}}]]
	at com.alibaba.nacos.shaded.com.google.common.util.concurrent.AbstractFuture.get(AbstractFuture.java:508) ~[nacos-client-2.0.4.jar:na]
	at com.alibaba.nacos.common.remote.client.grpc.GrpcClient.serverCheck(GrpcClient.java:148) ~[nacos-client-2.0.4.jar:na]
	at com.alibaba.nacos.common.remote.client.grpc.GrpcClient.connectToServer(GrpcClient.java:264) ~[nacos-client-2.0.4.jar:na]
	at com.alibaba.nacos.common.remote.client.RpcClient.reconnect(RpcClient.java:522) ~[nacos-client-2.0.4.jar:na]
	at com.alibaba.nacos.common.remote.client.RpcClient.lambda$start$2(RpcClient.java:370) ~[nacos-client-2.0.4.jar:na]
	at java.base/java.util.concurrent.Executors$RunnableAdapter.call(Executors.java:515) ~[na:na]
	at java.base/java.util.concurrent.FutureTask.run(FutureTask.java:264) ~[na:na]
	at java.base/java.util.concurrent.ScheduledThreadPoolExecutor$ScheduledFutureTask.run(ScheduledThreadPoolExecutor.java:304) ~[na:na]
	at java.base/java.util.concurrent.ThreadPoolExecutor.runWorker(ThreadPoolExecutor.java:1128) ~[na:na]
	at java.base/java.util.concurrent.ThreadPoolExecutor$Worker.run(ThreadPoolExecutor.java:628) ~[na:na]
	at java.base/java.lang.Thread.run(Thread.java:834) ~[na:na]

17-15-36-493  INFO 3240 --- [com.alibaba.nacos.client.remote.worker] com.alibaba.nacos.common.remote.client   : [a244ca18-c11c-4d0a-90eb-25184f5cc6ca] Fail to connect server, after trying 125 times, last try server is {serverIp = '192.168.10.101', server main port = 8848}, error = unknown
17-15-44-501 ERROR 3240 --- [com.alibaba.nacos.client.remote.worker] c.a.n.c.remote.client.grpc.GrpcClient    : Server check fail, please check server 192.168.10.101 ,port 9848 is available , error ={}

java.util.concurrent.TimeoutException: Waited 3000 milliseconds (plus 2 milliseconds, 508400 nanoseconds delay) for com.alibaba.nacos.shaded.io.grpc.stub.ClientCalls$GrpcFuture@627bc4cc[status=PENDING, info=[GrpcFuture{clientCall={delegate={delegate=ClientCallImpl{method=MethodDescriptor{fullMethodName=Request/request, type=UNARY, idempotent=false, safe=false, sampledToLocalTracing=true, requestMarshaller=com.alibaba.nacos.shaded.io.grpc.protobuf.lite.ProtoLiteUtils$MessageMarshaller@24e11377, responseMarshaller=com.alibaba.nacos.shaded.io.grpc.protobuf.lite.ProtoLiteUtils$MessageMarshaller@424f5fa2, schemaDescriptor=com.alibaba.nacos.api.grpc.auto.RequestGrpc$RequestMethodDescriptorSupplier@56847fbc}}}}}]]
	at com.alibaba.nacos.shaded.com.google.common.util.concurrent.AbstractFuture.get(AbstractFuture.java:508) ~[nacos-client-2.0.4.jar:na]
	at com.alibaba.nacos.common.remote.client.grpc.GrpcClient.serverCheck(GrpcClient.java:148) ~[nacos-client-2.0.4.jar:na]
	at com.alibaba.nacos.common.remote.client.grpc.GrpcClient.connectToServer(GrpcClient.java:264) ~[nacos-client-2.0.4.jar:na]
	at com.alibaba.nacos.common.remote.client.RpcClient.reconnect(RpcClient.java:522) ~[nacos-client-2.0.4.jar:na]
	at com.alibaba.nacos.common.remote.client.RpcClient.lambda$start$2(RpcClient.java:370) ~[nacos-client-2.0.4.jar:na]
	at java.base/java.util.concurrent.Executors$RunnableAdapter.call(Executors.java:515) ~[na:na]
	at java.base/java.util.concurrent.FutureTask.run(FutureTask.java:264) ~[na:na]
	at java.base/java.util.concurrent.ScheduledThreadPoolExecutor$ScheduledFutureTask.run(ScheduledThreadPoolExecutor.java:304) ~[na:na]
	at java.base/java.util.concurrent.ThreadPoolExecutor.runWorker(ThreadPoolExecutor.java:1128) ~[na:na]
	at java.base/java.util.concurrent.ThreadPoolExecutor$Worker.run(ThreadPoolExecutor.java:628) ~[na:na]
	at java.base/java.lang.Thread.run(Thread.java:834) ~[na:na]

17-15-44-501  INFO 3240 --- [com.alibaba.nacos.client.remote.worker] com.alibaba.nacos.common.remote.client   : [a244ca18-c11c-4d0a-90eb-25184f5cc6ca] Fail to connect server, after trying 126 times, last try server is {serverIp = '192.168.10.101', server main port = 8848}, error = unknown
17-15-52-516 ERROR 3240 --- [com.alibaba.nacos.client.remote.worker] c.a.n.c.remote.client.grpc.GrpcClient    : Server check fail, please check server 192.168.10.101 ,port 9848 is available , error ={}

java.util.concurrent.TimeoutException: Waited 3000 milliseconds (plus 11 milliseconds, 614100 nanoseconds delay) for com.alibaba.nacos.shaded.io.grpc.stub.ClientCalls$GrpcFuture@e930915[status=PENDING, info=[GrpcFuture{clientCall={delegate={delegate=ClientCallImpl{method=MethodDescriptor{fullMethodName=Request/request, type=UNARY, idempotent=false, safe=false, sampledToLocalTracing=true, requestMarshaller=com.alibaba.nacos.shaded.io.grpc.protobuf.lite.ProtoLiteUtils$MessageMarshaller@24e11377, responseMarshaller=com.alibaba.nacos.shaded.io.grpc.protobuf.lite.ProtoLiteUtils$MessageMarshaller@424f5fa2, schemaDescriptor=com.alibaba.nacos.api.grpc.auto.RequestGrpc$RequestMethodDescriptorSupplier@56847fbc}}}}}]]
	at com.alibaba.nacos.shaded.com.google.common.util.concurrent.AbstractFuture.get(AbstractFuture.java:508) ~[nacos-client-2.0.4.jar:na]
	at com.alibaba.nacos.common.remote.client.grpc.GrpcClient.serverCheck(GrpcClient.java:148) ~[nacos-client-2.0.4.jar:na]
	at com.alibaba.nacos.common.remote.client.grpc.GrpcClient.connectToServer(GrpcClient.java:264) ~[nacos-client-2.0.4.jar:na]
	at com.alibaba.nacos.common.remote.client.RpcClient.reconnect(RpcClient.java:522) ~[nacos-client-2.0.4.jar:na]
	at com.alibaba.nacos.common.remote.client.RpcClient.lambda$start$2(RpcClient.java:370) ~[nacos-client-2.0.4.jar:na]
	at java.base/java.util.concurrent.Executors$RunnableAdapter.call(Executors.java:515) ~[na:na]
	at java.base/java.util.concurrent.FutureTask.run(FutureTask.java:264) ~[na:na]
	at java.base/java.util.concurrent.ScheduledThreadPoolExecutor$ScheduledFutureTask.run(ScheduledThreadPoolExecutor.java:304) ~[na:na]
	at java.base/java.util.concurrent.ThreadPoolExecutor.runWorker(ThreadPoolExecutor.java:1128) ~[na:na]
	at java.base/java.util.concurrent.ThreadPoolExecutor$Worker.run(ThreadPoolExecutor.java:628) ~[na:na]
	at java.base/java.lang.Thread.run(Thread.java:834) ~[na:na]

17-15-52-516  INFO 3240 --- [com.alibaba.nacos.client.remote.worker] com.alibaba.nacos.common.remote.client   : [a244ca18-c11c-4d0a-90eb-25184f5cc6ca] Fail to connect server, after trying 127 times, last try server is {serverIp = '192.168.10.101', server main port = 8848}, error = unknown
17-16-00-534 ERROR 3240 --- [com.alibaba.nacos.client.remote.worker] c.a.n.c.remote.client.grpc.GrpcClient    : Server check fail, please check server 192.168.10.101 ,port 9848 is available , error ={}

java.util.concurrent.TimeoutException: Waited 3000 milliseconds (plus 15 milliseconds, 138100 nanoseconds delay) for com.alibaba.nacos.shaded.io.grpc.stub.ClientCalls$GrpcFuture@12aa02da[status=PENDING, info=[GrpcFuture{clientCall={delegate={delegate=ClientCallImpl{method=MethodDescriptor{fullMethodName=Request/request, type=UNARY, idempotent=false, safe=false, sampledToLocalTracing=true, requestMarshaller=com.alibaba.nacos.shaded.io.grpc.protobuf.lite.ProtoLiteUtils$MessageMarshaller@24e11377, responseMarshaller=com.alibaba.nacos.shaded.io.grpc.protobuf.lite.ProtoLiteUtils$MessageMarshaller@424f5fa2, schemaDescriptor=com.alibaba.nacos.api.grpc.auto.RequestGrpc$RequestMethodDescriptorSupplier@56847fbc}}}}}]]
	at com.alibaba.nacos.shaded.com.google.common.util.concurrent.AbstractFuture.get(AbstractFuture.java:508) ~[nacos-client-2.0.4.jar:na]
	at com.alibaba.nacos.common.remote.client.grpc.GrpcClient.serverCheck(GrpcClient.java:148) ~[nacos-client-2.0.4.jar:na]
	at com.alibaba.nacos.common.remote.client.grpc.GrpcClient.connectToServer(GrpcClient.java:264) ~[nacos-client-2.0.4.jar:na]
	at com.alibaba.nacos.common.remote.client.RpcClient.reconnect(RpcClient.java:522) ~[nacos-client-2.0.4.jar:na]
	at com.alibaba.nacos.common.remote.client.RpcClient.lambda$start$2(RpcClient.java:370) ~[nacos-client-2.0.4.jar:na]
	at java.base/java.util.concurrent.Executors$RunnableAdapter.call(Executors.java:515) ~[na:na]
	at java.base/java.util.concurrent.FutureTask.run(FutureTask.java:264) ~[na:na]
	at java.base/java.util.concurrent.ScheduledThreadPoolExecutor$ScheduledFutureTask.run(ScheduledThreadPoolExecutor.java:304) ~[na:na]
	at java.base/java.util.concurrent.ThreadPoolExecutor.runWorker(ThreadPoolExecutor.java:1128) ~[na:na]
	at java.base/java.util.concurrent.ThreadPoolExecutor$Worker.run(ThreadPoolExecutor.java:628) ~[na:na]
	at java.base/java.lang.Thread.run(Thread.java:834) ~[na:na]

17-16-00-536  INFO 3240 --- [com.alibaba.nacos.client.remote.worker] com.alibaba.nacos.common.remote.client   : [a244ca18-c11c-4d0a-90eb-25184f5cc6ca] Fail to connect server, after trying 128 times, last try server is {serverIp = '192.168.10.101', server main port = 8848}, error = unknown
17-16-08-563 ERROR 3240 --- [com.alibaba.nacos.client.remote.worker] c.a.n.c.remote.client.grpc.GrpcClient    : Server check fail, please check server 192.168.10.101 ,port 9848 is available , error ={}

java.util.concurrent.TimeoutException: Waited 3000 milliseconds (plus 14 milliseconds, 662600 nanoseconds delay) for com.alibaba.nacos.shaded.io.grpc.stub.ClientCalls$GrpcFuture@50a3f575[status=PENDING, info=[GrpcFuture{clientCall={delegate={delegate=ClientCallImpl{method=MethodDescriptor{fullMethodName=Request/request, type=UNARY, idempotent=false, safe=false, sampledToLocalTracing=true, requestMarshaller=com.alibaba.nacos.shaded.io.grpc.protobuf.lite.ProtoLiteUtils$MessageMarshaller@24e11377, responseMarshaller=com.alibaba.nacos.shaded.io.grpc.protobuf.lite.ProtoLiteUtils$MessageMarshaller@424f5fa2, schemaDescriptor=com.alibaba.nacos.api.grpc.auto.RequestGrpc$RequestMethodDescriptorSupplier@56847fbc}}}}}]]
	at com.alibaba.nacos.shaded.com.google.common.util.concurrent.AbstractFuture.get(AbstractFuture.java:508) ~[nacos-client-2.0.4.jar:na]
	at com.alibaba.nacos.common.remote.client.grpc.GrpcClient.serverCheck(GrpcClient.java:148) ~[nacos-client-2.0.4.jar:na]
	at com.alibaba.nacos.common.remote.client.grpc.GrpcClient.connectToServer(GrpcClient.java:264) ~[nacos-client-2.0.4.jar:na]
	at com.alibaba.nacos.common.remote.client.RpcClient.reconnect(RpcClient.java:522) ~[nacos-client-2.0.4.jar:na]
	at com.alibaba.nacos.common.remote.client.RpcClient.lambda$start$2(RpcClient.java:370) ~[nacos-client-2.0.4.jar:na]
	at java.base/java.util.concurrent.Executors$RunnableAdapter.call(Executors.java:515) ~[na:na]
	at java.base/java.util.concurrent.FutureTask.run(FutureTask.java:264) ~[na:na]
	at java.base/java.util.concurrent.ScheduledThreadPoolExecutor$ScheduledFutureTask.run(ScheduledThreadPoolExecutor.java:304) ~[na:na]
	at java.base/java.util.concurrent.ThreadPoolExecutor.runWorker(ThreadPoolExecutor.java:1128) ~[na:na]
	at java.base/java.util.concurrent.ThreadPoolExecutor$Worker.run(ThreadPoolExecutor.java:628) ~[na:na]
	at java.base/java.lang.Thread.run(Thread.java:834) ~[na:na]

17-16-08-564  INFO 3240 --- [com.alibaba.nacos.client.remote.worker] com.alibaba.nacos.common.remote.client   : [a244ca18-c11c-4d0a-90eb-25184f5cc6ca] Fail to connect server, after trying 129 times, last try server is {serverIp = '192.168.10.101', server main port = 8848}, error = unknown
17-16-16-580 ERROR 3240 --- [com.alibaba.nacos.client.remote.worker] c.a.n.c.remote.client.grpc.GrpcClient    : Server check fail, please check server 192.168.10.101 ,port 9848 is available , error ={}

java.util.concurrent.TimeoutException: Waited 3000 milliseconds (plus 14 milliseconds, 179500 nanoseconds delay) for com.alibaba.nacos.shaded.io.grpc.stub.ClientCalls$GrpcFuture@269c9e4c[status=PENDING, info=[GrpcFuture{clientCall={delegate={delegate=ClientCallImpl{method=MethodDescriptor{fullMethodName=Request/request, type=UNARY, idempotent=false, safe=false, sampledToLocalTracing=true, requestMarshaller=com.alibaba.nacos.shaded.io.grpc.protobuf.lite.ProtoLiteUtils$MessageMarshaller@24e11377, responseMarshaller=com.alibaba.nacos.shaded.io.grpc.protobuf.lite.ProtoLiteUtils$MessageMarshaller@424f5fa2, schemaDescriptor=com.alibaba.nacos.api.grpc.auto.RequestGrpc$RequestMethodDescriptorSupplier@56847fbc}}}}}]]
	at com.alibaba.nacos.shaded.com.google.common.util.concurrent.AbstractFuture.get(AbstractFuture.java:508) ~[nacos-client-2.0.4.jar:na]
	at com.alibaba.nacos.common.remote.client.grpc.GrpcClient.serverCheck(GrpcClient.java:148) ~[nacos-client-2.0.4.jar:na]
	at com.alibaba.nacos.common.remote.client.grpc.GrpcClient.connectToServer(GrpcClient.java:264) ~[nacos-client-2.0.4.jar:na]
	at com.alibaba.nacos.common.remote.client.RpcClient.reconnect(RpcClient.java:522) ~[nacos-client-2.0.4.jar:na]
	at com.alibaba.nacos.common.remote.client.RpcClient.lambda$start$2(RpcClient.java:370) ~[nacos-client-2.0.4.jar:na]
	at java.base/java.util.concurrent.Executors$RunnableAdapter.call(Executors.java:515) ~[na:na]
	at java.base/java.util.concurrent.FutureTask.run(FutureTask.java:264) ~[na:na]
	at java.base/java.util.concurrent.ScheduledThreadPoolExecutor$ScheduledFutureTask.run(ScheduledThreadPoolExecutor.java:304) ~[na:na]
	at java.base/java.util.concurrent.ThreadPoolExecutor.runWorker(ThreadPoolExecutor.java:1128) ~[na:na]
	at java.base/java.util.concurrent.ThreadPoolExecutor$Worker.run(ThreadPoolExecutor.java:628) ~[na:na]
	at java.base/java.lang.Thread.run(Thread.java:834) ~[na:na]

17-16-16-580  INFO 3240 --- [com.alibaba.nacos.client.remote.worker] com.alibaba.nacos.common.remote.client   : [a244ca18-c11c-4d0a-90eb-25184f5cc6ca] Fail to connect server, after trying 130 times, last try server is {serverIp = '192.168.10.101', server main port = 8848}, error = unknown
17-16-24-582 ERROR 3240 --- [com.alibaba.nacos.client.remote.worker] c.a.n.c.remote.client.grpc.GrpcClient    : Server check fail, please check server 192.168.10.101 ,port 9848 is available , error ={}

java.util.concurrent.TimeoutException: Waited 3000 milliseconds (plus 455300 nanoseconds delay) for com.alibaba.nacos.shaded.io.grpc.stub.ClientCalls$GrpcFuture@6418ab1b[status=PENDING, info=[GrpcFuture{clientCall={delegate={delegate=ClientCallImpl{method=MethodDescriptor{fullMethodName=Request/request, type=UNARY, idempotent=false, safe=false, sampledToLocalTracing=true, requestMarshaller=com.alibaba.nacos.shaded.io.grpc.protobuf.lite.ProtoLiteUtils$MessageMarshaller@24e11377, responseMarshaller=com.alibaba.nacos.shaded.io.grpc.protobuf.lite.ProtoLiteUtils$MessageMarshaller@424f5fa2, schemaDescriptor=com.alibaba.nacos.api.grpc.auto.RequestGrpc$RequestMethodDescriptorSupplier@56847fbc}}}}}]]
	at com.alibaba.nacos.shaded.com.google.common.util.concurrent.AbstractFuture.get(AbstractFuture.java:508) ~[nacos-client-2.0.4.jar:na]
	at com.alibaba.nacos.common.remote.client.grpc.GrpcClient.serverCheck(GrpcClient.java:148) ~[nacos-client-2.0.4.jar:na]
	at com.alibaba.nacos.common.remote.client.grpc.GrpcClient.connectToServer(GrpcClient.java:264) ~[nacos-client-2.0.4.jar:na]
	at com.alibaba.nacos.common.remote.client.RpcClient.reconnect(RpcClient.java:522) ~[nacos-client-2.0.4.jar:na]
	at com.alibaba.nacos.common.remote.client.RpcClient.lambda$start$2(RpcClient.java:370) ~[nacos-client-2.0.4.jar:na]
	at java.base/java.util.concurrent.Executors$RunnableAdapter.call(Executors.java:515) ~[na:na]
	at java.base/java.util.concurrent.FutureTask.run(FutureTask.java:264) ~[na:na]
	at java.base/java.util.concurrent.ScheduledThreadPoolExecutor$ScheduledFutureTask.run(ScheduledThreadPoolExecutor.java:304) ~[na:na]
	at java.base/java.util.concurrent.ThreadPoolExecutor.runWorker(ThreadPoolExecutor.java:1128) ~[na:na]
	at java.base/java.util.concurrent.ThreadPoolExecutor$Worker.run(ThreadPoolExecutor.java:628) ~[na:na]
	at java.base/java.lang.Thread.run(Thread.java:834) ~[na:na]

17-16-24-583  INFO 3240 --- [com.alibaba.nacos.client.remote.worker] com.alibaba.nacos.common.remote.client   : [a244ca18-c11c-4d0a-90eb-25184f5cc6ca] Fail to connect server, after trying 131 times, last try server is {serverIp = '192.168.10.101', server main port = 8848}, error = unknown
17-16-26-015 ERROR 3240 --- [com.alibaba.nacos.client.naming.updater.2] com.alibaba.nacos.common.remote.client   : Send request fail, request = ServiceQueryRequest{headers={app=unknown}, requestId='null'}, retryTimes = 0, errorMessage = Client not connected, current status:UNHEALTHY
17-16-26-123 ERROR 3240 --- [com.alibaba.nacos.client.naming.updater.2] com.alibaba.nacos.common.remote.client   : Send request fail, request = ServiceQueryRequest{headers={app=unknown}, requestId='null'}, retryTimes = 1, errorMessage = Client not connected, current status:UNHEALTHY
17-16-26-231 ERROR 3240 --- [com.alibaba.nacos.client.naming.updater.2] com.alibaba.nacos.common.remote.client   : Send request fail, request = ServiceQueryRequest{headers={app=unknown}, requestId='null'}, retryTimes = 2, errorMessage = Client not connected, current status:UNHEALTHY
17-16-32-601 ERROR 3240 --- [com.alibaba.nacos.client.remote.worker] c.a.n.c.remote.client.grpc.GrpcClient    : Server check fail, please check server 192.168.10.101 ,port 9848 is available , error ={}

java.util.concurrent.TimeoutException: Waited 3000 milliseconds (plus 2 milliseconds, 767600 nanoseconds delay) for com.alibaba.nacos.shaded.io.grpc.stub.ClientCalls$GrpcFuture@5396641d[status=PENDING, info=[GrpcFuture{clientCall={delegate={delegate=ClientCallImpl{method=MethodDescriptor{fullMethodName=Request/request, type=UNARY, idempotent=false, safe=false, sampledToLocalTracing=true, requestMarshaller=com.alibaba.nacos.shaded.io.grpc.protobuf.lite.ProtoLiteUtils$MessageMarshaller@24e11377, responseMarshaller=com.alibaba.nacos.shaded.io.grpc.protobuf.lite.ProtoLiteUtils$MessageMarshaller@424f5fa2, schemaDescriptor=com.alibaba.nacos.api.grpc.auto.RequestGrpc$RequestMethodDescriptorSupplier@56847fbc}}}}}]]
	at com.alibaba.nacos.shaded.com.google.common.util.concurrent.AbstractFuture.get(AbstractFuture.java:508) ~[nacos-client-2.0.4.jar:na]
	at com.alibaba.nacos.common.remote.client.grpc.GrpcClient.serverCheck(GrpcClient.java:148) ~[nacos-client-2.0.4.jar:na]
	at com.alibaba.nacos.common.remote.client.grpc.GrpcClient.connectToServer(GrpcClient.java:264) ~[nacos-client-2.0.4.jar:na]
	at com.alibaba.nacos.common.remote.client.RpcClient.reconnect(RpcClient.java:522) ~[nacos-client-2.0.4.jar:na]
	at com.alibaba.nacos.common.remote.client.RpcClient.lambda$start$2(RpcClient.java:370) ~[nacos-client-2.0.4.jar:na]
	at java.base/java.util.concurrent.Executors$RunnableAdapter.call(Executors.java:515) ~[na:na]
	at java.base/java.util.concurrent.FutureTask.run(FutureTask.java:264) ~[na:na]
	at java.base/java.util.concurrent.ScheduledThreadPoolExecutor$ScheduledFutureTask.run(ScheduledThreadPoolExecutor.java:304) ~[na:na]
	at java.base/java.util.concurrent.ThreadPoolExecutor.runWorker(ThreadPoolExecutor.java:1128) ~[na:na]
	at java.base/java.util.concurrent.ThreadPoolExecutor$Worker.run(ThreadPoolExecutor.java:628) ~[na:na]
	at java.base/java.lang.Thread.run(Thread.java:834) ~[na:na]

17-16-32-602  INFO 3240 --- [com.alibaba.nacos.client.remote.worker] com.alibaba.nacos.common.remote.client   : [a244ca18-c11c-4d0a-90eb-25184f5cc6ca] Fail to connect server, after trying 132 times, last try server is {serverIp = '192.168.10.101', server main port = 8848}, error = unknown
17-16-40-623 ERROR 3240 --- [com.alibaba.nacos.client.remote.worker] c.a.n.c.remote.client.grpc.GrpcClient    : Server check fail, please check server 192.168.10.101 ,port 9848 is available , error ={}

java.util.concurrent.TimeoutException: Waited 3000 milliseconds (plus 13 milliseconds, 862100 nanoseconds delay) for com.alibaba.nacos.shaded.io.grpc.stub.ClientCalls$GrpcFuture@2ce02e98[status=PENDING, info=[GrpcFuture{clientCall={delegate={delegate=ClientCallImpl{method=MethodDescriptor{fullMethodName=Request/request, type=UNARY, idempotent=false, safe=false, sampledToLocalTracing=true, requestMarshaller=com.alibaba.nacos.shaded.io.grpc.protobuf.lite.ProtoLiteUtils$MessageMarshaller@24e11377, responseMarshaller=com.alibaba.nacos.shaded.io.grpc.protobuf.lite.ProtoLiteUtils$MessageMarshaller@424f5fa2, schemaDescriptor=com.alibaba.nacos.api.grpc.auto.RequestGrpc$RequestMethodDescriptorSupplier@56847fbc}}}}}]]
	at com.alibaba.nacos.shaded.com.google.common.util.concurrent.AbstractFuture.get(AbstractFuture.java:508) ~[nacos-client-2.0.4.jar:na]
	at com.alibaba.nacos.common.remote.client.grpc.GrpcClient.serverCheck(GrpcClient.java:148) ~[nacos-client-2.0.4.jar:na]
	at com.alibaba.nacos.common.remote.client.grpc.GrpcClient.connectToServer(GrpcClient.java:264) ~[nacos-client-2.0.4.jar:na]
	at com.alibaba.nacos.common.remote.client.RpcClient.reconnect(RpcClient.java:522) ~[nacos-client-2.0.4.jar:na]
	at com.alibaba.nacos.common.remote.client.RpcClient.lambda$start$2(RpcClient.java:370) ~[nacos-client-2.0.4.jar:na]
	at java.base/java.util.concurrent.Executors$RunnableAdapter.call(Executors.java:515) ~[na:na]
	at java.base/java.util.concurrent.FutureTask.run(FutureTask.java:264) ~[na:na]
	at java.base/java.util.concurrent.ScheduledThreadPoolExecutor$ScheduledFutureTask.run(ScheduledThreadPoolExecutor.java:304) ~[na:na]
	at java.base/java.util.concurrent.ThreadPoolExecutor.runWorker(ThreadPoolExecutor.java:1128) ~[na:na]
	at java.base/java.util.concurrent.ThreadPoolExecutor$Worker.run(ThreadPoolExecutor.java:628) ~[na:na]
	at java.base/java.lang.Thread.run(Thread.java:834) ~[na:na]

17-16-40-624  INFO 3240 --- [com.alibaba.nacos.client.remote.worker] com.alibaba.nacos.common.remote.client   : [a244ca18-c11c-4d0a-90eb-25184f5cc6ca] Fail to connect server, after trying 133 times, last try server is {serverIp = '192.168.10.101', server main port = 8848}, error = unknown
17-16-48-647 ERROR 3240 --- [com.alibaba.nacos.client.remote.worker] c.a.n.c.remote.client.grpc.GrpcClient    : Server check fail, please check server 192.168.10.101 ,port 9848 is available , error ={}

java.util.concurrent.TimeoutException: Waited 3000 milliseconds (plus 5 milliseconds, 978500 nanoseconds delay) for com.alibaba.nacos.shaded.io.grpc.stub.ClientCalls$GrpcFuture@227e17f1[status=PENDING, info=[GrpcFuture{clientCall={delegate={delegate=ClientCallImpl{method=MethodDescriptor{fullMethodName=Request/request, type=UNARY, idempotent=false, safe=false, sampledToLocalTracing=true, requestMarshaller=com.alibaba.nacos.shaded.io.grpc.protobuf.lite.ProtoLiteUtils$MessageMarshaller@24e11377, responseMarshaller=com.alibaba.nacos.shaded.io.grpc.protobuf.lite.ProtoLiteUtils$MessageMarshaller@424f5fa2, schemaDescriptor=com.alibaba.nacos.api.grpc.auto.RequestGrpc$RequestMethodDescriptorSupplier@56847fbc}}}}}]]
	at com.alibaba.nacos.shaded.com.google.common.util.concurrent.AbstractFuture.get(AbstractFuture.java:508) ~[nacos-client-2.0.4.jar:na]
	at com.alibaba.nacos.common.remote.client.grpc.GrpcClient.serverCheck(GrpcClient.java:148) ~[nacos-client-2.0.4.jar:na]
	at com.alibaba.nacos.common.remote.client.grpc.GrpcClient.connectToServer(GrpcClient.java:264) ~[nacos-client-2.0.4.jar:na]
	at com.alibaba.nacos.common.remote.client.RpcClient.reconnect(RpcClient.java:522) ~[nacos-client-2.0.4.jar:na]
	at com.alibaba.nacos.common.remote.client.RpcClient.lambda$start$2(RpcClient.java:370) ~[nacos-client-2.0.4.jar:na]
	at java.base/java.util.concurrent.Executors$RunnableAdapter.call(Executors.java:515) ~[na:na]
	at java.base/java.util.concurrent.FutureTask.run(FutureTask.java:264) ~[na:na]
	at java.base/java.util.concurrent.ScheduledThreadPoolExecutor$ScheduledFutureTask.run(ScheduledThreadPoolExecutor.java:304) ~[na:na]
	at java.base/java.util.concurrent.ThreadPoolExecutor.runWorker(ThreadPoolExecutor.java:1128) ~[na:na]
	at java.base/java.util.concurrent.ThreadPoolExecutor$Worker.run(ThreadPoolExecutor.java:628) ~[na:na]
	at java.base/java.lang.Thread.run(Thread.java:834) ~[na:na]

17-16-48-648  INFO 3240 --- [com.alibaba.nacos.client.remote.worker] com.alibaba.nacos.common.remote.client   : [a244ca18-c11c-4d0a-90eb-25184f5cc6ca] Fail to connect server, after trying 134 times, last try server is {serverIp = '192.168.10.101', server main port = 8848}, error = unknown
17-16-56-666 ERROR 3240 --- [com.alibaba.nacos.client.remote.worker] c.a.n.c.remote.client.grpc.GrpcClient    : Server check fail, please check server 192.168.10.101 ,port 9848 is available , error ={}

java.util.concurrent.TimeoutException: Waited 3000 milliseconds (plus 2 milliseconds, 684800 nanoseconds delay) for com.alibaba.nacos.shaded.io.grpc.stub.ClientCalls$GrpcFuture@2c20fb3d[status=PENDING, info=[GrpcFuture{clientCall={delegate={delegate=ClientCallImpl{method=MethodDescriptor{fullMethodName=Request/request, type=UNARY, idempotent=false, safe=false, sampledToLocalTracing=true, requestMarshaller=com.alibaba.nacos.shaded.io.grpc.protobuf.lite.ProtoLiteUtils$MessageMarshaller@24e11377, responseMarshaller=com.alibaba.nacos.shaded.io.grpc.protobuf.lite.ProtoLiteUtils$MessageMarshaller@424f5fa2, schemaDescriptor=com.alibaba.nacos.api.grpc.auto.RequestGrpc$RequestMethodDescriptorSupplier@56847fbc}}}}}]]
	at com.alibaba.nacos.shaded.com.google.common.util.concurrent.AbstractFuture.get(AbstractFuture.java:508) ~[nacos-client-2.0.4.jar:na]
	at com.alibaba.nacos.common.remote.client.grpc.GrpcClient.serverCheck(GrpcClient.java:148) ~[nacos-client-2.0.4.jar:na]
	at com.alibaba.nacos.common.remote.client.grpc.GrpcClient.connectToServer(GrpcClient.java:264) ~[nacos-client-2.0.4.jar:na]
	at com.alibaba.nacos.common.remote.client.RpcClient.reconnect(RpcClient.java:522) ~[nacos-client-2.0.4.jar:na]
	at com.alibaba.nacos.common.remote.client.RpcClient.lambda$start$2(RpcClient.java:370) ~[nacos-client-2.0.4.jar:na]
	at java.base/java.util.concurrent.Executors$RunnableAdapter.call(Executors.java:515) ~[na:na]
	at java.base/java.util.concurrent.FutureTask.run(FutureTask.java:264) ~[na:na]
	at java.base/java.util.concurrent.ScheduledThreadPoolExecutor$ScheduledFutureTask.run(ScheduledThreadPoolExecutor.java:304) ~[na:na]
	at java.base/java.util.concurrent.ThreadPoolExecutor.runWorker(ThreadPoolExecutor.java:1128) ~[na:na]
	at java.base/java.util.concurrent.ThreadPoolExecutor$Worker.run(ThreadPoolExecutor.java:628) ~[na:na]
	at java.base/java.lang.Thread.run(Thread.java:834) ~[na:na]

17-16-56-667  INFO 3240 --- [com.alibaba.nacos.client.remote.worker] com.alibaba.nacos.common.remote.client   : [a244ca18-c11c-4d0a-90eb-25184f5cc6ca] Fail to connect server, after trying 135 times, last try server is {serverIp = '192.168.10.101', server main port = 8848}, error = unknown
17-17-04-687 ERROR 3240 --- [com.alibaba.nacos.client.remote.worker] c.a.n.c.remote.client.grpc.GrpcClient    : Server check fail, please check server 192.168.10.101 ,port 9848 is available , error ={}

java.util.concurrent.TimeoutException: Waited 3000 milliseconds (plus 4 milliseconds, 379100 nanoseconds delay) for com.alibaba.nacos.shaded.io.grpc.stub.ClientCalls$GrpcFuture@6dc13e90[status=PENDING, info=[GrpcFuture{clientCall={delegate={delegate=ClientCallImpl{method=MethodDescriptor{fullMethodName=Request/request, type=UNARY, idempotent=false, safe=false, sampledToLocalTracing=true, requestMarshaller=com.alibaba.nacos.shaded.io.grpc.protobuf.lite.ProtoLiteUtils$MessageMarshaller@24e11377, responseMarshaller=com.alibaba.nacos.shaded.io.grpc.protobuf.lite.ProtoLiteUtils$MessageMarshaller@424f5fa2, schemaDescriptor=com.alibaba.nacos.api.grpc.auto.RequestGrpc$RequestMethodDescriptorSupplier@56847fbc}}}}}]]
	at com.alibaba.nacos.shaded.com.google.common.util.concurrent.AbstractFuture.get(AbstractFuture.java:508) ~[nacos-client-2.0.4.jar:na]
	at com.alibaba.nacos.common.remote.client.grpc.GrpcClient.serverCheck(GrpcClient.java:148) ~[nacos-client-2.0.4.jar:na]
	at com.alibaba.nacos.common.remote.client.grpc.GrpcClient.connectToServer(GrpcClient.java:264) ~[nacos-client-2.0.4.jar:na]
	at com.alibaba.nacos.common.remote.client.RpcClient.reconnect(RpcClient.java:522) ~[nacos-client-2.0.4.jar:na]
	at com.alibaba.nacos.common.remote.client.RpcClient.lambda$start$2(RpcClient.java:370) ~[nacos-client-2.0.4.jar:na]
	at java.base/java.util.concurrent.Executors$RunnableAdapter.call(Executors.java:515) ~[na:na]
	at java.base/java.util.concurrent.FutureTask.run(FutureTask.java:264) ~[na:na]
	at java.base/java.util.concurrent.ScheduledThreadPoolExecutor$ScheduledFutureTask.run(ScheduledThreadPoolExecutor.java:304) ~[na:na]
	at java.base/java.util.concurrent.ThreadPoolExecutor.runWorker(ThreadPoolExecutor.java:1128) ~[na:na]
	at java.base/java.util.concurrent.ThreadPoolExecutor$Worker.run(ThreadPoolExecutor.java:628) ~[na:na]
	at java.base/java.lang.Thread.run(Thread.java:834) ~[na:na]

17-17-04-688  INFO 3240 --- [com.alibaba.nacos.client.remote.worker] com.alibaba.nacos.common.remote.client   : [a244ca18-c11c-4d0a-90eb-25184f5cc6ca] Fail to connect server, after trying 136 times, last try server is {serverIp = '192.168.10.101', server main port = 8848}, error = unknown
17-17-12-693 ERROR 3240 --- [com.alibaba.nacos.client.remote.worker] c.a.n.c.remote.client.grpc.GrpcClient    : Server check fail, please check server 192.168.10.101 ,port 9848 is available , error ={}

java.util.concurrent.TimeoutException: Waited 3000 milliseconds (plus 2 milliseconds, 400400 nanoseconds delay) for com.alibaba.nacos.shaded.io.grpc.stub.ClientCalls$GrpcFuture@58cc0c69[status=PENDING, info=[GrpcFuture{clientCall={delegate={delegate=ClientCallImpl{method=MethodDescriptor{fullMethodName=Request/request, type=UNARY, idempotent=false, safe=false, sampledToLocalTracing=true, requestMarshaller=com.alibaba.nacos.shaded.io.grpc.protobuf.lite.ProtoLiteUtils$MessageMarshaller@24e11377, responseMarshaller=com.alibaba.nacos.shaded.io.grpc.protobuf.lite.ProtoLiteUtils$MessageMarshaller@424f5fa2, schemaDescriptor=com.alibaba.nacos.api.grpc.auto.RequestGrpc$RequestMethodDescriptorSupplier@56847fbc}}}}}]]
	at com.alibaba.nacos.shaded.com.google.common.util.concurrent.AbstractFuture.get(AbstractFuture.java:508) ~[nacos-client-2.0.4.jar:na]
	at com.alibaba.nacos.common.remote.client.grpc.GrpcClient.serverCheck(GrpcClient.java:148) ~[nacos-client-2.0.4.jar:na]
	at com.alibaba.nacos.common.remote.client.grpc.GrpcClient.connectToServer(GrpcClient.java:264) ~[nacos-client-2.0.4.jar:na]
	at com.alibaba.nacos.common.remote.client.RpcClient.reconnect(RpcClient.java:522) ~[nacos-client-2.0.4.jar:na]
	at com.alibaba.nacos.common.remote.client.RpcClient.lambda$start$2(RpcClient.java:370) ~[nacos-client-2.0.4.jar:na]
	at java.base/java.util.concurrent.Executors$RunnableAdapter.call(Executors.java:515) ~[na:na]
	at java.base/java.util.concurrent.FutureTask.run(FutureTask.java:264) ~[na:na]
	at java.base/java.util.concurrent.ScheduledThreadPoolExecutor$ScheduledFutureTask.run(ScheduledThreadPoolExecutor.java:304) ~[na:na]
	at java.base/java.util.concurrent.ThreadPoolExecutor.runWorker(ThreadPoolExecutor.java:1128) ~[na:na]
	at java.base/java.util.concurrent.ThreadPoolExecutor$Worker.run(ThreadPoolExecutor.java:628) ~[na:na]
	at java.base/java.lang.Thread.run(Thread.java:834) ~[na:na]

17-17-12-694  INFO 3240 --- [com.alibaba.nacos.client.remote.worker] com.alibaba.nacos.common.remote.client   : [a244ca18-c11c-4d0a-90eb-25184f5cc6ca] Fail to connect server, after trying 137 times, last try server is {serverIp = '192.168.10.101', server main port = 8848}, error = unknown
17-17-20-710 ERROR 3240 --- [com.alibaba.nacos.client.remote.worker] c.a.n.c.remote.client.grpc.GrpcClient    : Server check fail, please check server 192.168.10.101 ,port 9848 is available , error ={}

java.util.concurrent.TimeoutException: Waited 3000 milliseconds (plus 657200 nanoseconds delay) for com.alibaba.nacos.shaded.io.grpc.stub.ClientCalls$GrpcFuture@55f7494d[status=PENDING, info=[GrpcFuture{clientCall={delegate={delegate=ClientCallImpl{method=MethodDescriptor{fullMethodName=Request/request, type=UNARY, idempotent=false, safe=false, sampledToLocalTracing=true, requestMarshaller=com.alibaba.nacos.shaded.io.grpc.protobuf.lite.ProtoLiteUtils$MessageMarshaller@24e11377, responseMarshaller=com.alibaba.nacos.shaded.io.grpc.protobuf.lite.ProtoLiteUtils$MessageMarshaller@424f5fa2, schemaDescriptor=com.alibaba.nacos.api.grpc.auto.RequestGrpc$RequestMethodDescriptorSupplier@56847fbc}}}}}]]
	at com.alibaba.nacos.shaded.com.google.common.util.concurrent.AbstractFuture.get(AbstractFuture.java:508) ~[nacos-client-2.0.4.jar:na]
	at com.alibaba.nacos.common.remote.client.grpc.GrpcClient.serverCheck(GrpcClient.java:148) ~[nacos-client-2.0.4.jar:na]
	at com.alibaba.nacos.common.remote.client.grpc.GrpcClient.connectToServer(GrpcClient.java:264) ~[nacos-client-2.0.4.jar:na]
	at com.alibaba.nacos.common.remote.client.RpcClient.reconnect(RpcClient.java:522) ~[nacos-client-2.0.4.jar:na]
	at com.alibaba.nacos.common.remote.client.RpcClient.lambda$start$2(RpcClient.java:370) ~[nacos-client-2.0.4.jar:na]
	at java.base/java.util.concurrent.Executors$RunnableAdapter.call(Executors.java:515) ~[na:na]
	at java.base/java.util.concurrent.FutureTask.run(FutureTask.java:264) ~[na:na]
	at java.base/java.util.concurrent.ScheduledThreadPoolExecutor$ScheduledFutureTask.run(ScheduledThreadPoolExecutor.java:304) ~[na:na]
	at java.base/java.util.concurrent.ThreadPoolExecutor.runWorker(ThreadPoolExecutor.java:1128) ~[na:na]
	at java.base/java.util.concurrent.ThreadPoolExecutor$Worker.run(ThreadPoolExecutor.java:628) ~[na:na]
	at java.base/java.lang.Thread.run(Thread.java:834) ~[na:na]

17-17-20-711  INFO 3240 --- [com.alibaba.nacos.client.remote.worker] com.alibaba.nacos.common.remote.client   : [a244ca18-c11c-4d0a-90eb-25184f5cc6ca] Fail to connect server, after trying 138 times, last try server is {serverIp = '192.168.10.101', server main port = 8848}, error = unknown
17-17-26-346 ERROR 3240 --- [com.alibaba.nacos.client.naming.updater.2] com.alibaba.nacos.common.remote.client   : Send request fail, request = ServiceQueryRequest{headers={app=unknown}, requestId='null'}, retryTimes = 0, errorMessage = Client not connected, current status:UNHEALTHY
17-17-26-454 ERROR 3240 --- [com.alibaba.nacos.client.naming.updater.2] com.alibaba.nacos.common.remote.client   : Send request fail, request = ServiceQueryRequest{headers={app=unknown}, requestId='null'}, retryTimes = 1, errorMessage = Client not connected, current status:UNHEALTHY
17-17-26-562 ERROR 3240 --- [com.alibaba.nacos.client.naming.updater.2] com.alibaba.nacos.common.remote.client   : Send request fail, request = ServiceQueryRequest{headers={app=unknown}, requestId='null'}, retryTimes = 2, errorMessage = Client not connected, current status:UNHEALTHY
17-17-28-717 ERROR 3240 --- [com.alibaba.nacos.client.remote.worker] c.a.n.c.remote.client.grpc.GrpcClient    : Server check fail, please check server 192.168.10.101 ,port 9848 is available , error ={}

java.util.concurrent.TimeoutException: Waited 3000 milliseconds (plus 1 milliseconds, 420700 nanoseconds delay) for com.alibaba.nacos.shaded.io.grpc.stub.ClientCalls$GrpcFuture@731ac6a4[status=PENDING, info=[GrpcFuture{clientCall={delegate={delegate=ClientCallImpl{method=MethodDescriptor{fullMethodName=Request/request, type=UNARY, idempotent=false, safe=false, sampledToLocalTracing=true, requestMarshaller=com.alibaba.nacos.shaded.io.grpc.protobuf.lite.ProtoLiteUtils$MessageMarshaller@24e11377, responseMarshaller=com.alibaba.nacos.shaded.io.grpc.protobuf.lite.ProtoLiteUtils$MessageMarshaller@424f5fa2, schemaDescriptor=com.alibaba.nacos.api.grpc.auto.RequestGrpc$RequestMethodDescriptorSupplier@56847fbc}}}}}]]
	at com.alibaba.nacos.shaded.com.google.common.util.concurrent.AbstractFuture.get(AbstractFuture.java:508) ~[nacos-client-2.0.4.jar:na]
	at com.alibaba.nacos.common.remote.client.grpc.GrpcClient.serverCheck(GrpcClient.java:148) ~[nacos-client-2.0.4.jar:na]
	at com.alibaba.nacos.common.remote.client.grpc.GrpcClient.connectToServer(GrpcClient.java:264) ~[nacos-client-2.0.4.jar:na]
	at com.alibaba.nacos.common.remote.client.RpcClient.reconnect(RpcClient.java:522) ~[nacos-client-2.0.4.jar:na]
	at com.alibaba.nacos.common.remote.client.RpcClient.lambda$start$2(RpcClient.java:370) ~[nacos-client-2.0.4.jar:na]
	at java.base/java.util.concurrent.Executors$RunnableAdapter.call(Executors.java:515) ~[na:na]
	at java.base/java.util.concurrent.FutureTask.run(FutureTask.java:264) ~[na:na]
	at java.base/java.util.concurrent.ScheduledThreadPoolExecutor$ScheduledFutureTask.run(ScheduledThreadPoolExecutor.java:304) ~[na:na]
	at java.base/java.util.concurrent.ThreadPoolExecutor.runWorker(ThreadPoolExecutor.java:1128) ~[na:na]
	at java.base/java.util.concurrent.ThreadPoolExecutor$Worker.run(ThreadPoolExecutor.java:628) ~[na:na]
	at java.base/java.lang.Thread.run(Thread.java:834) ~[na:na]

17-17-28-718  INFO 3240 --- [com.alibaba.nacos.client.remote.worker] com.alibaba.nacos.common.remote.client   : [a244ca18-c11c-4d0a-90eb-25184f5cc6ca] Fail to connect server, after trying 139 times, last try server is {serverIp = '192.168.10.101', server main port = 8848}, error = unknown
17-17-36-734 ERROR 3240 --- [com.alibaba.nacos.client.remote.worker] c.a.n.c.remote.client.grpc.GrpcClient    : Server check fail, please check server 192.168.10.101 ,port 9848 is available , error ={}

java.util.concurrent.TimeoutException: Waited 3000 milliseconds (plus 11 milliseconds, 862400 nanoseconds delay) for com.alibaba.nacos.shaded.io.grpc.stub.ClientCalls$GrpcFuture@35c06176[status=PENDING, info=[GrpcFuture{clientCall={delegate={delegate=ClientCallImpl{method=MethodDescriptor{fullMethodName=Request/request, type=UNARY, idempotent=false, safe=false, sampledToLocalTracing=true, requestMarshaller=com.alibaba.nacos.shaded.io.grpc.protobuf.lite.ProtoLiteUtils$MessageMarshaller@24e11377, responseMarshaller=com.alibaba.nacos.shaded.io.grpc.protobuf.lite.ProtoLiteUtils$MessageMarshaller@424f5fa2, schemaDescriptor=com.alibaba.nacos.api.grpc.auto.RequestGrpc$RequestMethodDescriptorSupplier@56847fbc}}}}}]]
	at com.alibaba.nacos.shaded.com.google.common.util.concurrent.AbstractFuture.get(AbstractFuture.java:508) ~[nacos-client-2.0.4.jar:na]
	at com.alibaba.nacos.common.remote.client.grpc.GrpcClient.serverCheck(GrpcClient.java:148) ~[nacos-client-2.0.4.jar:na]
	at com.alibaba.nacos.common.remote.client.grpc.GrpcClient.connectToServer(GrpcClient.java:264) ~[nacos-client-2.0.4.jar:na]
	at com.alibaba.nacos.common.remote.client.RpcClient.reconnect(RpcClient.java:522) ~[nacos-client-2.0.4.jar:na]
	at com.alibaba.nacos.common.remote.client.RpcClient.lambda$start$2(RpcClient.java:370) ~[nacos-client-2.0.4.jar:na]
	at java.base/java.util.concurrent.Executors$RunnableAdapter.call(Executors.java:515) ~[na:na]
	at java.base/java.util.concurrent.FutureTask.run(FutureTask.java:264) ~[na:na]
	at java.base/java.util.concurrent.ScheduledThreadPoolExecutor$ScheduledFutureTask.run(ScheduledThreadPoolExecutor.java:304) ~[na:na]
	at java.base/java.util.concurrent.ThreadPoolExecutor.runWorker(ThreadPoolExecutor.java:1128) ~[na:na]
	at java.base/java.util.concurrent.ThreadPoolExecutor$Worker.run(ThreadPoolExecutor.java:628) ~[na:na]
	at java.base/java.lang.Thread.run(Thread.java:834) ~[na:na]

17-17-36-734  INFO 3240 --- [com.alibaba.nacos.client.remote.worker] com.alibaba.nacos.common.remote.client   : [a244ca18-c11c-4d0a-90eb-25184f5cc6ca] Fail to connect server, after trying 140 times, last try server is {serverIp = '192.168.10.101', server main port = 8848}, error = unknown
17-17-44-747 ERROR 3240 --- [com.alibaba.nacos.client.remote.worker] c.a.n.c.remote.client.grpc.GrpcClient    : Server check fail, please check server 192.168.10.101 ,port 9848 is available , error ={}

java.util.concurrent.TimeoutException: Waited 3000 milliseconds (plus 554200 nanoseconds delay) for com.alibaba.nacos.shaded.io.grpc.stub.ClientCalls$GrpcFuture@4923186c[status=PENDING, info=[GrpcFuture{clientCall={delegate={delegate=ClientCallImpl{method=MethodDescriptor{fullMethodName=Request/request, type=UNARY, idempotent=false, safe=false, sampledToLocalTracing=true, requestMarshaller=com.alibaba.nacos.shaded.io.grpc.protobuf.lite.ProtoLiteUtils$MessageMarshaller@24e11377, responseMarshaller=com.alibaba.nacos.shaded.io.grpc.protobuf.lite.ProtoLiteUtils$MessageMarshaller@424f5fa2, schemaDescriptor=com.alibaba.nacos.api.grpc.auto.RequestGrpc$RequestMethodDescriptorSupplier@56847fbc}}}}}]]
	at com.alibaba.nacos.shaded.com.google.common.util.concurrent.AbstractFuture.get(AbstractFuture.java:508) ~[nacos-client-2.0.4.jar:na]
	at com.alibaba.nacos.common.remote.client.grpc.GrpcClient.serverCheck(GrpcClient.java:148) ~[nacos-client-2.0.4.jar:na]
	at com.alibaba.nacos.common.remote.client.grpc.GrpcClient.connectToServer(GrpcClient.java:264) ~[nacos-client-2.0.4.jar:na]
	at com.alibaba.nacos.common.remote.client.RpcClient.reconnect(RpcClient.java:522) ~[nacos-client-2.0.4.jar:na]
	at com.alibaba.nacos.common.remote.client.RpcClient.lambda$start$2(RpcClient.java:370) ~[nacos-client-2.0.4.jar:na]
	at java.base/java.util.concurrent.Executors$RunnableAdapter.call(Executors.java:515) ~[na:na]
	at java.base/java.util.concurrent.FutureTask.run(FutureTask.java:264) ~[na:na]
	at java.base/java.util.concurrent.ScheduledThreadPoolExecutor$ScheduledFutureTask.run(ScheduledThreadPoolExecutor.java:304) ~[na:na]
	at java.base/java.util.concurrent.ThreadPoolExecutor.runWorker(ThreadPoolExecutor.java:1128) ~[na:na]
	at java.base/java.util.concurrent.ThreadPoolExecutor$Worker.run(ThreadPoolExecutor.java:628) ~[na:na]
	at java.base/java.lang.Thread.run(Thread.java:834) ~[na:na]

17-17-44-748  INFO 3240 --- [com.alibaba.nacos.client.remote.worker] com.alibaba.nacos.common.remote.client   : [a244ca18-c11c-4d0a-90eb-25184f5cc6ca] Fail to connect server, after trying 141 times, last try server is {serverIp = '192.168.10.101', server main port = 8848}, error = unknown
17-17-52-755 ERROR 3240 --- [com.alibaba.nacos.client.remote.worker] c.a.n.c.remote.client.grpc.GrpcClient    : Server check fail, please check server 192.168.10.101 ,port 9848 is available , error ={}

java.util.concurrent.TimeoutException: Waited 3000 milliseconds (plus 2 milliseconds, 64400 nanoseconds delay) for com.alibaba.nacos.shaded.io.grpc.stub.ClientCalls$GrpcFuture@48fb4a49[status=PENDING, info=[GrpcFuture{clientCall={delegate={delegate=ClientCallImpl{method=MethodDescriptor{fullMethodName=Request/request, type=UNARY, idempotent=false, safe=false, sampledToLocalTracing=true, requestMarshaller=com.alibaba.nacos.shaded.io.grpc.protobuf.lite.ProtoLiteUtils$MessageMarshaller@24e11377, responseMarshaller=com.alibaba.nacos.shaded.io.grpc.protobuf.lite.ProtoLiteUtils$MessageMarshaller@424f5fa2, schemaDescriptor=com.alibaba.nacos.api.grpc.auto.RequestGrpc$RequestMethodDescriptorSupplier@56847fbc}}}}}]]
	at com.alibaba.nacos.shaded.com.google.common.util.concurrent.AbstractFuture.get(AbstractFuture.java:508) ~[nacos-client-2.0.4.jar:na]
	at com.alibaba.nacos.common.remote.client.grpc.GrpcClient.serverCheck(GrpcClient.java:148) ~[nacos-client-2.0.4.jar:na]
	at com.alibaba.nacos.common.remote.client.grpc.GrpcClient.connectToServer(GrpcClient.java:264) ~[nacos-client-2.0.4.jar:na]
	at com.alibaba.nacos.common.remote.client.RpcClient.reconnect(RpcClient.java:522) ~[nacos-client-2.0.4.jar:na]
	at com.alibaba.nacos.common.remote.client.RpcClient.lambda$start$2(RpcClient.java:370) ~[nacos-client-2.0.4.jar:na]
	at java.base/java.util.concurrent.Executors$RunnableAdapter.call(Executors.java:515) ~[na:na]
	at java.base/java.util.concurrent.FutureTask.run(FutureTask.java:264) ~[na:na]
	at java.base/java.util.concurrent.ScheduledThreadPoolExecutor$ScheduledFutureTask.run(ScheduledThreadPoolExecutor.java:304) ~[na:na]
	at java.base/java.util.concurrent.ThreadPoolExecutor.runWorker(ThreadPoolExecutor.java:1128) ~[na:na]
	at java.base/java.util.concurrent.ThreadPoolExecutor$Worker.run(ThreadPoolExecutor.java:628) ~[na:na]
	at java.base/java.lang.Thread.run(Thread.java:834) ~[na:na]

17-17-52-756  INFO 3240 --- [com.alibaba.nacos.client.remote.worker] com.alibaba.nacos.common.remote.client   : [a244ca18-c11c-4d0a-90eb-25184f5cc6ca] Fail to connect server, after trying 142 times, last try server is {serverIp = '192.168.10.101', server main port = 8848}, error = unknown
17-18-00-764 ERROR 3240 --- [com.alibaba.nacos.client.remote.worker] c.a.n.c.remote.client.grpc.GrpcClient    : Server check fail, please check server 192.168.10.101 ,port 9848 is available , error ={}

java.util.concurrent.TimeoutException: Waited 3000 milliseconds (plus 706400 nanoseconds delay) for com.alibaba.nacos.shaded.io.grpc.stub.ClientCalls$GrpcFuture@7eb88c15[status=PENDING, info=[GrpcFuture{clientCall={delegate={delegate=ClientCallImpl{method=MethodDescriptor{fullMethodName=Request/request, type=UNARY, idempotent=false, safe=false, sampledToLocalTracing=true, requestMarshaller=com.alibaba.nacos.shaded.io.grpc.protobuf.lite.ProtoLiteUtils$MessageMarshaller@24e11377, responseMarshaller=com.alibaba.nacos.shaded.io.grpc.protobuf.lite.ProtoLiteUtils$MessageMarshaller@424f5fa2, schemaDescriptor=com.alibaba.nacos.api.grpc.auto.RequestGrpc$RequestMethodDescriptorSupplier@56847fbc}}}}}]]
	at com.alibaba.nacos.shaded.com.google.common.util.concurrent.AbstractFuture.get(AbstractFuture.java:508) ~[nacos-client-2.0.4.jar:na]
	at com.alibaba.nacos.common.remote.client.grpc.GrpcClient.serverCheck(GrpcClient.java:148) ~[nacos-client-2.0.4.jar:na]
	at com.alibaba.nacos.common.remote.client.grpc.GrpcClient.connectToServer(GrpcClient.java:264) ~[nacos-client-2.0.4.jar:na]
	at com.alibaba.nacos.common.remote.client.RpcClient.reconnect(RpcClient.java:522) ~[nacos-client-2.0.4.jar:na]
	at com.alibaba.nacos.common.remote.client.RpcClient.lambda$start$2(RpcClient.java:370) ~[nacos-client-2.0.4.jar:na]
	at java.base/java.util.concurrent.Executors$RunnableAdapter.call(Executors.java:515) ~[na:na]
	at java.base/java.util.concurrent.FutureTask.run(FutureTask.java:264) ~[na:na]
	at java.base/java.util.concurrent.ScheduledThreadPoolExecutor$ScheduledFutureTask.run(ScheduledThreadPoolExecutor.java:304) ~[na:na]
	at java.base/java.util.concurrent.ThreadPoolExecutor.runWorker(ThreadPoolExecutor.java:1128) ~[na:na]
	at java.base/java.util.concurrent.ThreadPoolExecutor$Worker.run(ThreadPoolExecutor.java:628) ~[na:na]
	at java.base/java.lang.Thread.run(Thread.java:834) ~[na:na]

17-18-00-764  INFO 3240 --- [com.alibaba.nacos.client.remote.worker] com.alibaba.nacos.common.remote.client   : [a244ca18-c11c-4d0a-90eb-25184f5cc6ca] Fail to connect server, after trying 143 times, last try server is {serverIp = '192.168.10.101', server main port = 8848}, error = unknown
17-18-08-793 ERROR 3240 --- [com.alibaba.nacos.client.remote.worker] c.a.n.c.remote.client.grpc.GrpcClient    : Server check fail, please check server 192.168.10.101 ,port 9848 is available , error ={}

java.util.concurrent.TimeoutException: Waited 3000 milliseconds (plus 13 milliseconds, 634900 nanoseconds delay) for com.alibaba.nacos.shaded.io.grpc.stub.ClientCalls$GrpcFuture@1f0d4e08[status=PENDING, info=[GrpcFuture{clientCall={delegate={delegate=ClientCallImpl{method=MethodDescriptor{fullMethodName=Request/request, type=UNARY, idempotent=false, safe=false, sampledToLocalTracing=true, requestMarshaller=com.alibaba.nacos.shaded.io.grpc.protobuf.lite.ProtoLiteUtils$MessageMarshaller@24e11377, responseMarshaller=com.alibaba.nacos.shaded.io.grpc.protobuf.lite.ProtoLiteUtils$MessageMarshaller@424f5fa2, schemaDescriptor=com.alibaba.nacos.api.grpc.auto.RequestGrpc$RequestMethodDescriptorSupplier@56847fbc}}}}}]]
	at com.alibaba.nacos.shaded.com.google.common.util.concurrent.AbstractFuture.get(AbstractFuture.java:508) ~[nacos-client-2.0.4.jar:na]
	at com.alibaba.nacos.common.remote.client.grpc.GrpcClient.serverCheck(GrpcClient.java:148) ~[nacos-client-2.0.4.jar:na]
	at com.alibaba.nacos.common.remote.client.grpc.GrpcClient.connectToServer(GrpcClient.java:264) ~[nacos-client-2.0.4.jar:na]
	at com.alibaba.nacos.common.remote.client.RpcClient.reconnect(RpcClient.java:522) ~[nacos-client-2.0.4.jar:na]
	at com.alibaba.nacos.common.remote.client.RpcClient.lambda$start$2(RpcClient.java:370) ~[nacos-client-2.0.4.jar:na]
	at java.base/java.util.concurrent.Executors$RunnableAdapter.call(Executors.java:515) ~[na:na]
	at java.base/java.util.concurrent.FutureTask.run(FutureTask.java:264) ~[na:na]
	at java.base/java.util.concurrent.ScheduledThreadPoolExecutor$ScheduledFutureTask.run(ScheduledThreadPoolExecutor.java:304) ~[na:na]
	at java.base/java.util.concurrent.ThreadPoolExecutor.runWorker(ThreadPoolExecutor.java:1128) ~[na:na]
	at java.base/java.util.concurrent.ThreadPoolExecutor$Worker.run(ThreadPoolExecutor.java:628) ~[na:na]
	at java.base/java.lang.Thread.run(Thread.java:834) ~[na:na]

17-18-08-794  INFO 3240 --- [com.alibaba.nacos.client.remote.worker] com.alibaba.nacos.common.remote.client   : [a244ca18-c11c-4d0a-90eb-25184f5cc6ca] Fail to connect server, after trying 144 times, last try server is {serverIp = '192.168.10.101', server main port = 8848}, error = unknown
17-18-16-812 ERROR 3240 --- [com.alibaba.nacos.client.remote.worker] c.a.n.c.remote.client.grpc.GrpcClient    : Server check fail, please check server 192.168.10.101 ,port 9848 is available , error ={}

java.util.concurrent.TimeoutException: Waited 3000 milliseconds (plus 982200 nanoseconds delay) for com.alibaba.nacos.shaded.io.grpc.stub.ClientCalls$GrpcFuture@6e09a25e[status=PENDING, info=[GrpcFuture{clientCall={delegate={delegate=ClientCallImpl{method=MethodDescriptor{fullMethodName=Request/request, type=UNARY, idempotent=false, safe=false, sampledToLocalTracing=true, requestMarshaller=com.alibaba.nacos.shaded.io.grpc.protobuf.lite.ProtoLiteUtils$MessageMarshaller@24e11377, responseMarshaller=com.alibaba.nacos.shaded.io.grpc.protobuf.lite.ProtoLiteUtils$MessageMarshaller@424f5fa2, schemaDescriptor=com.alibaba.nacos.api.grpc.auto.RequestGrpc$RequestMethodDescriptorSupplier@56847fbc}}}}}]]
	at com.alibaba.nacos.shaded.com.google.common.util.concurrent.AbstractFuture.get(AbstractFuture.java:508) ~[nacos-client-2.0.4.jar:na]
	at com.alibaba.nacos.common.remote.client.grpc.GrpcClient.serverCheck(GrpcClient.java:148) ~[nacos-client-2.0.4.jar:na]
	at com.alibaba.nacos.common.remote.client.grpc.GrpcClient.connectToServer(GrpcClient.java:264) ~[nacos-client-2.0.4.jar:na]
	at com.alibaba.nacos.common.remote.client.RpcClient.reconnect(RpcClient.java:522) ~[nacos-client-2.0.4.jar:na]
	at com.alibaba.nacos.common.remote.client.RpcClient.lambda$start$2(RpcClient.java:370) ~[nacos-client-2.0.4.jar:na]
	at java.base/java.util.concurrent.Executors$RunnableAdapter.call(Executors.java:515) ~[na:na]
	at java.base/java.util.concurrent.FutureTask.run(FutureTask.java:264) ~[na:na]
	at java.base/java.util.concurrent.ScheduledThreadPoolExecutor$ScheduledFutureTask.run(ScheduledThreadPoolExecutor.java:304) ~[na:na]
	at java.base/java.util.concurrent.ThreadPoolExecutor.runWorker(ThreadPoolExecutor.java:1128) ~[na:na]
	at java.base/java.util.concurrent.ThreadPoolExecutor$Worker.run(ThreadPoolExecutor.java:628) ~[na:na]
	at java.base/java.lang.Thread.run(Thread.java:834) ~[na:na]

17-18-16-813  INFO 3240 --- [com.alibaba.nacos.client.remote.worker] com.alibaba.nacos.common.remote.client   : [a244ca18-c11c-4d0a-90eb-25184f5cc6ca] Fail to connect server, after trying 145 times, last try server is {serverIp = '192.168.10.101', server main port = 8848}, error = unknown
17-18-24-844 ERROR 3240 --- [com.alibaba.nacos.client.remote.worker] c.a.n.c.remote.client.grpc.GrpcClient    : Server check fail, please check server 192.168.10.101 ,port 9848 is available , error ={}

java.util.concurrent.TimeoutException: Waited 3000 milliseconds (plus 14 milliseconds, 561100 nanoseconds delay) for com.alibaba.nacos.shaded.io.grpc.stub.ClientCalls$GrpcFuture@cae6700[status=PENDING, info=[GrpcFuture{clientCall={delegate={delegate=ClientCallImpl{method=MethodDescriptor{fullMethodName=Request/request, type=UNARY, idempotent=false, safe=false, sampledToLocalTracing=true, requestMarshaller=com.alibaba.nacos.shaded.io.grpc.protobuf.lite.ProtoLiteUtils$MessageMarshaller@24e11377, responseMarshaller=com.alibaba.nacos.shaded.io.grpc.protobuf.lite.ProtoLiteUtils$MessageMarshaller@424f5fa2, schemaDescriptor=com.alibaba.nacos.api.grpc.auto.RequestGrpc$RequestMethodDescriptorSupplier@56847fbc}}}}}]]
	at com.alibaba.nacos.shaded.com.google.common.util.concurrent.AbstractFuture.get(AbstractFuture.java:508) ~[nacos-client-2.0.4.jar:na]
	at com.alibaba.nacos.common.remote.client.grpc.GrpcClient.serverCheck(GrpcClient.java:148) ~[nacos-client-2.0.4.jar:na]
	at com.alibaba.nacos.common.remote.client.grpc.GrpcClient.connectToServer(GrpcClient.java:264) ~[nacos-client-2.0.4.jar:na]
	at com.alibaba.nacos.common.remote.client.RpcClient.reconnect(RpcClient.java:522) ~[nacos-client-2.0.4.jar:na]
	at com.alibaba.nacos.common.remote.client.RpcClient.lambda$start$2(RpcClient.java:370) ~[nacos-client-2.0.4.jar:na]
	at java.base/java.util.concurrent.Executors$RunnableAdapter.call(Executors.java:515) ~[na:na]
	at java.base/java.util.concurrent.FutureTask.run(FutureTask.java:264) ~[na:na]
	at java.base/java.util.concurrent.ScheduledThreadPoolExecutor$ScheduledFutureTask.run(ScheduledThreadPoolExecutor.java:304) ~[na:na]
	at java.base/java.util.concurrent.ThreadPoolExecutor.runWorker(ThreadPoolExecutor.java:1128) ~[na:na]
	at java.base/java.util.concurrent.ThreadPoolExecutor$Worker.run(ThreadPoolExecutor.java:628) ~[na:na]
	at java.base/java.lang.Thread.run(Thread.java:834) ~[na:na]

17-18-24-845  INFO 3240 --- [com.alibaba.nacos.client.remote.worker] com.alibaba.nacos.common.remote.client   : [a244ca18-c11c-4d0a-90eb-25184f5cc6ca] Fail to connect server, after trying 146 times, last try server is {serverIp = '192.168.10.101', server main port = 8848}, error = unknown
17-18-26-678 ERROR 3240 --- [com.alibaba.nacos.client.naming.updater.2] com.alibaba.nacos.common.remote.client   : Send request fail, request = ServiceQueryRequest{headers={app=unknown}, requestId='null'}, retryTimes = 0, errorMessage = Client not connected, current status:UNHEALTHY
17-18-26-785 ERROR 3240 --- [com.alibaba.nacos.client.naming.updater.2] com.alibaba.nacos.common.remote.client   : Send request fail, request = ServiceQueryRequest{headers={app=unknown}, requestId='null'}, retryTimes = 1, errorMessage = Client not connected, current status:UNHEALTHY
17-18-26-893 ERROR 3240 --- [com.alibaba.nacos.client.naming.updater.2] com.alibaba.nacos.common.remote.client   : Send request fail, request = ServiceQueryRequest{headers={app=unknown}, requestId='null'}, retryTimes = 2, errorMessage = Client not connected, current status:UNHEALTHY
17-18-32-855 ERROR 3240 --- [com.alibaba.nacos.client.remote.worker] c.a.n.c.remote.client.grpc.GrpcClient    : Server check fail, please check server 192.168.10.101 ,port 9848 is available , error ={}

java.util.concurrent.TimeoutException: Waited 3000 milliseconds (plus 4 milliseconds, 869500 nanoseconds delay) for com.alibaba.nacos.shaded.io.grpc.stub.ClientCalls$GrpcFuture@466b026d[status=PENDING, info=[GrpcFuture{clientCall={delegate={delegate=ClientCallImpl{method=MethodDescriptor{fullMethodName=Request/request, type=UNARY, idempotent=false, safe=false, sampledToLocalTracing=true, requestMarshaller=com.alibaba.nacos.shaded.io.grpc.protobuf.lite.ProtoLiteUtils$MessageMarshaller@24e11377, responseMarshaller=com.alibaba.nacos.shaded.io.grpc.protobuf.lite.ProtoLiteUtils$MessageMarshaller@424f5fa2, schemaDescriptor=com.alibaba.nacos.api.grpc.auto.RequestGrpc$RequestMethodDescriptorSupplier@56847fbc}}}}}]]
	at com.alibaba.nacos.shaded.com.google.common.util.concurrent.AbstractFuture.get(AbstractFuture.java:508) ~[nacos-client-2.0.4.jar:na]
	at com.alibaba.nacos.common.remote.client.grpc.GrpcClient.serverCheck(GrpcClient.java:148) ~[nacos-client-2.0.4.jar:na]
	at com.alibaba.nacos.common.remote.client.grpc.GrpcClient.connectToServer(GrpcClient.java:264) ~[nacos-client-2.0.4.jar:na]
	at com.alibaba.nacos.common.remote.client.RpcClient.reconnect(RpcClient.java:522) ~[nacos-client-2.0.4.jar:na]
	at com.alibaba.nacos.common.remote.client.RpcClient.lambda$start$2(RpcClient.java:370) ~[nacos-client-2.0.4.jar:na]
	at java.base/java.util.concurrent.Executors$RunnableAdapter.call(Executors.java:515) ~[na:na]
	at java.base/java.util.concurrent.FutureTask.run(FutureTask.java:264) ~[na:na]
	at java.base/java.util.concurrent.ScheduledThreadPoolExecutor$ScheduledFutureTask.run(ScheduledThreadPoolExecutor.java:304) ~[na:na]
	at java.base/java.util.concurrent.ThreadPoolExecutor.runWorker(ThreadPoolExecutor.java:1128) ~[na:na]
	at java.base/java.util.concurrent.ThreadPoolExecutor$Worker.run(ThreadPoolExecutor.java:628) ~[na:na]
	at java.base/java.lang.Thread.run(Thread.java:834) ~[na:na]

17-18-32-855  INFO 3240 --- [com.alibaba.nacos.client.remote.worker] com.alibaba.nacos.common.remote.client   : [a244ca18-c11c-4d0a-90eb-25184f5cc6ca] Fail to connect server, after trying 147 times, last try server is {serverIp = '192.168.10.101', server main port = 8848}, error = unknown
17-18-40-873 ERROR 3240 --- [com.alibaba.nacos.client.remote.worker] c.a.n.c.remote.client.grpc.GrpcClient    : Server check fail, please check server 192.168.10.101 ,port 9848 is available , error ={}

java.util.concurrent.TimeoutException: Waited 3000 milliseconds (plus 1 milliseconds, 295700 nanoseconds delay) for com.alibaba.nacos.shaded.io.grpc.stub.ClientCalls$GrpcFuture@3966162[status=PENDING, info=[GrpcFuture{clientCall={delegate={delegate=ClientCallImpl{method=MethodDescriptor{fullMethodName=Request/request, type=UNARY, idempotent=false, safe=false, sampledToLocalTracing=true, requestMarshaller=com.alibaba.nacos.shaded.io.grpc.protobuf.lite.ProtoLiteUtils$MessageMarshaller@24e11377, responseMarshaller=com.alibaba.nacos.shaded.io.grpc.protobuf.lite.ProtoLiteUtils$MessageMarshaller@424f5fa2, schemaDescriptor=com.alibaba.nacos.api.grpc.auto.RequestGrpc$RequestMethodDescriptorSupplier@56847fbc}}}}}]]
	at com.alibaba.nacos.shaded.com.google.common.util.concurrent.AbstractFuture.get(AbstractFuture.java:508) ~[nacos-client-2.0.4.jar:na]
	at com.alibaba.nacos.common.remote.client.grpc.GrpcClient.serverCheck(GrpcClient.java:148) ~[nacos-client-2.0.4.jar:na]
	at com.alibaba.nacos.common.remote.client.grpc.GrpcClient.connectToServer(GrpcClient.java:264) ~[nacos-client-2.0.4.jar:na]
	at com.alibaba.nacos.common.remote.client.RpcClient.reconnect(RpcClient.java:522) ~[nacos-client-2.0.4.jar:na]
	at com.alibaba.nacos.common.remote.client.RpcClient.lambda$start$2(RpcClient.java:370) ~[nacos-client-2.0.4.jar:na]
	at java.base/java.util.concurrent.Executors$RunnableAdapter.call(Executors.java:515) ~[na:na]
	at java.base/java.util.concurrent.FutureTask.run(FutureTask.java:264) ~[na:na]
	at java.base/java.util.concurrent.ScheduledThreadPoolExecutor$ScheduledFutureTask.run(ScheduledThreadPoolExecutor.java:304) ~[na:na]
	at java.base/java.util.concurrent.ThreadPoolExecutor.runWorker(ThreadPoolExecutor.java:1128) ~[na:na]
	at java.base/java.util.concurrent.ThreadPoolExecutor$Worker.run(ThreadPoolExecutor.java:628) ~[na:na]
	at java.base/java.lang.Thread.run(Thread.java:834) ~[na:na]

17-18-40-873  INFO 3240 --- [com.alibaba.nacos.client.remote.worker] com.alibaba.nacos.common.remote.client   : [a244ca18-c11c-4d0a-90eb-25184f5cc6ca] Fail to connect server, after trying 148 times, last try server is {serverIp = '192.168.10.101', server main port = 8848}, error = unknown
17-18-48-904 ERROR 3240 --- [com.alibaba.nacos.client.remote.worker] c.a.n.c.remote.client.grpc.GrpcClient    : Server check fail, please check server 192.168.10.101 ,port 9848 is available , error ={}

java.util.concurrent.TimeoutException: Waited 3000 milliseconds (plus 14 milliseconds, 437500 nanoseconds delay) for com.alibaba.nacos.shaded.io.grpc.stub.ClientCalls$GrpcFuture@dbd4644[status=PENDING, info=[GrpcFuture{clientCall={delegate={delegate=ClientCallImpl{method=MethodDescriptor{fullMethodName=Request/request, type=UNARY, idempotent=false, safe=false, sampledToLocalTracing=true, requestMarshaller=com.alibaba.nacos.shaded.io.grpc.protobuf.lite.ProtoLiteUtils$MessageMarshaller@24e11377, responseMarshaller=com.alibaba.nacos.shaded.io.grpc.protobuf.lite.ProtoLiteUtils$MessageMarshaller@424f5fa2, schemaDescriptor=com.alibaba.nacos.api.grpc.auto.RequestGrpc$RequestMethodDescriptorSupplier@56847fbc}}}}}]]
	at com.alibaba.nacos.shaded.com.google.common.util.concurrent.AbstractFuture.get(AbstractFuture.java:508) ~[nacos-client-2.0.4.jar:na]
	at com.alibaba.nacos.common.remote.client.grpc.GrpcClient.serverCheck(GrpcClient.java:148) ~[nacos-client-2.0.4.jar:na]
	at com.alibaba.nacos.common.remote.client.grpc.GrpcClient.connectToServer(GrpcClient.java:264) ~[nacos-client-2.0.4.jar:na]
	at com.alibaba.nacos.common.remote.client.RpcClient.reconnect(RpcClient.java:522) ~[nacos-client-2.0.4.jar:na]
	at com.alibaba.nacos.common.remote.client.RpcClient.lambda$start$2(RpcClient.java:370) ~[nacos-client-2.0.4.jar:na]
	at java.base/java.util.concurrent.Executors$RunnableAdapter.call(Executors.java:515) ~[na:na]
	at java.base/java.util.concurrent.FutureTask.run(FutureTask.java:264) ~[na:na]
	at java.base/java.util.concurrent.ScheduledThreadPoolExecutor$ScheduledFutureTask.run(ScheduledThreadPoolExecutor.java:304) ~[na:na]
	at java.base/java.util.concurrent.ThreadPoolExecutor.runWorker(ThreadPoolExecutor.java:1128) ~[na:na]
	at java.base/java.util.concurrent.ThreadPoolExecutor$Worker.run(ThreadPoolExecutor.java:628) ~[na:na]
	at java.base/java.lang.Thread.run(Thread.java:834) ~[na:na]

17-18-48-904  INFO 3240 --- [com.alibaba.nacos.client.remote.worker] com.alibaba.nacos.common.remote.client   : [a244ca18-c11c-4d0a-90eb-25184f5cc6ca] Fail to connect server, after trying 149 times, last try server is {serverIp = '192.168.10.101', server main port = 8848}, error = unknown
17-18-56-919 ERROR 3240 --- [com.alibaba.nacos.client.remote.worker] c.a.n.c.remote.client.grpc.GrpcClient    : Server check fail, please check server 192.168.10.101 ,port 9848 is available , error ={}

java.util.concurrent.TimeoutException: Waited 3000 milliseconds (plus 10 milliseconds, 885800 nanoseconds delay) for com.alibaba.nacos.shaded.io.grpc.stub.ClientCalls$GrpcFuture@6a75c12f[status=PENDING, info=[GrpcFuture{clientCall={delegate={delegate=ClientCallImpl{method=MethodDescriptor{fullMethodName=Request/request, type=UNARY, idempotent=false, safe=false, sampledToLocalTracing=true, requestMarshaller=com.alibaba.nacos.shaded.io.grpc.protobuf.lite.ProtoLiteUtils$MessageMarshaller@24e11377, responseMarshaller=com.alibaba.nacos.shaded.io.grpc.protobuf.lite.ProtoLiteUtils$MessageMarshaller@424f5fa2, schemaDescriptor=com.alibaba.nacos.api.grpc.auto.RequestGrpc$RequestMethodDescriptorSupplier@56847fbc}}}}}]]
	at com.alibaba.nacos.shaded.com.google.common.util.concurrent.AbstractFuture.get(AbstractFuture.java:508) ~[nacos-client-2.0.4.jar:na]
	at com.alibaba.nacos.common.remote.client.grpc.GrpcClient.serverCheck(GrpcClient.java:148) ~[nacos-client-2.0.4.jar:na]
	at com.alibaba.nacos.common.remote.client.grpc.GrpcClient.connectToServer(GrpcClient.java:264) ~[nacos-client-2.0.4.jar:na]
	at com.alibaba.nacos.common.remote.client.RpcClient.reconnect(RpcClient.java:522) ~[nacos-client-2.0.4.jar:na]
	at com.alibaba.nacos.common.remote.client.RpcClient.lambda$start$2(RpcClient.java:370) ~[nacos-client-2.0.4.jar:na]
	at java.base/java.util.concurrent.Executors$RunnableAdapter.call(Executors.java:515) ~[na:na]
	at java.base/java.util.concurrent.FutureTask.run(FutureTask.java:264) ~[na:na]
	at java.base/java.util.concurrent.ScheduledThreadPoolExecutor$ScheduledFutureTask.run(ScheduledThreadPoolExecutor.java:304) ~[na:na]
	at java.base/java.util.concurrent.ThreadPoolExecutor.runWorker(ThreadPoolExecutor.java:1128) ~[na:na]
	at java.base/java.util.concurrent.ThreadPoolExecutor$Worker.run(ThreadPoolExecutor.java:628) ~[na:na]
	at java.base/java.lang.Thread.run(Thread.java:834) ~[na:na]

17-18-56-920  INFO 3240 --- [com.alibaba.nacos.client.remote.worker] com.alibaba.nacos.common.remote.client   : [a244ca18-c11c-4d0a-90eb-25184f5cc6ca] Fail to connect server, after trying 150 times, last try server is {serverIp = '192.168.10.101', server main port = 8848}, error = unknown
17-19-04-946 ERROR 3240 --- [com.alibaba.nacos.client.remote.worker] c.a.n.c.remote.client.grpc.GrpcClient    : Server check fail, please check server 192.168.10.101 ,port 9848 is available , error ={}

java.util.concurrent.TimeoutException: Waited 3000 milliseconds (plus 12 milliseconds, 865800 nanoseconds delay) for com.alibaba.nacos.shaded.io.grpc.stub.ClientCalls$GrpcFuture@521a954b[status=PENDING, info=[GrpcFuture{clientCall={delegate={delegate=ClientCallImpl{method=MethodDescriptor{fullMethodName=Request/request, type=UNARY, idempotent=false, safe=false, sampledToLocalTracing=true, requestMarshaller=com.alibaba.nacos.shaded.io.grpc.protobuf.lite.ProtoLiteUtils$MessageMarshaller@24e11377, responseMarshaller=com.alibaba.nacos.shaded.io.grpc.protobuf.lite.ProtoLiteUtils$MessageMarshaller@424f5fa2, schemaDescriptor=com.alibaba.nacos.api.grpc.auto.RequestGrpc$RequestMethodDescriptorSupplier@56847fbc}}}}}]]
	at com.alibaba.nacos.shaded.com.google.common.util.concurrent.AbstractFuture.get(AbstractFuture.java:508) ~[nacos-client-2.0.4.jar:na]
	at com.alibaba.nacos.common.remote.client.grpc.GrpcClient.serverCheck(GrpcClient.java:148) ~[nacos-client-2.0.4.jar:na]
	at com.alibaba.nacos.common.remote.client.grpc.GrpcClient.connectToServer(GrpcClient.java:264) ~[nacos-client-2.0.4.jar:na]
	at com.alibaba.nacos.common.remote.client.RpcClient.reconnect(RpcClient.java:522) ~[nacos-client-2.0.4.jar:na]
	at com.alibaba.nacos.common.remote.client.RpcClient.lambda$start$2(RpcClient.java:370) ~[nacos-client-2.0.4.jar:na]
	at java.base/java.util.concurrent.Executors$RunnableAdapter.call(Executors.java:515) ~[na:na]
	at java.base/java.util.concurrent.FutureTask.run(FutureTask.java:264) ~[na:na]
	at java.base/java.util.concurrent.ScheduledThreadPoolExecutor$ScheduledFutureTask.run(ScheduledThreadPoolExecutor.java:304) ~[na:na]
	at java.base/java.util.concurrent.ThreadPoolExecutor.runWorker(ThreadPoolExecutor.java:1128) ~[na:na]
	at java.base/java.util.concurrent.ThreadPoolExecutor$Worker.run(ThreadPoolExecutor.java:628) ~[na:na]
	at java.base/java.lang.Thread.run(Thread.java:834) ~[na:na]

17-19-04-947  INFO 3240 --- [com.alibaba.nacos.client.remote.worker] com.alibaba.nacos.common.remote.client   : [a244ca18-c11c-4d0a-90eb-25184f5cc6ca] Fail to connect server, after trying 151 times, last try server is {serverIp = '192.168.10.101', server main port = 8848}, error = unknown
17-19-12-965 ERROR 3240 --- [com.alibaba.nacos.client.remote.worker] c.a.n.c.remote.client.grpc.GrpcClient    : Server check fail, please check server 192.168.10.101 ,port 9848 is available , error ={}

java.util.concurrent.TimeoutException: Waited 3000 milliseconds (plus 13 milliseconds, 861000 nanoseconds delay) for com.alibaba.nacos.shaded.io.grpc.stub.ClientCalls$GrpcFuture@10778ae0[status=PENDING, info=[GrpcFuture{clientCall={delegate={delegate=ClientCallImpl{method=MethodDescriptor{fullMethodName=Request/request, type=UNARY, idempotent=false, safe=false, sampledToLocalTracing=true, requestMarshaller=com.alibaba.nacos.shaded.io.grpc.protobuf.lite.ProtoLiteUtils$MessageMarshaller@24e11377, responseMarshaller=com.alibaba.nacos.shaded.io.grpc.protobuf.lite.ProtoLiteUtils$MessageMarshaller@424f5fa2, schemaDescriptor=com.alibaba.nacos.api.grpc.auto.RequestGrpc$RequestMethodDescriptorSupplier@56847fbc}}}}}]]
	at com.alibaba.nacos.shaded.com.google.common.util.concurrent.AbstractFuture.get(AbstractFuture.java:508) ~[nacos-client-2.0.4.jar:na]
	at com.alibaba.nacos.common.remote.client.grpc.GrpcClient.serverCheck(GrpcClient.java:148) ~[nacos-client-2.0.4.jar:na]
	at com.alibaba.nacos.common.remote.client.grpc.GrpcClient.connectToServer(GrpcClient.java:264) ~[nacos-client-2.0.4.jar:na]
	at com.alibaba.nacos.common.remote.client.RpcClient.reconnect(RpcClient.java:522) ~[nacos-client-2.0.4.jar:na]
	at com.alibaba.nacos.common.remote.client.RpcClient.lambda$start$2(RpcClient.java:370) ~[nacos-client-2.0.4.jar:na]
	at java.base/java.util.concurrent.Executors$RunnableAdapter.call(Executors.java:515) ~[na:na]
	at java.base/java.util.concurrent.FutureTask.run(FutureTask.java:264) ~[na:na]
	at java.base/java.util.concurrent.ScheduledThreadPoolExecutor$ScheduledFutureTask.run(ScheduledThreadPoolExecutor.java:304) ~[na:na]
	at java.base/java.util.concurrent.ThreadPoolExecutor.runWorker(ThreadPoolExecutor.java:1128) ~[na:na]
	at java.base/java.util.concurrent.ThreadPoolExecutor$Worker.run(ThreadPoolExecutor.java:628) ~[na:na]
	at java.base/java.lang.Thread.run(Thread.java:834) ~[na:na]

17-19-12-966  INFO 3240 --- [com.alibaba.nacos.client.remote.worker] com.alibaba.nacos.common.remote.client   : [a244ca18-c11c-4d0a-90eb-25184f5cc6ca] Fail to connect server, after trying 152 times, last try server is {serverIp = '192.168.10.101', server main port = 8848}, error = unknown
17-19-20-970 ERROR 3240 --- [com.alibaba.nacos.client.remote.worker] c.a.n.c.remote.client.grpc.GrpcClient    : Server check fail, please check server 192.168.10.101 ,port 9848 is available , error ={}

java.util.concurrent.TimeoutException: Waited 3000 milliseconds (plus 2 milliseconds, 218100 nanoseconds delay) for com.alibaba.nacos.shaded.io.grpc.stub.ClientCalls$GrpcFuture@3a1efa9[status=PENDING, info=[GrpcFuture{clientCall={delegate={delegate=ClientCallImpl{method=MethodDescriptor{fullMethodName=Request/request, type=UNARY, idempotent=false, safe=false, sampledToLocalTracing=true, requestMarshaller=com.alibaba.nacos.shaded.io.grpc.protobuf.lite.ProtoLiteUtils$MessageMarshaller@24e11377, responseMarshaller=com.alibaba.nacos.shaded.io.grpc.protobuf.lite.ProtoLiteUtils$MessageMarshaller@424f5fa2, schemaDescriptor=com.alibaba.nacos.api.grpc.auto.RequestGrpc$RequestMethodDescriptorSupplier@56847fbc}}}}}]]
	at com.alibaba.nacos.shaded.com.google.common.util.concurrent.AbstractFuture.get(AbstractFuture.java:508) ~[nacos-client-2.0.4.jar:na]
	at com.alibaba.nacos.common.remote.client.grpc.GrpcClient.serverCheck(GrpcClient.java:148) ~[nacos-client-2.0.4.jar:na]
	at com.alibaba.nacos.common.remote.client.grpc.GrpcClient.connectToServer(GrpcClient.java:264) ~[nacos-client-2.0.4.jar:na]
	at com.alibaba.nacos.common.remote.client.RpcClient.reconnect(RpcClient.java:522) ~[nacos-client-2.0.4.jar:na]
	at com.alibaba.nacos.common.remote.client.RpcClient.lambda$start$2(RpcClient.java:370) ~[nacos-client-2.0.4.jar:na]
	at java.base/java.util.concurrent.Executors$RunnableAdapter.call(Executors.java:515) ~[na:na]
	at java.base/java.util.concurrent.FutureTask.run(FutureTask.java:264) ~[na:na]
	at java.base/java.util.concurrent.ScheduledThreadPoolExecutor$ScheduledFutureTask.run(ScheduledThreadPoolExecutor.java:304) ~[na:na]
	at java.base/java.util.concurrent.ThreadPoolExecutor.runWorker(ThreadPoolExecutor.java:1128) ~[na:na]
	at java.base/java.util.concurrent.ThreadPoolExecutor$Worker.run(ThreadPoolExecutor.java:628) ~[na:na]
	at java.base/java.lang.Thread.run(Thread.java:834) ~[na:na]

17-19-20-972  INFO 3240 --- [com.alibaba.nacos.client.remote.worker] com.alibaba.nacos.common.remote.client   : [a244ca18-c11c-4d0a-90eb-25184f5cc6ca] Fail to connect server, after trying 153 times, last try server is {serverIp = '192.168.10.101', server main port = 8848}, error = unknown
17-19-27-007 ERROR 3240 --- [com.alibaba.nacos.client.naming.updater.2] com.alibaba.nacos.common.remote.client   : Send request fail, request = ServiceQueryRequest{headers={app=unknown}, requestId='null'}, retryTimes = 0, errorMessage = Client not connected, current status:UNHEALTHY
17-19-27-116 ERROR 3240 --- [com.alibaba.nacos.client.naming.updater.2] com.alibaba.nacos.common.remote.client   : Send request fail, request = ServiceQueryRequest{headers={app=unknown}, requestId='null'}, retryTimes = 1, errorMessage = Client not connected, current status:UNHEALTHY
17-19-27-223 ERROR 3240 --- [com.alibaba.nacos.client.naming.updater.2] com.alibaba.nacos.common.remote.client   : Send request fail, request = ServiceQueryRequest{headers={app=unknown}, requestId='null'}, retryTimes = 2, errorMessage = Client not connected, current status:UNHEALTHY
17-19-28-980 ERROR 3240 --- [com.alibaba.nacos.client.remote.worker] c.a.n.c.remote.client.grpc.GrpcClient    : Server check fail, please check server 192.168.10.101 ,port 9848 is available , error ={}

java.util.concurrent.TimeoutException: Waited 3000 milliseconds (plus 4 milliseconds, 21300 nanoseconds delay) for com.alibaba.nacos.shaded.io.grpc.stub.ClientCalls$GrpcFuture@369f1f0c[status=PENDING, info=[GrpcFuture{clientCall={delegate={delegate=ClientCallImpl{method=MethodDescriptor{fullMethodName=Request/request, type=UNARY, idempotent=false, safe=false, sampledToLocalTracing=true, requestMarshaller=com.alibaba.nacos.shaded.io.grpc.protobuf.lite.ProtoLiteUtils$MessageMarshaller@24e11377, responseMarshaller=com.alibaba.nacos.shaded.io.grpc.protobuf.lite.ProtoLiteUtils$MessageMarshaller@424f5fa2, schemaDescriptor=com.alibaba.nacos.api.grpc.auto.RequestGrpc$RequestMethodDescriptorSupplier@56847fbc}}}}}]]
	at com.alibaba.nacos.shaded.com.google.common.util.concurrent.AbstractFuture.get(AbstractFuture.java:508) ~[nacos-client-2.0.4.jar:na]
	at com.alibaba.nacos.common.remote.client.grpc.GrpcClient.serverCheck(GrpcClient.java:148) ~[nacos-client-2.0.4.jar:na]
	at com.alibaba.nacos.common.remote.client.grpc.GrpcClient.connectToServer(GrpcClient.java:264) ~[nacos-client-2.0.4.jar:na]
	at com.alibaba.nacos.common.remote.client.RpcClient.reconnect(RpcClient.java:522) ~[nacos-client-2.0.4.jar:na]
	at com.alibaba.nacos.common.remote.client.RpcClient.lambda$start$2(RpcClient.java:370) ~[nacos-client-2.0.4.jar:na]
	at java.base/java.util.concurrent.Executors$RunnableAdapter.call(Executors.java:515) ~[na:na]
	at java.base/java.util.concurrent.FutureTask.run(FutureTask.java:264) ~[na:na]
	at java.base/java.util.concurrent.ScheduledThreadPoolExecutor$ScheduledFutureTask.run(ScheduledThreadPoolExecutor.java:304) ~[na:na]
	at java.base/java.util.concurrent.ThreadPoolExecutor.runWorker(ThreadPoolExecutor.java:1128) ~[na:na]
	at java.base/java.util.concurrent.ThreadPoolExecutor$Worker.run(ThreadPoolExecutor.java:628) ~[na:na]
	at java.base/java.lang.Thread.run(Thread.java:834) ~[na:na]

17-19-28-981  INFO 3240 --- [com.alibaba.nacos.client.remote.worker] com.alibaba.nacos.common.remote.client   : [a244ca18-c11c-4d0a-90eb-25184f5cc6ca] Fail to connect server, after trying 154 times, last try server is {serverIp = '192.168.10.101', server main port = 8848}, error = unknown
17-19-36-994 ERROR 3240 --- [com.alibaba.nacos.client.remote.worker] c.a.n.c.remote.client.grpc.GrpcClient    : Server check fail, please check server 192.168.10.101 ,port 9848 is available , error ={}

java.util.concurrent.TimeoutException: Waited 3000 milliseconds (plus 436900 nanoseconds delay) for com.alibaba.nacos.shaded.io.grpc.stub.ClientCalls$GrpcFuture@415ab932[status=PENDING, info=[GrpcFuture{clientCall={delegate={delegate=ClientCallImpl{method=MethodDescriptor{fullMethodName=Request/request, type=UNARY, idempotent=false, safe=false, sampledToLocalTracing=true, requestMarshaller=com.alibaba.nacos.shaded.io.grpc.protobuf.lite.ProtoLiteUtils$MessageMarshaller@24e11377, responseMarshaller=com.alibaba.nacos.shaded.io.grpc.protobuf.lite.ProtoLiteUtils$MessageMarshaller@424f5fa2, schemaDescriptor=com.alibaba.nacos.api.grpc.auto.RequestGrpc$RequestMethodDescriptorSupplier@56847fbc}}}}}]]
	at com.alibaba.nacos.shaded.com.google.common.util.concurrent.AbstractFuture.get(AbstractFuture.java:508) ~[nacos-client-2.0.4.jar:na]
	at com.alibaba.nacos.common.remote.client.grpc.GrpcClient.serverCheck(GrpcClient.java:148) ~[nacos-client-2.0.4.jar:na]
	at com.alibaba.nacos.common.remote.client.grpc.GrpcClient.connectToServer(GrpcClient.java:264) ~[nacos-client-2.0.4.jar:na]
	at com.alibaba.nacos.common.remote.client.RpcClient.reconnect(RpcClient.java:522) ~[nacos-client-2.0.4.jar:na]
	at com.alibaba.nacos.common.remote.client.RpcClient.lambda$start$2(RpcClient.java:370) ~[nacos-client-2.0.4.jar:na]
	at java.base/java.util.concurrent.Executors$RunnableAdapter.call(Executors.java:515) ~[na:na]
	at java.base/java.util.concurrent.FutureTask.run(FutureTask.java:264) ~[na:na]
	at java.base/java.util.concurrent.ScheduledThreadPoolExecutor$ScheduledFutureTask.run(ScheduledThreadPoolExecutor.java:304) ~[na:na]
	at java.base/java.util.concurrent.ThreadPoolExecutor.runWorker(ThreadPoolExecutor.java:1128) ~[na:na]
	at java.base/java.util.concurrent.ThreadPoolExecutor$Worker.run(ThreadPoolExecutor.java:628) ~[na:na]
	at java.base/java.lang.Thread.run(Thread.java:834) ~[na:na]

17-19-36-995  INFO 3240 --- [com.alibaba.nacos.client.remote.worker] com.alibaba.nacos.common.remote.client   : [a244ca18-c11c-4d0a-90eb-25184f5cc6ca] Fail to connect server, after trying 155 times, last try server is {serverIp = '192.168.10.101', server main port = 8848}, error = unknown
17-19-45-013 ERROR 3240 --- [com.alibaba.nacos.client.remote.worker] c.a.n.c.remote.client.grpc.GrpcClient    : Server check fail, please check server 192.168.10.101 ,port 9848 is available , error ={}

java.util.concurrent.TimeoutException: Waited 3000 milliseconds (plus 1 milliseconds, 687100 nanoseconds delay) for com.alibaba.nacos.shaded.io.grpc.stub.ClientCalls$GrpcFuture@2482e416[status=PENDING, info=[GrpcFuture{clientCall={delegate={delegate=ClientCallImpl{method=MethodDescriptor{fullMethodName=Request/request, type=UNARY, idempotent=false, safe=false, sampledToLocalTracing=true, requestMarshaller=com.alibaba.nacos.shaded.io.grpc.protobuf.lite.ProtoLiteUtils$MessageMarshaller@24e11377, responseMarshaller=com.alibaba.nacos.shaded.io.grpc.protobuf.lite.ProtoLiteUtils$MessageMarshaller@424f5fa2, schemaDescriptor=com.alibaba.nacos.api.grpc.auto.RequestGrpc$RequestMethodDescriptorSupplier@56847fbc}}}}}]]
	at com.alibaba.nacos.shaded.com.google.common.util.concurrent.AbstractFuture.get(AbstractFuture.java:508) ~[nacos-client-2.0.4.jar:na]
	at com.alibaba.nacos.common.remote.client.grpc.GrpcClient.serverCheck(GrpcClient.java:148) ~[nacos-client-2.0.4.jar:na]
	at com.alibaba.nacos.common.remote.client.grpc.GrpcClient.connectToServer(GrpcClient.java:264) ~[nacos-client-2.0.4.jar:na]
	at com.alibaba.nacos.common.remote.client.RpcClient.reconnect(RpcClient.java:522) ~[nacos-client-2.0.4.jar:na]
	at com.alibaba.nacos.common.remote.client.RpcClient.lambda$start$2(RpcClient.java:370) ~[nacos-client-2.0.4.jar:na]
	at java.base/java.util.concurrent.Executors$RunnableAdapter.call(Executors.java:515) ~[na:na]
	at java.base/java.util.concurrent.FutureTask.run(FutureTask.java:264) ~[na:na]
	at java.base/java.util.concurrent.ScheduledThreadPoolExecutor$ScheduledFutureTask.run(ScheduledThreadPoolExecutor.java:304) ~[na:na]
	at java.base/java.util.concurrent.ThreadPoolExecutor.runWorker(ThreadPoolExecutor.java:1128) ~[na:na]
	at java.base/java.util.concurrent.ThreadPoolExecutor$Worker.run(ThreadPoolExecutor.java:628) ~[na:na]
	at java.base/java.lang.Thread.run(Thread.java:834) ~[na:na]

17-19-45-013  INFO 3240 --- [com.alibaba.nacos.client.remote.worker] com.alibaba.nacos.common.remote.client   : [a244ca18-c11c-4d0a-90eb-25184f5cc6ca] Fail to connect server, after trying 156 times, last try server is {serverIp = '192.168.10.101', server main port = 8848}, error = unknown
17-19-53-028 ERROR 3240 --- [com.alibaba.nacos.client.remote.worker] c.a.n.c.remote.client.grpc.GrpcClient    : Server check fail, please check server 192.168.10.101 ,port 9848 is available , error ={}

java.util.concurrent.TimeoutException: Waited 3000 milliseconds (plus 311400 nanoseconds delay) for com.alibaba.nacos.shaded.io.grpc.stub.ClientCalls$GrpcFuture@35a4947a[status=PENDING, info=[GrpcFuture{clientCall={delegate={delegate=ClientCallImpl{method=MethodDescriptor{fullMethodName=Request/request, type=UNARY, idempotent=false, safe=false, sampledToLocalTracing=true, requestMarshaller=com.alibaba.nacos.shaded.io.grpc.protobuf.lite.ProtoLiteUtils$MessageMarshaller@24e11377, responseMarshaller=com.alibaba.nacos.shaded.io.grpc.protobuf.lite.ProtoLiteUtils$MessageMarshaller@424f5fa2, schemaDescriptor=com.alibaba.nacos.api.grpc.auto.RequestGrpc$RequestMethodDescriptorSupplier@56847fbc}}}}}]]
	at com.alibaba.nacos.shaded.com.google.common.util.concurrent.AbstractFuture.get(AbstractFuture.java:508) ~[nacos-client-2.0.4.jar:na]
	at com.alibaba.nacos.common.remote.client.grpc.GrpcClient.serverCheck(GrpcClient.java:148) ~[nacos-client-2.0.4.jar:na]
	at com.alibaba.nacos.common.remote.client.grpc.GrpcClient.connectToServer(GrpcClient.java:264) ~[nacos-client-2.0.4.jar:na]
	at com.alibaba.nacos.common.remote.client.RpcClient.reconnect(RpcClient.java:522) ~[nacos-client-2.0.4.jar:na]
	at com.alibaba.nacos.common.remote.client.RpcClient.lambda$start$2(RpcClient.java:370) ~[nacos-client-2.0.4.jar:na]
	at java.base/java.util.concurrent.Executors$RunnableAdapter.call(Executors.java:515) ~[na:na]
	at java.base/java.util.concurrent.FutureTask.run(FutureTask.java:264) ~[na:na]
	at java.base/java.util.concurrent.ScheduledThreadPoolExecutor$ScheduledFutureTask.run(ScheduledThreadPoolExecutor.java:304) ~[na:na]
	at java.base/java.util.concurrent.ThreadPoolExecutor.runWorker(ThreadPoolExecutor.java:1128) ~[na:na]
	at java.base/java.util.concurrent.ThreadPoolExecutor$Worker.run(ThreadPoolExecutor.java:628) ~[na:na]
	at java.base/java.lang.Thread.run(Thread.java:834) ~[na:na]

17-19-53-029  INFO 3240 --- [com.alibaba.nacos.client.remote.worker] com.alibaba.nacos.common.remote.client   : [a244ca18-c11c-4d0a-90eb-25184f5cc6ca] Fail to connect server, after trying 157 times, last try server is {serverIp = '192.168.10.101', server main port = 8848}, error = unknown
17-20-01-046 ERROR 3240 --- [com.alibaba.nacos.client.remote.worker] c.a.n.c.remote.client.grpc.GrpcClient    : Server check fail, please check server 192.168.10.101 ,port 9848 is available , error ={}

java.util.concurrent.TimeoutException: Waited 3000 milliseconds (plus 4 milliseconds, 618300 nanoseconds delay) for com.alibaba.nacos.shaded.io.grpc.stub.ClientCalls$GrpcFuture@6700c857[status=PENDING, info=[GrpcFuture{clientCall={delegate={delegate=ClientCallImpl{method=MethodDescriptor{fullMethodName=Request/request, type=UNARY, idempotent=false, safe=false, sampledToLocalTracing=true, requestMarshaller=com.alibaba.nacos.shaded.io.grpc.protobuf.lite.ProtoLiteUtils$MessageMarshaller@24e11377, responseMarshaller=com.alibaba.nacos.shaded.io.grpc.protobuf.lite.ProtoLiteUtils$MessageMarshaller@424f5fa2, schemaDescriptor=com.alibaba.nacos.api.grpc.auto.RequestGrpc$RequestMethodDescriptorSupplier@56847fbc}}}}}]]
	at com.alibaba.nacos.shaded.com.google.common.util.concurrent.AbstractFuture.get(AbstractFuture.java:508) ~[nacos-client-2.0.4.jar:na]
	at com.alibaba.nacos.common.remote.client.grpc.GrpcClient.serverCheck(GrpcClient.java:148) ~[nacos-client-2.0.4.jar:na]
	at com.alibaba.nacos.common.remote.client.grpc.GrpcClient.connectToServer(GrpcClient.java:264) ~[nacos-client-2.0.4.jar:na]
	at com.alibaba.nacos.common.remote.client.RpcClient.reconnect(RpcClient.java:522) ~[nacos-client-2.0.4.jar:na]
	at com.alibaba.nacos.common.remote.client.RpcClient.lambda$start$2(RpcClient.java:370) ~[nacos-client-2.0.4.jar:na]
	at java.base/java.util.concurrent.Executors$RunnableAdapter.call(Executors.java:515) ~[na:na]
	at java.base/java.util.concurrent.FutureTask.run(FutureTask.java:264) ~[na:na]
	at java.base/java.util.concurrent.ScheduledThreadPoolExecutor$ScheduledFutureTask.run(ScheduledThreadPoolExecutor.java:304) ~[na:na]
	at java.base/java.util.concurrent.ThreadPoolExecutor.runWorker(ThreadPoolExecutor.java:1128) ~[na:na]
	at java.base/java.util.concurrent.ThreadPoolExecutor$Worker.run(ThreadPoolExecutor.java:628) ~[na:na]
	at java.base/java.lang.Thread.run(Thread.java:834) ~[na:na]

17-20-01-047  INFO 3240 --- [com.alibaba.nacos.client.remote.worker] com.alibaba.nacos.common.remote.client   : [a244ca18-c11c-4d0a-90eb-25184f5cc6ca] Fail to connect server, after trying 158 times, last try server is {serverIp = '192.168.10.101', server main port = 8848}, error = unknown
17-20-09-075 ERROR 3240 --- [com.alibaba.nacos.client.remote.worker] c.a.n.c.remote.client.grpc.GrpcClient    : Server check fail, please check server 192.168.10.101 ,port 9848 is available , error ={}

java.util.concurrent.TimeoutException: Waited 3000 milliseconds (plus 15 milliseconds, 43900 nanoseconds delay) for com.alibaba.nacos.shaded.io.grpc.stub.ClientCalls$GrpcFuture@44d9dee[status=PENDING, info=[GrpcFuture{clientCall={delegate={delegate=ClientCallImpl{method=MethodDescriptor{fullMethodName=Request/request, type=UNARY, idempotent=false, safe=false, sampledToLocalTracing=true, requestMarshaller=com.alibaba.nacos.shaded.io.grpc.protobuf.lite.ProtoLiteUtils$MessageMarshaller@24e11377, responseMarshaller=com.alibaba.nacos.shaded.io.grpc.protobuf.lite.ProtoLiteUtils$MessageMarshaller@424f5fa2, schemaDescriptor=com.alibaba.nacos.api.grpc.auto.RequestGrpc$RequestMethodDescriptorSupplier@56847fbc}}}}}]]
	at com.alibaba.nacos.shaded.com.google.common.util.concurrent.AbstractFuture.get(AbstractFuture.java:508) ~[nacos-client-2.0.4.jar:na]
	at com.alibaba.nacos.common.remote.client.grpc.GrpcClient.serverCheck(GrpcClient.java:148) ~[nacos-client-2.0.4.jar:na]
	at com.alibaba.nacos.common.remote.client.grpc.GrpcClient.connectToServer(GrpcClient.java:264) ~[nacos-client-2.0.4.jar:na]
	at com.alibaba.nacos.common.remote.client.RpcClient.reconnect(RpcClient.java:522) ~[nacos-client-2.0.4.jar:na]
	at com.alibaba.nacos.common.remote.client.RpcClient.lambda$start$2(RpcClient.java:370) ~[nacos-client-2.0.4.jar:na]
	at java.base/java.util.concurrent.Executors$RunnableAdapter.call(Executors.java:515) ~[na:na]
	at java.base/java.util.concurrent.FutureTask.run(FutureTask.java:264) ~[na:na]
	at java.base/java.util.concurrent.ScheduledThreadPoolExecutor$ScheduledFutureTask.run(ScheduledThreadPoolExecutor.java:304) ~[na:na]
	at java.base/java.util.concurrent.ThreadPoolExecutor.runWorker(ThreadPoolExecutor.java:1128) ~[na:na]
	at java.base/java.util.concurrent.ThreadPoolExecutor$Worker.run(ThreadPoolExecutor.java:628) ~[na:na]
	at java.base/java.lang.Thread.run(Thread.java:834) ~[na:na]

17-20-09-077  INFO 3240 --- [com.alibaba.nacos.client.remote.worker] com.alibaba.nacos.common.remote.client   : [a244ca18-c11c-4d0a-90eb-25184f5cc6ca] Fail to connect server, after trying 159 times, last try server is {serverIp = '192.168.10.101', server main port = 8848}, error = unknown
17-20-17-088 ERROR 3240 --- [com.alibaba.nacos.client.remote.worker] c.a.n.c.remote.client.grpc.GrpcClient    : Server check fail, please check server 192.168.10.101 ,port 9848 is available , error ={}

java.util.concurrent.TimeoutException: Waited 3000 milliseconds (plus 7 milliseconds, 837900 nanoseconds delay) for com.alibaba.nacos.shaded.io.grpc.stub.ClientCalls$GrpcFuture@386405b9[status=PENDING, info=[GrpcFuture{clientCall={delegate={delegate=ClientCallImpl{method=MethodDescriptor{fullMethodName=Request/request, type=UNARY, idempotent=false, safe=false, sampledToLocalTracing=true, requestMarshaller=com.alibaba.nacos.shaded.io.grpc.protobuf.lite.ProtoLiteUtils$MessageMarshaller@24e11377, responseMarshaller=com.alibaba.nacos.shaded.io.grpc.protobuf.lite.ProtoLiteUtils$MessageMarshaller@424f5fa2, schemaDescriptor=com.alibaba.nacos.api.grpc.auto.RequestGrpc$RequestMethodDescriptorSupplier@56847fbc}}}}}]]
	at com.alibaba.nacos.shaded.com.google.common.util.concurrent.AbstractFuture.get(AbstractFuture.java:508) ~[nacos-client-2.0.4.jar:na]
	at com.alibaba.nacos.common.remote.client.grpc.GrpcClient.serverCheck(GrpcClient.java:148) ~[nacos-client-2.0.4.jar:na]
	at com.alibaba.nacos.common.remote.client.grpc.GrpcClient.connectToServer(GrpcClient.java:264) ~[nacos-client-2.0.4.jar:na]
	at com.alibaba.nacos.common.remote.client.RpcClient.reconnect(RpcClient.java:522) ~[nacos-client-2.0.4.jar:na]
	at com.alibaba.nacos.common.remote.client.RpcClient.lambda$start$2(RpcClient.java:370) ~[nacos-client-2.0.4.jar:na]
	at java.base/java.util.concurrent.Executors$RunnableAdapter.call(Executors.java:515) ~[na:na]
	at java.base/java.util.concurrent.FutureTask.run(FutureTask.java:264) ~[na:na]
	at java.base/java.util.concurrent.ScheduledThreadPoolExecutor$ScheduledFutureTask.run(ScheduledThreadPoolExecutor.java:304) ~[na:na]
	at java.base/java.util.concurrent.ThreadPoolExecutor.runWorker(ThreadPoolExecutor.java:1128) ~[na:na]
	at java.base/java.util.concurrent.ThreadPoolExecutor$Worker.run(ThreadPoolExecutor.java:628) ~[na:na]
	at java.base/java.lang.Thread.run(Thread.java:834) ~[na:na]

17-20-17-088  INFO 3240 --- [com.alibaba.nacos.client.remote.worker] com.alibaba.nacos.common.remote.client   : [a244ca18-c11c-4d0a-90eb-25184f5cc6ca] Fail to connect server, after trying 160 times, last try server is {serverIp = '192.168.10.101', server main port = 8848}, error = unknown
17-20-25-102 ERROR 3240 --- [com.alibaba.nacos.client.remote.worker] c.a.n.c.remote.client.grpc.GrpcClient    : Server check fail, please check server 192.168.10.101 ,port 9848 is available , error ={}

java.util.concurrent.TimeoutException: Waited 3000 milliseconds (plus 10 milliseconds, 473100 nanoseconds delay) for com.alibaba.nacos.shaded.io.grpc.stub.ClientCalls$GrpcFuture@40aa0528[status=PENDING, info=[GrpcFuture{clientCall={delegate={delegate=ClientCallImpl{method=MethodDescriptor{fullMethodName=Request/request, type=UNARY, idempotent=false, safe=false, sampledToLocalTracing=true, requestMarshaller=com.alibaba.nacos.shaded.io.grpc.protobuf.lite.ProtoLiteUtils$MessageMarshaller@24e11377, responseMarshaller=com.alibaba.nacos.shaded.io.grpc.protobuf.lite.ProtoLiteUtils$MessageMarshaller@424f5fa2, schemaDescriptor=com.alibaba.nacos.api.grpc.auto.RequestGrpc$RequestMethodDescriptorSupplier@56847fbc}}}}}]]
	at com.alibaba.nacos.shaded.com.google.common.util.concurrent.AbstractFuture.get(AbstractFuture.java:508) ~[nacos-client-2.0.4.jar:na]
	at com.alibaba.nacos.common.remote.client.grpc.GrpcClient.serverCheck(GrpcClient.java:148) ~[nacos-client-2.0.4.jar:na]
	at com.alibaba.nacos.common.remote.client.grpc.GrpcClient.connectToServer(GrpcClient.java:264) ~[nacos-client-2.0.4.jar:na]
	at com.alibaba.nacos.common.remote.client.RpcClient.reconnect(RpcClient.java:522) ~[nacos-client-2.0.4.jar:na]
	at com.alibaba.nacos.common.remote.client.RpcClient.lambda$start$2(RpcClient.java:370) ~[nacos-client-2.0.4.jar:na]
	at java.base/java.util.concurrent.Executors$RunnableAdapter.call(Executors.java:515) ~[na:na]
	at java.base/java.util.concurrent.FutureTask.run(FutureTask.java:264) ~[na:na]
	at java.base/java.util.concurrent.ScheduledThreadPoolExecutor$ScheduledFutureTask.run(ScheduledThreadPoolExecutor.java:304) ~[na:na]
	at java.base/java.util.concurrent.ThreadPoolExecutor.runWorker(ThreadPoolExecutor.java:1128) ~[na:na]
	at java.base/java.util.concurrent.ThreadPoolExecutor$Worker.run(ThreadPoolExecutor.java:628) ~[na:na]
	at java.base/java.lang.Thread.run(Thread.java:834) ~[na:na]

17-20-25-103  INFO 3240 --- [com.alibaba.nacos.client.remote.worker] com.alibaba.nacos.common.remote.client   : [a244ca18-c11c-4d0a-90eb-25184f5cc6ca] Fail to connect server, after trying 161 times, last try server is {serverIp = '192.168.10.101', server main port = 8848}, error = unknown
17-20-27-342 ERROR 3240 --- [com.alibaba.nacos.client.naming.updater.2] com.alibaba.nacos.common.remote.client   : Send request fail, request = ServiceQueryRequest{headers={app=unknown}, requestId='null'}, retryTimes = 0, errorMessage = Client not connected, current status:UNHEALTHY
17-20-27-450 ERROR 3240 --- [com.alibaba.nacos.client.naming.updater.2] com.alibaba.nacos.common.remote.client   : Send request fail, request = ServiceQueryRequest{headers={app=unknown}, requestId='null'}, retryTimes = 1, errorMessage = Client not connected, current status:UNHEALTHY
17-20-27-558 ERROR 3240 --- [com.alibaba.nacos.client.naming.updater.2] com.alibaba.nacos.common.remote.client   : Send request fail, request = ServiceQueryRequest{headers={app=unknown}, requestId='null'}, retryTimes = 2, errorMessage = Client not connected, current status:UNHEALTHY
17-20-33-114 ERROR 3240 --- [com.alibaba.nacos.client.remote.worker] c.a.n.c.remote.client.grpc.GrpcClient    : Server check fail, please check server 192.168.10.101 ,port 9848 is available , error ={}

java.util.concurrent.TimeoutException: Waited 3000 milliseconds (plus 8 milliseconds, 278600 nanoseconds delay) for com.alibaba.nacos.shaded.io.grpc.stub.ClientCalls$GrpcFuture@70352fa5[status=PENDING, info=[GrpcFuture{clientCall={delegate={delegate=ClientCallImpl{method=MethodDescriptor{fullMethodName=Request/request, type=UNARY, idempotent=false, safe=false, sampledToLocalTracing=true, requestMarshaller=com.alibaba.nacos.shaded.io.grpc.protobuf.lite.ProtoLiteUtils$MessageMarshaller@24e11377, responseMarshaller=com.alibaba.nacos.shaded.io.grpc.protobuf.lite.ProtoLiteUtils$MessageMarshaller@424f5fa2, schemaDescriptor=com.alibaba.nacos.api.grpc.auto.RequestGrpc$RequestMethodDescriptorSupplier@56847fbc}}}}}]]
	at com.alibaba.nacos.shaded.com.google.common.util.concurrent.AbstractFuture.get(AbstractFuture.java:508) ~[nacos-client-2.0.4.jar:na]
	at com.alibaba.nacos.common.remote.client.grpc.GrpcClient.serverCheck(GrpcClient.java:148) ~[nacos-client-2.0.4.jar:na]
	at com.alibaba.nacos.common.remote.client.grpc.GrpcClient.connectToServer(GrpcClient.java:264) ~[nacos-client-2.0.4.jar:na]
	at com.alibaba.nacos.common.remote.client.RpcClient.reconnect(RpcClient.java:522) ~[nacos-client-2.0.4.jar:na]
	at com.alibaba.nacos.common.remote.client.RpcClient.lambda$start$2(RpcClient.java:370) ~[nacos-client-2.0.4.jar:na]
	at java.base/java.util.concurrent.Executors$RunnableAdapter.call(Executors.java:515) ~[na:na]
	at java.base/java.util.concurrent.FutureTask.run(FutureTask.java:264) ~[na:na]
	at java.base/java.util.concurrent.ScheduledThreadPoolExecutor$ScheduledFutureTask.run(ScheduledThreadPoolExecutor.java:304) ~[na:na]
	at java.base/java.util.concurrent.ThreadPoolExecutor.runWorker(ThreadPoolExecutor.java:1128) ~[na:na]
	at java.base/java.util.concurrent.ThreadPoolExecutor$Worker.run(ThreadPoolExecutor.java:628) ~[na:na]
	at java.base/java.lang.Thread.run(Thread.java:834) ~[na:na]

17-20-33-114  INFO 3240 --- [com.alibaba.nacos.client.remote.worker] com.alibaba.nacos.common.remote.client   : [a244ca18-c11c-4d0a-90eb-25184f5cc6ca] Fail to connect server, after trying 162 times, last try server is {serverIp = '192.168.10.101', server main port = 8848}, error = unknown
17-20-41-131 ERROR 3240 --- [com.alibaba.nacos.client.remote.worker] c.a.n.c.remote.client.grpc.GrpcClient    : Server check fail, please check server 192.168.10.101 ,port 9848 is available , error ={}

java.util.concurrent.TimeoutException: Waited 3000 milliseconds (plus 2 milliseconds, 386700 nanoseconds delay) for com.alibaba.nacos.shaded.io.grpc.stub.ClientCalls$GrpcFuture@e72c3ad[status=PENDING, info=[GrpcFuture{clientCall={delegate={delegate=ClientCallImpl{method=MethodDescriptor{fullMethodName=Request/request, type=UNARY, idempotent=false, safe=false, sampledToLocalTracing=true, requestMarshaller=com.alibaba.nacos.shaded.io.grpc.protobuf.lite.ProtoLiteUtils$MessageMarshaller@24e11377, responseMarshaller=com.alibaba.nacos.shaded.io.grpc.protobuf.lite.ProtoLiteUtils$MessageMarshaller@424f5fa2, schemaDescriptor=com.alibaba.nacos.api.grpc.auto.RequestGrpc$RequestMethodDescriptorSupplier@56847fbc}}}}}]]
	at com.alibaba.nacos.shaded.com.google.common.util.concurrent.AbstractFuture.get(AbstractFuture.java:508) ~[nacos-client-2.0.4.jar:na]
	at com.alibaba.nacos.common.remote.client.grpc.GrpcClient.serverCheck(GrpcClient.java:148) ~[nacos-client-2.0.4.jar:na]
	at com.alibaba.nacos.common.remote.client.grpc.GrpcClient.connectToServer(GrpcClient.java:264) ~[nacos-client-2.0.4.jar:na]
	at com.alibaba.nacos.common.remote.client.RpcClient.reconnect(RpcClient.java:522) ~[nacos-client-2.0.4.jar:na]
	at com.alibaba.nacos.common.remote.client.RpcClient.lambda$start$2(RpcClient.java:370) ~[nacos-client-2.0.4.jar:na]
	at java.base/java.util.concurrent.Executors$RunnableAdapter.call(Executors.java:515) ~[na:na]
	at java.base/java.util.concurrent.FutureTask.run(FutureTask.java:264) ~[na:na]
	at java.base/java.util.concurrent.ScheduledThreadPoolExecutor$ScheduledFutureTask.run(ScheduledThreadPoolExecutor.java:304) ~[na:na]
	at java.base/java.util.concurrent.ThreadPoolExecutor.runWorker(ThreadPoolExecutor.java:1128) ~[na:na]
	at java.base/java.util.concurrent.ThreadPoolExecutor$Worker.run(ThreadPoolExecutor.java:628) ~[na:na]
	at java.base/java.lang.Thread.run(Thread.java:834) ~[na:na]

17-20-41-132  INFO 3240 --- [com.alibaba.nacos.client.remote.worker] com.alibaba.nacos.common.remote.client   : [a244ca18-c11c-4d0a-90eb-25184f5cc6ca] Fail to connect server, after trying 163 times, last try server is {serverIp = '192.168.10.101', server main port = 8848}, error = unknown
17-20-49-140 ERROR 3240 --- [com.alibaba.nacos.client.remote.worker] c.a.n.c.remote.client.grpc.GrpcClient    : Server check fail, please check server 192.168.10.101 ,port 9848 is available , error ={}

java.util.concurrent.TimeoutException: Waited 3000 milliseconds (plus 1 milliseconds, 159800 nanoseconds delay) for com.alibaba.nacos.shaded.io.grpc.stub.ClientCalls$GrpcFuture@54cbeecf[status=PENDING, info=[GrpcFuture{clientCall={delegate={delegate=ClientCallImpl{method=MethodDescriptor{fullMethodName=Request/request, type=UNARY, idempotent=false, safe=false, sampledToLocalTracing=true, requestMarshaller=com.alibaba.nacos.shaded.io.grpc.protobuf.lite.ProtoLiteUtils$MessageMarshaller@24e11377, responseMarshaller=com.alibaba.nacos.shaded.io.grpc.protobuf.lite.ProtoLiteUtils$MessageMarshaller@424f5fa2, schemaDescriptor=com.alibaba.nacos.api.grpc.auto.RequestGrpc$RequestMethodDescriptorSupplier@56847fbc}}}}}]]
	at com.alibaba.nacos.shaded.com.google.common.util.concurrent.AbstractFuture.get(AbstractFuture.java:508) ~[nacos-client-2.0.4.jar:na]
	at com.alibaba.nacos.common.remote.client.grpc.GrpcClient.serverCheck(GrpcClient.java:148) ~[nacos-client-2.0.4.jar:na]
	at com.alibaba.nacos.common.remote.client.grpc.GrpcClient.connectToServer(GrpcClient.java:264) ~[nacos-client-2.0.4.jar:na]
	at com.alibaba.nacos.common.remote.client.RpcClient.reconnect(RpcClient.java:522) ~[nacos-client-2.0.4.jar:na]
	at com.alibaba.nacos.common.remote.client.RpcClient.lambda$start$2(RpcClient.java:370) ~[nacos-client-2.0.4.jar:na]
	at java.base/java.util.concurrent.Executors$RunnableAdapter.call(Executors.java:515) ~[na:na]
	at java.base/java.util.concurrent.FutureTask.run(FutureTask.java:264) ~[na:na]
	at java.base/java.util.concurrent.ScheduledThreadPoolExecutor$ScheduledFutureTask.run(ScheduledThreadPoolExecutor.java:304) ~[na:na]
	at java.base/java.util.concurrent.ThreadPoolExecutor.runWorker(ThreadPoolExecutor.java:1128) ~[na:na]
	at java.base/java.util.concurrent.ThreadPoolExecutor$Worker.run(ThreadPoolExecutor.java:628) ~[na:na]
	at java.base/java.lang.Thread.run(Thread.java:834) ~[na:na]

17-20-49-140  INFO 3240 --- [com.alibaba.nacos.client.remote.worker] com.alibaba.nacos.common.remote.client   : [a244ca18-c11c-4d0a-90eb-25184f5cc6ca] Fail to connect server, after trying 164 times, last try server is {serverIp = '192.168.10.101', server main port = 8848}, error = unknown
17-20-57-157 ERROR 3240 --- [com.alibaba.nacos.client.remote.worker] c.a.n.c.remote.client.grpc.GrpcClient    : Server check fail, please check server 192.168.10.101 ,port 9848 is available , error ={}

java.util.concurrent.TimeoutException: Waited 3000 milliseconds (plus 1 milliseconds, 295100 nanoseconds delay) for com.alibaba.nacos.shaded.io.grpc.stub.ClientCalls$GrpcFuture@22dad677[status=PENDING, info=[GrpcFuture{clientCall={delegate={delegate=ClientCallImpl{method=MethodDescriptor{fullMethodName=Request/request, type=UNARY, idempotent=false, safe=false, sampledToLocalTracing=true, requestMarshaller=com.alibaba.nacos.shaded.io.grpc.protobuf.lite.ProtoLiteUtils$MessageMarshaller@24e11377, responseMarshaller=com.alibaba.nacos.shaded.io.grpc.protobuf.lite.ProtoLiteUtils$MessageMarshaller@424f5fa2, schemaDescriptor=com.alibaba.nacos.api.grpc.auto.RequestGrpc$RequestMethodDescriptorSupplier@56847fbc}}}}}]]
	at com.alibaba.nacos.shaded.com.google.common.util.concurrent.AbstractFuture.get(AbstractFuture.java:508) ~[nacos-client-2.0.4.jar:na]
	at com.alibaba.nacos.common.remote.client.grpc.GrpcClient.serverCheck(GrpcClient.java:148) ~[nacos-client-2.0.4.jar:na]
	at com.alibaba.nacos.common.remote.client.grpc.GrpcClient.connectToServer(GrpcClient.java:264) ~[nacos-client-2.0.4.jar:na]
	at com.alibaba.nacos.common.remote.client.RpcClient.reconnect(RpcClient.java:522) ~[nacos-client-2.0.4.jar:na]
	at com.alibaba.nacos.common.remote.client.RpcClient.lambda$start$2(RpcClient.java:370) ~[nacos-client-2.0.4.jar:na]
	at java.base/java.util.concurrent.Executors$RunnableAdapter.call(Executors.java:515) ~[na:na]
	at java.base/java.util.concurrent.FutureTask.run(FutureTask.java:264) ~[na:na]
	at java.base/java.util.concurrent.ScheduledThreadPoolExecutor$ScheduledFutureTask.run(ScheduledThreadPoolExecutor.java:304) ~[na:na]
	at java.base/java.util.concurrent.ThreadPoolExecutor.runWorker(ThreadPoolExecutor.java:1128) ~[na:na]
	at java.base/java.util.concurrent.ThreadPoolExecutor$Worker.run(ThreadPoolExecutor.java:628) ~[na:na]
	at java.base/java.lang.Thread.run(Thread.java:834) ~[na:na]

17-20-57-157  INFO 3240 --- [com.alibaba.nacos.client.remote.worker] com.alibaba.nacos.common.remote.client   : [a244ca18-c11c-4d0a-90eb-25184f5cc6ca] Fail to connect server, after trying 165 times, last try server is {serverIp = '192.168.10.101', server main port = 8848}, error = unknown
17-21-05-187 ERROR 3240 --- [com.alibaba.nacos.client.remote.worker] c.a.n.c.remote.client.grpc.GrpcClient    : Server check fail, please check server 192.168.10.101 ,port 9848 is available , error ={}

java.util.concurrent.TimeoutException: Waited 3000 milliseconds (plus 15 milliseconds, 38800 nanoseconds delay) for com.alibaba.nacos.shaded.io.grpc.stub.ClientCalls$GrpcFuture@2cb2a783[status=PENDING, info=[GrpcFuture{clientCall={delegate={delegate=ClientCallImpl{method=MethodDescriptor{fullMethodName=Request/request, type=UNARY, idempotent=false, safe=false, sampledToLocalTracing=true, requestMarshaller=com.alibaba.nacos.shaded.io.grpc.protobuf.lite.ProtoLiteUtils$MessageMarshaller@24e11377, responseMarshaller=com.alibaba.nacos.shaded.io.grpc.protobuf.lite.ProtoLiteUtils$MessageMarshaller@424f5fa2, schemaDescriptor=com.alibaba.nacos.api.grpc.auto.RequestGrpc$RequestMethodDescriptorSupplier@56847fbc}}}}}]]
	at com.alibaba.nacos.shaded.com.google.common.util.concurrent.AbstractFuture.get(AbstractFuture.java:508) ~[nacos-client-2.0.4.jar:na]
	at com.alibaba.nacos.common.remote.client.grpc.GrpcClient.serverCheck(GrpcClient.java:148) ~[nacos-client-2.0.4.jar:na]
	at com.alibaba.nacos.common.remote.client.grpc.GrpcClient.connectToServer(GrpcClient.java:264) ~[nacos-client-2.0.4.jar:na]
	at com.alibaba.nacos.common.remote.client.RpcClient.reconnect(RpcClient.java:522) ~[nacos-client-2.0.4.jar:na]
	at com.alibaba.nacos.common.remote.client.RpcClient.lambda$start$2(RpcClient.java:370) ~[nacos-client-2.0.4.jar:na]
	at java.base/java.util.concurrent.Executors$RunnableAdapter.call(Executors.java:515) ~[na:na]
	at java.base/java.util.concurrent.FutureTask.run(FutureTask.java:264) ~[na:na]
	at java.base/java.util.concurrent.ScheduledThreadPoolExecutor$ScheduledFutureTask.run(ScheduledThreadPoolExecutor.java:304) ~[na:na]
	at java.base/java.util.concurrent.ThreadPoolExecutor.runWorker(ThreadPoolExecutor.java:1128) ~[na:na]
	at java.base/java.util.concurrent.ThreadPoolExecutor$Worker.run(ThreadPoolExecutor.java:628) ~[na:na]
	at java.base/java.lang.Thread.run(Thread.java:834) ~[na:na]

17-21-05-188  INFO 3240 --- [com.alibaba.nacos.client.remote.worker] com.alibaba.nacos.common.remote.client   : [a244ca18-c11c-4d0a-90eb-25184f5cc6ca] Fail to connect server, after trying 166 times, last try server is {serverIp = '192.168.10.101', server main port = 8848}, error = unknown
17-21-13-206 ERROR 3240 --- [com.alibaba.nacos.client.remote.worker] c.a.n.c.remote.client.grpc.GrpcClient    : Server check fail, please check server 192.168.10.101 ,port 9848 is available , error ={}

java.util.concurrent.TimeoutException: Waited 3000 milliseconds (plus 15 milliseconds, 277700 nanoseconds delay) for com.alibaba.nacos.shaded.io.grpc.stub.ClientCalls$GrpcFuture@33e47d18[status=PENDING, info=[GrpcFuture{clientCall={delegate={delegate=ClientCallImpl{method=MethodDescriptor{fullMethodName=Request/request, type=UNARY, idempotent=false, safe=false, sampledToLocalTracing=true, requestMarshaller=com.alibaba.nacos.shaded.io.grpc.protobuf.lite.ProtoLiteUtils$MessageMarshaller@24e11377, responseMarshaller=com.alibaba.nacos.shaded.io.grpc.protobuf.lite.ProtoLiteUtils$MessageMarshaller@424f5fa2, schemaDescriptor=com.alibaba.nacos.api.grpc.auto.RequestGrpc$RequestMethodDescriptorSupplier@56847fbc}}}}}]]
	at com.alibaba.nacos.shaded.com.google.common.util.concurrent.AbstractFuture.get(AbstractFuture.java:508) ~[nacos-client-2.0.4.jar:na]
	at com.alibaba.nacos.common.remote.client.grpc.GrpcClient.serverCheck(GrpcClient.java:148) ~[nacos-client-2.0.4.jar:na]
	at com.alibaba.nacos.common.remote.client.grpc.GrpcClient.connectToServer(GrpcClient.java:264) ~[nacos-client-2.0.4.jar:na]
	at com.alibaba.nacos.common.remote.client.RpcClient.reconnect(RpcClient.java:522) ~[nacos-client-2.0.4.jar:na]
	at com.alibaba.nacos.common.remote.client.RpcClient.lambda$start$2(RpcClient.java:370) ~[nacos-client-2.0.4.jar:na]
	at java.base/java.util.concurrent.Executors$RunnableAdapter.call(Executors.java:515) ~[na:na]
	at java.base/java.util.concurrent.FutureTask.run(FutureTask.java:264) ~[na:na]
	at java.base/java.util.concurrent.ScheduledThreadPoolExecutor$ScheduledFutureTask.run(ScheduledThreadPoolExecutor.java:304) ~[na:na]
	at java.base/java.util.concurrent.ThreadPoolExecutor.runWorker(ThreadPoolExecutor.java:1128) ~[na:na]
	at java.base/java.util.concurrent.ThreadPoolExecutor$Worker.run(ThreadPoolExecutor.java:628) ~[na:na]
	at java.base/java.lang.Thread.run(Thread.java:834) ~[na:na]

17-21-13-207  INFO 3240 --- [com.alibaba.nacos.client.remote.worker] com.alibaba.nacos.common.remote.client   : [a244ca18-c11c-4d0a-90eb-25184f5cc6ca] Fail to connect server, after trying 167 times, last try server is {serverIp = '192.168.10.101', server main port = 8848}, error = unknown
17-21-21-235 ERROR 3240 --- [com.alibaba.nacos.client.remote.worker] c.a.n.c.remote.client.grpc.GrpcClient    : Server check fail, please check server 192.168.10.101 ,port 9848 is available , error ={}

java.util.concurrent.TimeoutException: Waited 3000 milliseconds (plus 12 milliseconds, 461300 nanoseconds delay) for com.alibaba.nacos.shaded.io.grpc.stub.ClientCalls$GrpcFuture@3d904831[status=PENDING, info=[GrpcFuture{clientCall={delegate={delegate=ClientCallImpl{method=MethodDescriptor{fullMethodName=Request/request, type=UNARY, idempotent=false, safe=false, sampledToLocalTracing=true, requestMarshaller=com.alibaba.nacos.shaded.io.grpc.protobuf.lite.ProtoLiteUtils$MessageMarshaller@24e11377, responseMarshaller=com.alibaba.nacos.shaded.io.grpc.protobuf.lite.ProtoLiteUtils$MessageMarshaller@424f5fa2, schemaDescriptor=com.alibaba.nacos.api.grpc.auto.RequestGrpc$RequestMethodDescriptorSupplier@56847fbc}}}}}]]
	at com.alibaba.nacos.shaded.com.google.common.util.concurrent.AbstractFuture.get(AbstractFuture.java:508) ~[nacos-client-2.0.4.jar:na]
	at com.alibaba.nacos.common.remote.client.grpc.GrpcClient.serverCheck(GrpcClient.java:148) ~[nacos-client-2.0.4.jar:na]
	at com.alibaba.nacos.common.remote.client.grpc.GrpcClient.connectToServer(GrpcClient.java:264) ~[nacos-client-2.0.4.jar:na]
	at com.alibaba.nacos.common.remote.client.RpcClient.reconnect(RpcClient.java:522) ~[nacos-client-2.0.4.jar:na]
	at com.alibaba.nacos.common.remote.client.RpcClient.lambda$start$2(RpcClient.java:370) ~[nacos-client-2.0.4.jar:na]
	at java.base/java.util.concurrent.Executors$RunnableAdapter.call(Executors.java:515) ~[na:na]
	at java.base/java.util.concurrent.FutureTask.run(FutureTask.java:264) ~[na:na]
	at java.base/java.util.concurrent.ScheduledThreadPoolExecutor$ScheduledFutureTask.run(ScheduledThreadPoolExecutor.java:304) ~[na:na]
	at java.base/java.util.concurrent.ThreadPoolExecutor.runWorker(ThreadPoolExecutor.java:1128) ~[na:na]
	at java.base/java.util.concurrent.ThreadPoolExecutor$Worker.run(ThreadPoolExecutor.java:628) ~[na:na]
	at java.base/java.lang.Thread.run(Thread.java:834) ~[na:na]

17-21-21-236  INFO 3240 --- [com.alibaba.nacos.client.remote.worker] com.alibaba.nacos.common.remote.client   : [a244ca18-c11c-4d0a-90eb-25184f5cc6ca] Fail to connect server, after trying 168 times, last try server is {serverIp = '192.168.10.101', server main port = 8848}, error = unknown
17-21-27-680 ERROR 3240 --- [com.alibaba.nacos.client.naming.updater.0] com.alibaba.nacos.common.remote.client   : Send request fail, request = ServiceQueryRequest{headers={app=unknown}, requestId='null'}, retryTimes = 0, errorMessage = Client not connected, current status:UNHEALTHY
17-21-27-789 ERROR 3240 --- [com.alibaba.nacos.client.naming.updater.0] com.alibaba.nacos.common.remote.client   : Send request fail, request = ServiceQueryRequest{headers={app=unknown}, requestId='null'}, retryTimes = 1, errorMessage = Client not connected, current status:UNHEALTHY
17-21-27-897 ERROR 3240 --- [com.alibaba.nacos.client.naming.updater.0] com.alibaba.nacos.common.remote.client   : Send request fail, request = ServiceQueryRequest{headers={app=unknown}, requestId='null'}, retryTimes = 2, errorMessage = Client not connected, current status:UNHEALTHY
17-21-29-266 ERROR 3240 --- [com.alibaba.nacos.client.remote.worker] c.a.n.c.remote.client.grpc.GrpcClient    : Server check fail, please check server 192.168.10.101 ,port 9848 is available , error ={}

java.util.concurrent.TimeoutException: Waited 3000 milliseconds (plus 15 milliseconds, 642900 nanoseconds delay) for com.alibaba.nacos.shaded.io.grpc.stub.ClientCalls$GrpcFuture@48e32afe[status=PENDING, info=[GrpcFuture{clientCall={delegate={delegate=ClientCallImpl{method=MethodDescriptor{fullMethodName=Request/request, type=UNARY, idempotent=false, safe=false, sampledToLocalTracing=true, requestMarshaller=com.alibaba.nacos.shaded.io.grpc.protobuf.lite.ProtoLiteUtils$MessageMarshaller@24e11377, responseMarshaller=com.alibaba.nacos.shaded.io.grpc.protobuf.lite.ProtoLiteUtils$MessageMarshaller@424f5fa2, schemaDescriptor=com.alibaba.nacos.api.grpc.auto.RequestGrpc$RequestMethodDescriptorSupplier@56847fbc}}}}}]]
	at com.alibaba.nacos.shaded.com.google.common.util.concurrent.AbstractFuture.get(AbstractFuture.java:508) ~[nacos-client-2.0.4.jar:na]
	at com.alibaba.nacos.common.remote.client.grpc.GrpcClient.serverCheck(GrpcClient.java:148) ~[nacos-client-2.0.4.jar:na]
	at com.alibaba.nacos.common.remote.client.grpc.GrpcClient.connectToServer(GrpcClient.java:264) ~[nacos-client-2.0.4.jar:na]
	at com.alibaba.nacos.common.remote.client.RpcClient.reconnect(RpcClient.java:522) ~[nacos-client-2.0.4.jar:na]
	at com.alibaba.nacos.common.remote.client.RpcClient.lambda$start$2(RpcClient.java:370) ~[nacos-client-2.0.4.jar:na]
	at java.base/java.util.concurrent.Executors$RunnableAdapter.call(Executors.java:515) ~[na:na]
	at java.base/java.util.concurrent.FutureTask.run(FutureTask.java:264) ~[na:na]
	at java.base/java.util.concurrent.ScheduledThreadPoolExecutor$ScheduledFutureTask.run(ScheduledThreadPoolExecutor.java:304) ~[na:na]
	at java.base/java.util.concurrent.ThreadPoolExecutor.runWorker(ThreadPoolExecutor.java:1128) ~[na:na]
	at java.base/java.util.concurrent.ThreadPoolExecutor$Worker.run(ThreadPoolExecutor.java:628) ~[na:na]
	at java.base/java.lang.Thread.run(Thread.java:834) ~[na:na]

17-21-29-267  INFO 3240 --- [com.alibaba.nacos.client.remote.worker] com.alibaba.nacos.common.remote.client   : [a244ca18-c11c-4d0a-90eb-25184f5cc6ca] Fail to connect server, after trying 169 times, last try server is {serverIp = '192.168.10.101', server main port = 8848}, error = unknown
17-21-37-294 ERROR 3240 --- [com.alibaba.nacos.client.remote.worker] c.a.n.c.remote.client.grpc.GrpcClient    : Server check fail, please check server 192.168.10.101 ,port 9848 is available , error ={}

java.util.concurrent.TimeoutException: Waited 3000 milliseconds (plus 12 milliseconds, 216100 nanoseconds delay) for com.alibaba.nacos.shaded.io.grpc.stub.ClientCalls$GrpcFuture@76729f89[status=PENDING, info=[GrpcFuture{clientCall={delegate={delegate=ClientCallImpl{method=MethodDescriptor{fullMethodName=Request/request, type=UNARY, idempotent=false, safe=false, sampledToLocalTracing=true, requestMarshaller=com.alibaba.nacos.shaded.io.grpc.protobuf.lite.ProtoLiteUtils$MessageMarshaller@24e11377, responseMarshaller=com.alibaba.nacos.shaded.io.grpc.protobuf.lite.ProtoLiteUtils$MessageMarshaller@424f5fa2, schemaDescriptor=com.alibaba.nacos.api.grpc.auto.RequestGrpc$RequestMethodDescriptorSupplier@56847fbc}}}}}]]
	at com.alibaba.nacos.shaded.com.google.common.util.concurrent.AbstractFuture.get(AbstractFuture.java:508) ~[nacos-client-2.0.4.jar:na]
	at com.alibaba.nacos.common.remote.client.grpc.GrpcClient.serverCheck(GrpcClient.java:148) ~[nacos-client-2.0.4.jar:na]
	at com.alibaba.nacos.common.remote.client.grpc.GrpcClient.connectToServer(GrpcClient.java:264) ~[nacos-client-2.0.4.jar:na]
	at com.alibaba.nacos.common.remote.client.RpcClient.reconnect(RpcClient.java:522) ~[nacos-client-2.0.4.jar:na]
	at com.alibaba.nacos.common.remote.client.RpcClient.lambda$start$2(RpcClient.java:370) ~[nacos-client-2.0.4.jar:na]
	at java.base/java.util.concurrent.Executors$RunnableAdapter.call(Executors.java:515) ~[na:na]
	at java.base/java.util.concurrent.FutureTask.run(FutureTask.java:264) ~[na:na]
	at java.base/java.util.concurrent.ScheduledThreadPoolExecutor$ScheduledFutureTask.run(ScheduledThreadPoolExecutor.java:304) ~[na:na]
	at java.base/java.util.concurrent.ThreadPoolExecutor.runWorker(ThreadPoolExecutor.java:1128) ~[na:na]
	at java.base/java.util.concurrent.ThreadPoolExecutor$Worker.run(ThreadPoolExecutor.java:628) ~[na:na]
	at java.base/java.lang.Thread.run(Thread.java:834) ~[na:na]

17-21-37-295  INFO 3240 --- [com.alibaba.nacos.client.remote.worker] com.alibaba.nacos.common.remote.client   : [a244ca18-c11c-4d0a-90eb-25184f5cc6ca] Fail to connect server, after trying 170 times, last try server is {serverIp = '192.168.10.101', server main port = 8848}, error = unknown
17-21-45-326 ERROR 3240 --- [com.alibaba.nacos.client.remote.worker] c.a.n.c.remote.client.grpc.GrpcClient    : Server check fail, please check server 192.168.10.101 ,port 9848 is available , error ={}

java.util.concurrent.TimeoutException: Waited 3000 milliseconds (plus 14 milliseconds, 695700 nanoseconds delay) for com.alibaba.nacos.shaded.io.grpc.stub.ClientCalls$GrpcFuture@7f2140ec[status=PENDING, info=[GrpcFuture{clientCall={delegate={delegate=ClientCallImpl{method=MethodDescriptor{fullMethodName=Request/request, type=UNARY, idempotent=false, safe=false, sampledToLocalTracing=true, requestMarshaller=com.alibaba.nacos.shaded.io.grpc.protobuf.lite.ProtoLiteUtils$MessageMarshaller@24e11377, responseMarshaller=com.alibaba.nacos.shaded.io.grpc.protobuf.lite.ProtoLiteUtils$MessageMarshaller@424f5fa2, schemaDescriptor=com.alibaba.nacos.api.grpc.auto.RequestGrpc$RequestMethodDescriptorSupplier@56847fbc}}}}}]]
	at com.alibaba.nacos.shaded.com.google.common.util.concurrent.AbstractFuture.get(AbstractFuture.java:508) ~[nacos-client-2.0.4.jar:na]
	at com.alibaba.nacos.common.remote.client.grpc.GrpcClient.serverCheck(GrpcClient.java:148) ~[nacos-client-2.0.4.jar:na]
	at com.alibaba.nacos.common.remote.client.grpc.GrpcClient.connectToServer(GrpcClient.java:264) ~[nacos-client-2.0.4.jar:na]
	at com.alibaba.nacos.common.remote.client.RpcClient.reconnect(RpcClient.java:522) ~[nacos-client-2.0.4.jar:na]
	at com.alibaba.nacos.common.remote.client.RpcClient.lambda$start$2(RpcClient.java:370) ~[nacos-client-2.0.4.jar:na]
	at java.base/java.util.concurrent.Executors$RunnableAdapter.call(Executors.java:515) ~[na:na]
	at java.base/java.util.concurrent.FutureTask.run(FutureTask.java:264) ~[na:na]
	at java.base/java.util.concurrent.ScheduledThreadPoolExecutor$ScheduledFutureTask.run(ScheduledThreadPoolExecutor.java:304) ~[na:na]
	at java.base/java.util.concurrent.ThreadPoolExecutor.runWorker(ThreadPoolExecutor.java:1128) ~[na:na]
	at java.base/java.util.concurrent.ThreadPoolExecutor$Worker.run(ThreadPoolExecutor.java:628) ~[na:na]
	at java.base/java.lang.Thread.run(Thread.java:834) ~[na:na]

17-21-45-327  INFO 3240 --- [com.alibaba.nacos.client.remote.worker] com.alibaba.nacos.common.remote.client   : [a244ca18-c11c-4d0a-90eb-25184f5cc6ca] Fail to connect server, after trying 171 times, last try server is {serverIp = '192.168.10.101', server main port = 8848}, error = unknown
17-21-53-329 ERROR 3240 --- [com.alibaba.nacos.client.remote.worker] c.a.n.c.remote.client.grpc.GrpcClient    : Server check fail, please check server 192.168.10.101 ,port 9848 is available , error ={}

java.util.concurrent.TimeoutException: Waited 3000 milliseconds (plus 613700 nanoseconds delay) for com.alibaba.nacos.shaded.io.grpc.stub.ClientCalls$GrpcFuture@287780f2[status=PENDING, info=[GrpcFuture{clientCall={delegate={delegate=ClientCallImpl{method=MethodDescriptor{fullMethodName=Request/request, type=UNARY, idempotent=false, safe=false, sampledToLocalTracing=true, requestMarshaller=com.alibaba.nacos.shaded.io.grpc.protobuf.lite.ProtoLiteUtils$MessageMarshaller@24e11377, responseMarshaller=com.alibaba.nacos.shaded.io.grpc.protobuf.lite.ProtoLiteUtils$MessageMarshaller@424f5fa2, schemaDescriptor=com.alibaba.nacos.api.grpc.auto.RequestGrpc$RequestMethodDescriptorSupplier@56847fbc}}}}}]]
	at com.alibaba.nacos.shaded.com.google.common.util.concurrent.AbstractFuture.get(AbstractFuture.java:508) ~[nacos-client-2.0.4.jar:na]
	at com.alibaba.nacos.common.remote.client.grpc.GrpcClient.serverCheck(GrpcClient.java:148) ~[nacos-client-2.0.4.jar:na]
	at com.alibaba.nacos.common.remote.client.grpc.GrpcClient.connectToServer(GrpcClient.java:264) ~[nacos-client-2.0.4.jar:na]
	at com.alibaba.nacos.common.remote.client.RpcClient.reconnect(RpcClient.java:522) ~[nacos-client-2.0.4.jar:na]
	at com.alibaba.nacos.common.remote.client.RpcClient.lambda$start$2(RpcClient.java:370) ~[nacos-client-2.0.4.jar:na]
	at java.base/java.util.concurrent.Executors$RunnableAdapter.call(Executors.java:515) ~[na:na]
	at java.base/java.util.concurrent.FutureTask.run(FutureTask.java:264) ~[na:na]
	at java.base/java.util.concurrent.ScheduledThreadPoolExecutor$ScheduledFutureTask.run(ScheduledThreadPoolExecutor.java:304) ~[na:na]
	at java.base/java.util.concurrent.ThreadPoolExecutor.runWorker(ThreadPoolExecutor.java:1128) ~[na:na]
	at java.base/java.util.concurrent.ThreadPoolExecutor$Worker.run(ThreadPoolExecutor.java:628) ~[na:na]
	at java.base/java.lang.Thread.run(Thread.java:834) ~[na:na]

17-21-53-330  INFO 3240 --- [com.alibaba.nacos.client.remote.worker] com.alibaba.nacos.common.remote.client   : [a244ca18-c11c-4d0a-90eb-25184f5cc6ca] Fail to connect server, after trying 172 times, last try server is {serverIp = '192.168.10.101', server main port = 8848}, error = unknown
17-22-01-339 ERROR 3240 --- [com.alibaba.nacos.client.remote.worker] c.a.n.c.remote.client.grpc.GrpcClient    : Server check fail, please check server 192.168.10.101 ,port 9848 is available , error ={}

java.util.concurrent.TimeoutException: Waited 3000 milliseconds (plus 2 milliseconds, 504900 nanoseconds delay) for com.alibaba.nacos.shaded.io.grpc.stub.ClientCalls$GrpcFuture@3c2b9ce5[status=PENDING, info=[GrpcFuture{clientCall={delegate={delegate=ClientCallImpl{method=MethodDescriptor{fullMethodName=Request/request, type=UNARY, idempotent=false, safe=false, sampledToLocalTracing=true, requestMarshaller=com.alibaba.nacos.shaded.io.grpc.protobuf.lite.ProtoLiteUtils$MessageMarshaller@24e11377, responseMarshaller=com.alibaba.nacos.shaded.io.grpc.protobuf.lite.ProtoLiteUtils$MessageMarshaller@424f5fa2, schemaDescriptor=com.alibaba.nacos.api.grpc.auto.RequestGrpc$RequestMethodDescriptorSupplier@56847fbc}}}}}]]
	at com.alibaba.nacos.shaded.com.google.common.util.concurrent.AbstractFuture.get(AbstractFuture.java:508) ~[nacos-client-2.0.4.jar:na]
	at com.alibaba.nacos.common.remote.client.grpc.GrpcClient.serverCheck(GrpcClient.java:148) ~[nacos-client-2.0.4.jar:na]
	at com.alibaba.nacos.common.remote.client.grpc.GrpcClient.connectToServer(GrpcClient.java:264) ~[nacos-client-2.0.4.jar:na]
	at com.alibaba.nacos.common.remote.client.RpcClient.reconnect(RpcClient.java:522) ~[nacos-client-2.0.4.jar:na]
	at com.alibaba.nacos.common.remote.client.RpcClient.lambda$start$2(RpcClient.java:370) ~[nacos-client-2.0.4.jar:na]
	at java.base/java.util.concurrent.Executors$RunnableAdapter.call(Executors.java:515) ~[na:na]
	at java.base/java.util.concurrent.FutureTask.run(FutureTask.java:264) ~[na:na]
	at java.base/java.util.concurrent.ScheduledThreadPoolExecutor$ScheduledFutureTask.run(ScheduledThreadPoolExecutor.java:304) ~[na:na]
	at java.base/java.util.concurrent.ThreadPoolExecutor.runWorker(ThreadPoolExecutor.java:1128) ~[na:na]
	at java.base/java.util.concurrent.ThreadPoolExecutor$Worker.run(ThreadPoolExecutor.java:628) ~[na:na]
	at java.base/java.lang.Thread.run(Thread.java:834) ~[na:na]

17-22-01-340  INFO 3240 --- [com.alibaba.nacos.client.remote.worker] com.alibaba.nacos.common.remote.client   : [a244ca18-c11c-4d0a-90eb-25184f5cc6ca] Fail to connect server, after trying 173 times, last try server is {serverIp = '192.168.10.101', server main port = 8848}, error = unknown
17-22-09-367 ERROR 3240 --- [com.alibaba.nacos.client.remote.worker] c.a.n.c.remote.client.grpc.GrpcClient    : Server check fail, please check server 192.168.10.101 ,port 9848 is available , error ={}

java.util.concurrent.TimeoutException: Waited 3000 milliseconds (plus 14 milliseconds, 197400 nanoseconds delay) for com.alibaba.nacos.shaded.io.grpc.stub.ClientCalls$GrpcFuture@5b8b336d[status=PENDING, info=[GrpcFuture{clientCall={delegate={delegate=ClientCallImpl{method=MethodDescriptor{fullMethodName=Request/request, type=UNARY, idempotent=false, safe=false, sampledToLocalTracing=true, requestMarshaller=com.alibaba.nacos.shaded.io.grpc.protobuf.lite.ProtoLiteUtils$MessageMarshaller@24e11377, responseMarshaller=com.alibaba.nacos.shaded.io.grpc.protobuf.lite.ProtoLiteUtils$MessageMarshaller@424f5fa2, schemaDescriptor=com.alibaba.nacos.api.grpc.auto.RequestGrpc$RequestMethodDescriptorSupplier@56847fbc}}}}}]]
	at com.alibaba.nacos.shaded.com.google.common.util.concurrent.AbstractFuture.get(AbstractFuture.java:508) ~[nacos-client-2.0.4.jar:na]
	at com.alibaba.nacos.common.remote.client.grpc.GrpcClient.serverCheck(GrpcClient.java:148) ~[nacos-client-2.0.4.jar:na]
	at com.alibaba.nacos.common.remote.client.grpc.GrpcClient.connectToServer(GrpcClient.java:264) ~[nacos-client-2.0.4.jar:na]
	at com.alibaba.nacos.common.remote.client.RpcClient.reconnect(RpcClient.java:522) ~[nacos-client-2.0.4.jar:na]
	at com.alibaba.nacos.common.remote.client.RpcClient.lambda$start$2(RpcClient.java:370) ~[nacos-client-2.0.4.jar:na]
	at java.base/java.util.concurrent.Executors$RunnableAdapter.call(Executors.java:515) ~[na:na]
	at java.base/java.util.concurrent.FutureTask.run(FutureTask.java:264) ~[na:na]
	at java.base/java.util.concurrent.ScheduledThreadPoolExecutor$ScheduledFutureTask.run(ScheduledThreadPoolExecutor.java:304) ~[na:na]
	at java.base/java.util.concurrent.ThreadPoolExecutor.runWorker(ThreadPoolExecutor.java:1128) ~[na:na]
	at java.base/java.util.concurrent.ThreadPoolExecutor$Worker.run(ThreadPoolExecutor.java:628) ~[na:na]
	at java.base/java.lang.Thread.run(Thread.java:834) ~[na:na]

17-22-09-367  INFO 3240 --- [com.alibaba.nacos.client.remote.worker] com.alibaba.nacos.common.remote.client   : [a244ca18-c11c-4d0a-90eb-25184f5cc6ca] Fail to connect server, after trying 174 times, last try server is {serverIp = '192.168.10.101', server main port = 8848}, error = unknown
17-22-17-381 ERROR 3240 --- [com.alibaba.nacos.client.remote.worker] c.a.n.c.remote.client.grpc.GrpcClient    : Server check fail, please check server 192.168.10.101 ,port 9848 is available , error ={}

java.util.concurrent.TimeoutException: Waited 3000 milliseconds (plus 3 milliseconds, 79800 nanoseconds delay) for com.alibaba.nacos.shaded.io.grpc.stub.ClientCalls$GrpcFuture@20cc5d02[status=PENDING, info=[GrpcFuture{clientCall={delegate={delegate=ClientCallImpl{method=MethodDescriptor{fullMethodName=Request/request, type=UNARY, idempotent=false, safe=false, sampledToLocalTracing=true, requestMarshaller=com.alibaba.nacos.shaded.io.grpc.protobuf.lite.ProtoLiteUtils$MessageMarshaller@24e11377, responseMarshaller=com.alibaba.nacos.shaded.io.grpc.protobuf.lite.ProtoLiteUtils$MessageMarshaller@424f5fa2, schemaDescriptor=com.alibaba.nacos.api.grpc.auto.RequestGrpc$RequestMethodDescriptorSupplier@56847fbc}}}}}]]
	at com.alibaba.nacos.shaded.com.google.common.util.concurrent.AbstractFuture.get(AbstractFuture.java:508) ~[nacos-client-2.0.4.jar:na]
	at com.alibaba.nacos.common.remote.client.grpc.GrpcClient.serverCheck(GrpcClient.java:148) ~[nacos-client-2.0.4.jar:na]
	at com.alibaba.nacos.common.remote.client.grpc.GrpcClient.connectToServer(GrpcClient.java:264) ~[nacos-client-2.0.4.jar:na]
	at com.alibaba.nacos.common.remote.client.RpcClient.reconnect(RpcClient.java:522) ~[nacos-client-2.0.4.jar:na]
	at com.alibaba.nacos.common.remote.client.RpcClient.lambda$start$2(RpcClient.java:370) ~[nacos-client-2.0.4.jar:na]
	at java.base/java.util.concurrent.Executors$RunnableAdapter.call(Executors.java:515) ~[na:na]
	at java.base/java.util.concurrent.FutureTask.run(FutureTask.java:264) ~[na:na]
	at java.base/java.util.concurrent.ScheduledThreadPoolExecutor$ScheduledFutureTask.run(ScheduledThreadPoolExecutor.java:304) ~[na:na]
	at java.base/java.util.concurrent.ThreadPoolExecutor.runWorker(ThreadPoolExecutor.java:1128) ~[na:na]
	at java.base/java.util.concurrent.ThreadPoolExecutor$Worker.run(ThreadPoolExecutor.java:628) ~[na:na]
	at java.base/java.lang.Thread.run(Thread.java:834) ~[na:na]

17-22-17-382  INFO 3240 --- [com.alibaba.nacos.client.remote.worker] com.alibaba.nacos.common.remote.client   : [a244ca18-c11c-4d0a-90eb-25184f5cc6ca] Fail to connect server, after trying 175 times, last try server is {serverIp = '192.168.10.101', server main port = 8848}, error = unknown
17-22-25-408 ERROR 3240 --- [com.alibaba.nacos.client.remote.worker] c.a.n.c.remote.client.grpc.GrpcClient    : Server check fail, please check server 192.168.10.101 ,port 9848 is available , error ={}

java.util.concurrent.TimeoutException: Waited 3000 milliseconds (plus 12 milliseconds delay) for com.alibaba.nacos.shaded.io.grpc.stub.ClientCalls$GrpcFuture@4f86ba51[status=PENDING, info=[GrpcFuture{clientCall={delegate={delegate=ClientCallImpl{method=MethodDescriptor{fullMethodName=Request/request, type=UNARY, idempotent=false, safe=false, sampledToLocalTracing=true, requestMarshaller=com.alibaba.nacos.shaded.io.grpc.protobuf.lite.ProtoLiteUtils$MessageMarshaller@24e11377, responseMarshaller=com.alibaba.nacos.shaded.io.grpc.protobuf.lite.ProtoLiteUtils$MessageMarshaller@424f5fa2, schemaDescriptor=com.alibaba.nacos.api.grpc.auto.RequestGrpc$RequestMethodDescriptorSupplier@56847fbc}}}}}]]
	at com.alibaba.nacos.shaded.com.google.common.util.concurrent.AbstractFuture.get(AbstractFuture.java:508) ~[nacos-client-2.0.4.jar:na]
	at com.alibaba.nacos.common.remote.client.grpc.GrpcClient.serverCheck(GrpcClient.java:148) ~[nacos-client-2.0.4.jar:na]
	at com.alibaba.nacos.common.remote.client.grpc.GrpcClient.connectToServer(GrpcClient.java:264) ~[nacos-client-2.0.4.jar:na]
	at com.alibaba.nacos.common.remote.client.RpcClient.reconnect(RpcClient.java:522) ~[nacos-client-2.0.4.jar:na]
	at com.alibaba.nacos.common.remote.client.RpcClient.lambda$start$2(RpcClient.java:370) ~[nacos-client-2.0.4.jar:na]
	at java.base/java.util.concurrent.Executors$RunnableAdapter.call(Executors.java:515) ~[na:na]
	at java.base/java.util.concurrent.FutureTask.run(FutureTask.java:264) ~[na:na]
	at java.base/java.util.concurrent.ScheduledThreadPoolExecutor$ScheduledFutureTask.run(ScheduledThreadPoolExecutor.java:304) ~[na:na]
	at java.base/java.util.concurrent.ThreadPoolExecutor.runWorker(ThreadPoolExecutor.java:1128) ~[na:na]
	at java.base/java.util.concurrent.ThreadPoolExecutor$Worker.run(ThreadPoolExecutor.java:628) ~[na:na]
	at java.base/java.lang.Thread.run(Thread.java:834) ~[na:na]

17-22-25-410  INFO 3240 --- [com.alibaba.nacos.client.remote.worker] com.alibaba.nacos.common.remote.client   : [a244ca18-c11c-4d0a-90eb-25184f5cc6ca] Fail to connect server, after trying 176 times, last try server is {serverIp = '192.168.10.101', server main port = 8848}, error = unknown
17-22-28-010 ERROR 3240 --- [com.alibaba.nacos.client.naming.updater.0] com.alibaba.nacos.common.remote.client   : Send request fail, request = ServiceQueryRequest{headers={app=unknown}, requestId='null'}, retryTimes = 0, errorMessage = Client not connected, current status:UNHEALTHY
17-22-28-117 ERROR 3240 --- [com.alibaba.nacos.client.naming.updater.0] com.alibaba.nacos.common.remote.client   : Send request fail, request = ServiceQueryRequest{headers={app=unknown}, requestId='null'}, retryTimes = 1, errorMessage = Client not connected, current status:UNHEALTHY
17-22-28-224 ERROR 3240 --- [com.alibaba.nacos.client.naming.updater.0] com.alibaba.nacos.common.remote.client   : Send request fail, request = ServiceQueryRequest{headers={app=unknown}, requestId='null'}, retryTimes = 2, errorMessage = Client not connected, current status:UNHEALTHY
17-22-33-415 ERROR 3240 --- [com.alibaba.nacos.client.remote.worker] c.a.n.c.remote.client.grpc.GrpcClient    : Server check fail, please check server 192.168.10.101 ,port 9848 is available , error ={}

java.util.concurrent.TimeoutException: Waited 3000 milliseconds (plus 1 milliseconds, 476900 nanoseconds delay) for com.alibaba.nacos.shaded.io.grpc.stub.ClientCalls$GrpcFuture@79ffeaa3[status=PENDING, info=[GrpcFuture{clientCall={delegate={delegate=ClientCallImpl{method=MethodDescriptor{fullMethodName=Request/request, type=UNARY, idempotent=false, safe=false, sampledToLocalTracing=true, requestMarshaller=com.alibaba.nacos.shaded.io.grpc.protobuf.lite.ProtoLiteUtils$MessageMarshaller@24e11377, responseMarshaller=com.alibaba.nacos.shaded.io.grpc.protobuf.lite.ProtoLiteUtils$MessageMarshaller@424f5fa2, schemaDescriptor=com.alibaba.nacos.api.grpc.auto.RequestGrpc$RequestMethodDescriptorSupplier@56847fbc}}}}}]]
	at com.alibaba.nacos.shaded.com.google.common.util.concurrent.AbstractFuture.get(AbstractFuture.java:508) ~[nacos-client-2.0.4.jar:na]
	at com.alibaba.nacos.common.remote.client.grpc.GrpcClient.serverCheck(GrpcClient.java:148) ~[nacos-client-2.0.4.jar:na]
	at com.alibaba.nacos.common.remote.client.grpc.GrpcClient.connectToServer(GrpcClient.java:264) ~[nacos-client-2.0.4.jar:na]
	at com.alibaba.nacos.common.remote.client.RpcClient.reconnect(RpcClient.java:522) ~[nacos-client-2.0.4.jar:na]
	at com.alibaba.nacos.common.remote.client.RpcClient.lambda$start$2(RpcClient.java:370) ~[nacos-client-2.0.4.jar:na]
	at java.base/java.util.concurrent.Executors$RunnableAdapter.call(Executors.java:515) ~[na:na]
	at java.base/java.util.concurrent.FutureTask.run(FutureTask.java:264) ~[na:na]
	at java.base/java.util.concurrent.ScheduledThreadPoolExecutor$ScheduledFutureTask.run(ScheduledThreadPoolExecutor.java:304) ~[na:na]
	at java.base/java.util.concurrent.ThreadPoolExecutor.runWorker(ThreadPoolExecutor.java:1128) ~[na:na]
	at java.base/java.util.concurrent.ThreadPoolExecutor$Worker.run(ThreadPoolExecutor.java:628) ~[na:na]
	at java.base/java.lang.Thread.run(Thread.java:834) ~[na:na]

17-22-33-417  INFO 3240 --- [com.alibaba.nacos.client.remote.worker] com.alibaba.nacos.common.remote.client   : [a244ca18-c11c-4d0a-90eb-25184f5cc6ca] Fail to connect server, after trying 177 times, last try server is {serverIp = '192.168.10.101', server main port = 8848}, error = unknown
17-22-41-437 ERROR 3240 --- [com.alibaba.nacos.client.remote.worker] c.a.n.c.remote.client.grpc.GrpcClient    : Server check fail, please check server 192.168.10.101 ,port 9848 is available , error ={}

java.util.concurrent.TimeoutException: Waited 3000 milliseconds (plus 15 milliseconds, 574100 nanoseconds delay) for com.alibaba.nacos.shaded.io.grpc.stub.ClientCalls$GrpcFuture@3aae6c44[status=PENDING, info=[GrpcFuture{clientCall={delegate={delegate=ClientCallImpl{method=MethodDescriptor{fullMethodName=Request/request, type=UNARY, idempotent=false, safe=false, sampledToLocalTracing=true, requestMarshaller=com.alibaba.nacos.shaded.io.grpc.protobuf.lite.ProtoLiteUtils$MessageMarshaller@24e11377, responseMarshaller=com.alibaba.nacos.shaded.io.grpc.protobuf.lite.ProtoLiteUtils$MessageMarshaller@424f5fa2, schemaDescriptor=com.alibaba.nacos.api.grpc.auto.RequestGrpc$RequestMethodDescriptorSupplier@56847fbc}}}}}]]
	at com.alibaba.nacos.shaded.com.google.common.util.concurrent.AbstractFuture.get(AbstractFuture.java:508) ~[nacos-client-2.0.4.jar:na]
	at com.alibaba.nacos.common.remote.client.grpc.GrpcClient.serverCheck(GrpcClient.java:148) ~[nacos-client-2.0.4.jar:na]
	at com.alibaba.nacos.common.remote.client.grpc.GrpcClient.connectToServer(GrpcClient.java:264) ~[nacos-client-2.0.4.jar:na]
	at com.alibaba.nacos.common.remote.client.RpcClient.reconnect(RpcClient.java:522) ~[nacos-client-2.0.4.jar:na]
	at com.alibaba.nacos.common.remote.client.RpcClient.lambda$start$2(RpcClient.java:370) ~[nacos-client-2.0.4.jar:na]
	at java.base/java.util.concurrent.Executors$RunnableAdapter.call(Executors.java:515) ~[na:na]
	at java.base/java.util.concurrent.FutureTask.run(FutureTask.java:264) ~[na:na]
	at java.base/java.util.concurrent.ScheduledThreadPoolExecutor$ScheduledFutureTask.run(ScheduledThreadPoolExecutor.java:304) ~[na:na]
	at java.base/java.util.concurrent.ThreadPoolExecutor.runWorker(ThreadPoolExecutor.java:1128) ~[na:na]
	at java.base/java.util.concurrent.ThreadPoolExecutor$Worker.run(ThreadPoolExecutor.java:628) ~[na:na]
	at java.base/java.lang.Thread.run(Thread.java:834) ~[na:na]

17-22-41-437  INFO 3240 --- [com.alibaba.nacos.client.remote.worker] com.alibaba.nacos.common.remote.client   : [a244ca18-c11c-4d0a-90eb-25184f5cc6ca] Fail to connect server, after trying 178 times, last try server is {serverIp = '192.168.10.101', server main port = 8848}, error = unknown
17-22-49-463 ERROR 3240 --- [com.alibaba.nacos.client.remote.worker] c.a.n.c.remote.client.grpc.GrpcClient    : Server check fail, please check server 192.168.10.101 ,port 9848 is available , error ={}

java.util.concurrent.TimeoutException: Waited 3000 milliseconds (plus 12 milliseconds, 987600 nanoseconds delay) for com.alibaba.nacos.shaded.io.grpc.stub.ClientCalls$GrpcFuture@14f862cd[status=PENDING, info=[GrpcFuture{clientCall={delegate={delegate=ClientCallImpl{method=MethodDescriptor{fullMethodName=Request/request, type=UNARY, idempotent=false, safe=false, sampledToLocalTracing=true, requestMarshaller=com.alibaba.nacos.shaded.io.grpc.protobuf.lite.ProtoLiteUtils$MessageMarshaller@24e11377, responseMarshaller=com.alibaba.nacos.shaded.io.grpc.protobuf.lite.ProtoLiteUtils$MessageMarshaller@424f5fa2, schemaDescriptor=com.alibaba.nacos.api.grpc.auto.RequestGrpc$RequestMethodDescriptorSupplier@56847fbc}}}}}]]
	at com.alibaba.nacos.shaded.com.google.common.util.concurrent.AbstractFuture.get(AbstractFuture.java:508) ~[nacos-client-2.0.4.jar:na]
	at com.alibaba.nacos.common.remote.client.grpc.GrpcClient.serverCheck(GrpcClient.java:148) ~[nacos-client-2.0.4.jar:na]
	at com.alibaba.nacos.common.remote.client.grpc.GrpcClient.connectToServer(GrpcClient.java:264) ~[nacos-client-2.0.4.jar:na]
	at com.alibaba.nacos.common.remote.client.RpcClient.reconnect(RpcClient.java:522) ~[nacos-client-2.0.4.jar:na]
	at com.alibaba.nacos.common.remote.client.RpcClient.lambda$start$2(RpcClient.java:370) ~[nacos-client-2.0.4.jar:na]
	at java.base/java.util.concurrent.Executors$RunnableAdapter.call(Executors.java:515) ~[na:na]
	at java.base/java.util.concurrent.FutureTask.run(FutureTask.java:264) ~[na:na]
	at java.base/java.util.concurrent.ScheduledThreadPoolExecutor$ScheduledFutureTask.run(ScheduledThreadPoolExecutor.java:304) ~[na:na]
	at java.base/java.util.concurrent.ThreadPoolExecutor.runWorker(ThreadPoolExecutor.java:1128) ~[na:na]
	at java.base/java.util.concurrent.ThreadPoolExecutor$Worker.run(ThreadPoolExecutor.java:628) ~[na:na]
	at java.base/java.lang.Thread.run(Thread.java:834) ~[na:na]

17-22-49-465  INFO 3240 --- [com.alibaba.nacos.client.remote.worker] com.alibaba.nacos.common.remote.client   : [a244ca18-c11c-4d0a-90eb-25184f5cc6ca] Fail to connect server, after trying 179 times, last try server is {serverIp = '192.168.10.101', server main port = 8848}, error = unknown
17-22-57-492 ERROR 3240 --- [com.alibaba.nacos.client.remote.worker] c.a.n.c.remote.client.grpc.GrpcClient    : Server check fail, please check server 192.168.10.101 ,port 9848 is available , error ={}

java.util.concurrent.TimeoutException: Waited 3000 milliseconds (plus 12 milliseconds, 928300 nanoseconds delay) for com.alibaba.nacos.shaded.io.grpc.stub.ClientCalls$GrpcFuture@23c74887[status=PENDING, info=[GrpcFuture{clientCall={delegate={delegate=ClientCallImpl{method=MethodDescriptor{fullMethodName=Request/request, type=UNARY, idempotent=false, safe=false, sampledToLocalTracing=true, requestMarshaller=com.alibaba.nacos.shaded.io.grpc.protobuf.lite.ProtoLiteUtils$MessageMarshaller@24e11377, responseMarshaller=com.alibaba.nacos.shaded.io.grpc.protobuf.lite.ProtoLiteUtils$MessageMarshaller@424f5fa2, schemaDescriptor=com.alibaba.nacos.api.grpc.auto.RequestGrpc$RequestMethodDescriptorSupplier@56847fbc}}}}}]]
	at com.alibaba.nacos.shaded.com.google.common.util.concurrent.AbstractFuture.get(AbstractFuture.java:508) ~[nacos-client-2.0.4.jar:na]
	at com.alibaba.nacos.common.remote.client.grpc.GrpcClient.serverCheck(GrpcClient.java:148) ~[nacos-client-2.0.4.jar:na]
	at com.alibaba.nacos.common.remote.client.grpc.GrpcClient.connectToServer(GrpcClient.java:264) ~[nacos-client-2.0.4.jar:na]
	at com.alibaba.nacos.common.remote.client.RpcClient.reconnect(RpcClient.java:522) ~[nacos-client-2.0.4.jar:na]
	at com.alibaba.nacos.common.remote.client.RpcClient.lambda$start$2(RpcClient.java:370) ~[nacos-client-2.0.4.jar:na]
	at java.base/java.util.concurrent.Executors$RunnableAdapter.call(Executors.java:515) ~[na:na]
	at java.base/java.util.concurrent.FutureTask.run(FutureTask.java:264) ~[na:na]
	at java.base/java.util.concurrent.ScheduledThreadPoolExecutor$ScheduledFutureTask.run(ScheduledThreadPoolExecutor.java:304) ~[na:na]
	at java.base/java.util.concurrent.ThreadPoolExecutor.runWorker(ThreadPoolExecutor.java:1128) ~[na:na]
	at java.base/java.util.concurrent.ThreadPoolExecutor$Worker.run(ThreadPoolExecutor.java:628) ~[na:na]
	at java.base/java.lang.Thread.run(Thread.java:834) ~[na:na]

17-22-57-493  INFO 3240 --- [com.alibaba.nacos.client.remote.worker] com.alibaba.nacos.common.remote.client   : [a244ca18-c11c-4d0a-90eb-25184f5cc6ca] Fail to connect server, after trying 180 times, last try server is {serverIp = '192.168.10.101', server main port = 8848}, error = unknown
17-23-05-504 ERROR 3240 --- [com.alibaba.nacos.client.remote.worker] c.a.n.c.remote.client.grpc.GrpcClient    : Server check fail, please check server 192.168.10.101 ,port 9848 is available , error ={}

java.util.concurrent.TimeoutException: Waited 3000 milliseconds (plus 1 milliseconds, 147300 nanoseconds delay) for com.alibaba.nacos.shaded.io.grpc.stub.ClientCalls$GrpcFuture@37409048[status=PENDING, info=[GrpcFuture{clientCall={delegate={delegate=ClientCallImpl{method=MethodDescriptor{fullMethodName=Request/request, type=UNARY, idempotent=false, safe=false, sampledToLocalTracing=true, requestMarshaller=com.alibaba.nacos.shaded.io.grpc.protobuf.lite.ProtoLiteUtils$MessageMarshaller@24e11377, responseMarshaller=com.alibaba.nacos.shaded.io.grpc.protobuf.lite.ProtoLiteUtils$MessageMarshaller@424f5fa2, schemaDescriptor=com.alibaba.nacos.api.grpc.auto.RequestGrpc$RequestMethodDescriptorSupplier@56847fbc}}}}}]]
	at com.alibaba.nacos.shaded.com.google.common.util.concurrent.AbstractFuture.get(AbstractFuture.java:508) ~[nacos-client-2.0.4.jar:na]
	at com.alibaba.nacos.common.remote.client.grpc.GrpcClient.serverCheck(GrpcClient.java:148) ~[nacos-client-2.0.4.jar:na]
	at com.alibaba.nacos.common.remote.client.grpc.GrpcClient.connectToServer(GrpcClient.java:264) ~[nacos-client-2.0.4.jar:na]
	at com.alibaba.nacos.common.remote.client.RpcClient.reconnect(RpcClient.java:522) ~[nacos-client-2.0.4.jar:na]
	at com.alibaba.nacos.common.remote.client.RpcClient.lambda$start$2(RpcClient.java:370) ~[nacos-client-2.0.4.jar:na]
	at java.base/java.util.concurrent.Executors$RunnableAdapter.call(Executors.java:515) ~[na:na]
	at java.base/java.util.concurrent.FutureTask.run(FutureTask.java:264) ~[na:na]
	at java.base/java.util.concurrent.ScheduledThreadPoolExecutor$ScheduledFutureTask.run(ScheduledThreadPoolExecutor.java:304) ~[na:na]
	at java.base/java.util.concurrent.ThreadPoolExecutor.runWorker(ThreadPoolExecutor.java:1128) ~[na:na]
	at java.base/java.util.concurrent.ThreadPoolExecutor$Worker.run(ThreadPoolExecutor.java:628) ~[na:na]
	at java.base/java.lang.Thread.run(Thread.java:834) ~[na:na]

17-23-05-504  INFO 3240 --- [com.alibaba.nacos.client.remote.worker] com.alibaba.nacos.common.remote.client   : [a244ca18-c11c-4d0a-90eb-25184f5cc6ca] Fail to connect server, after trying 181 times, last try server is {serverIp = '192.168.10.101', server main port = 8848}, error = unknown
17-23-13-517 ERROR 3240 --- [com.alibaba.nacos.client.remote.worker] c.a.n.c.remote.client.grpc.GrpcClient    : Server check fail, please check server 192.168.10.101 ,port 9848 is available , error ={}

java.util.concurrent.TimeoutException: Waited 3000 milliseconds (plus 6 milliseconds, 586100 nanoseconds delay) for com.alibaba.nacos.shaded.io.grpc.stub.ClientCalls$GrpcFuture@456f89e4[status=PENDING, info=[GrpcFuture{clientCall={delegate={delegate=ClientCallImpl{method=MethodDescriptor{fullMethodName=Request/request, type=UNARY, idempotent=false, safe=false, sampledToLocalTracing=true, requestMarshaller=com.alibaba.nacos.shaded.io.grpc.protobuf.lite.ProtoLiteUtils$MessageMarshaller@24e11377, responseMarshaller=com.alibaba.nacos.shaded.io.grpc.protobuf.lite.ProtoLiteUtils$MessageMarshaller@424f5fa2, schemaDescriptor=com.alibaba.nacos.api.grpc.auto.RequestGrpc$RequestMethodDescriptorSupplier@56847fbc}}}}}]]
	at com.alibaba.nacos.shaded.com.google.common.util.concurrent.AbstractFuture.get(AbstractFuture.java:508) ~[nacos-client-2.0.4.jar:na]
	at com.alibaba.nacos.common.remote.client.grpc.GrpcClient.serverCheck(GrpcClient.java:148) ~[nacos-client-2.0.4.jar:na]
	at com.alibaba.nacos.common.remote.client.grpc.GrpcClient.connectToServer(GrpcClient.java:264) ~[nacos-client-2.0.4.jar:na]
	at com.alibaba.nacos.common.remote.client.RpcClient.reconnect(RpcClient.java:522) ~[nacos-client-2.0.4.jar:na]
	at com.alibaba.nacos.common.remote.client.RpcClient.lambda$start$2(RpcClient.java:370) ~[nacos-client-2.0.4.jar:na]
	at java.base/java.util.concurrent.Executors$RunnableAdapter.call(Executors.java:515) ~[na:na]
	at java.base/java.util.concurrent.FutureTask.run(FutureTask.java:264) ~[na:na]
	at java.base/java.util.concurrent.ScheduledThreadPoolExecutor$ScheduledFutureTask.run(ScheduledThreadPoolExecutor.java:304) ~[na:na]
	at java.base/java.util.concurrent.ThreadPoolExecutor.runWorker(ThreadPoolExecutor.java:1128) ~[na:na]
	at java.base/java.util.concurrent.ThreadPoolExecutor$Worker.run(ThreadPoolExecutor.java:628) ~[na:na]
	at java.base/java.lang.Thread.run(Thread.java:834) ~[na:na]

17-23-13-519  INFO 3240 --- [com.alibaba.nacos.client.remote.worker] com.alibaba.nacos.common.remote.client   : [a244ca18-c11c-4d0a-90eb-25184f5cc6ca] Fail to connect server, after trying 182 times, last try server is {serverIp = '192.168.10.101', server main port = 8848}, error = unknown
17-23-21-538 ERROR 3240 --- [com.alibaba.nacos.client.remote.worker] c.a.n.c.remote.client.grpc.GrpcClient    : Server check fail, please check server 192.168.10.101 ,port 9848 is available , error ={}

java.util.concurrent.TimeoutException: Waited 3000 milliseconds (plus 8 milliseconds, 823400 nanoseconds delay) for com.alibaba.nacos.shaded.io.grpc.stub.ClientCalls$GrpcFuture@3de329fd[status=PENDING, info=[GrpcFuture{clientCall={delegate={delegate=ClientCallImpl{method=MethodDescriptor{fullMethodName=Request/request, type=UNARY, idempotent=false, safe=false, sampledToLocalTracing=true, requestMarshaller=com.alibaba.nacos.shaded.io.grpc.protobuf.lite.ProtoLiteUtils$MessageMarshaller@24e11377, responseMarshaller=com.alibaba.nacos.shaded.io.grpc.protobuf.lite.ProtoLiteUtils$MessageMarshaller@424f5fa2, schemaDescriptor=com.alibaba.nacos.api.grpc.auto.RequestGrpc$RequestMethodDescriptorSupplier@56847fbc}}}}}]]
	at com.alibaba.nacos.shaded.com.google.common.util.concurrent.AbstractFuture.get(AbstractFuture.java:508) ~[nacos-client-2.0.4.jar:na]
	at com.alibaba.nacos.common.remote.client.grpc.GrpcClient.serverCheck(GrpcClient.java:148) ~[nacos-client-2.0.4.jar:na]
	at com.alibaba.nacos.common.remote.client.grpc.GrpcClient.connectToServer(GrpcClient.java:264) ~[nacos-client-2.0.4.jar:na]
	at com.alibaba.nacos.common.remote.client.RpcClient.reconnect(RpcClient.java:522) ~[nacos-client-2.0.4.jar:na]
	at com.alibaba.nacos.common.remote.client.RpcClient.lambda$start$2(RpcClient.java:370) ~[nacos-client-2.0.4.jar:na]
	at java.base/java.util.concurrent.Executors$RunnableAdapter.call(Executors.java:515) ~[na:na]
	at java.base/java.util.concurrent.FutureTask.run(FutureTask.java:264) ~[na:na]
	at java.base/java.util.concurrent.ScheduledThreadPoolExecutor$ScheduledFutureTask.run(ScheduledThreadPoolExecutor.java:304) ~[na:na]
	at java.base/java.util.concurrent.ThreadPoolExecutor.runWorker(ThreadPoolExecutor.java:1128) ~[na:na]
	at java.base/java.util.concurrent.ThreadPoolExecutor$Worker.run(ThreadPoolExecutor.java:628) ~[na:na]
	at java.base/java.lang.Thread.run(Thread.java:834) ~[na:na]

17-23-21-538  INFO 3240 --- [com.alibaba.nacos.client.remote.worker] com.alibaba.nacos.common.remote.client   : [a244ca18-c11c-4d0a-90eb-25184f5cc6ca] Fail to connect server, after trying 183 times, last try server is {serverIp = '192.168.10.101', server main port = 8848}, error = unknown
17-23-28-335 ERROR 3240 --- [com.alibaba.nacos.client.naming.updater.0] com.alibaba.nacos.common.remote.client   : Send request fail, request = ServiceQueryRequest{headers={app=unknown}, requestId='null'}, retryTimes = 0, errorMessage = Client not connected, current status:UNHEALTHY
17-23-28-443 ERROR 3240 --- [com.alibaba.nacos.client.naming.updater.0] com.alibaba.nacos.common.remote.client   : Send request fail, request = ServiceQueryRequest{headers={app=unknown}, requestId='null'}, retryTimes = 1, errorMessage = Client not connected, current status:UNHEALTHY
17-23-28-556 ERROR 3240 --- [com.alibaba.nacos.client.naming.updater.0] com.alibaba.nacos.common.remote.client   : Send request fail, request = ServiceQueryRequest{headers={app=unknown}, requestId='null'}, retryTimes = 2, errorMessage = Client not connected, current status:UNHEALTHY
17-23-29-555 ERROR 3240 --- [com.alibaba.nacos.client.remote.worker] c.a.n.c.remote.client.grpc.GrpcClient    : Server check fail, please check server 192.168.10.101 ,port 9848 is available , error ={}

java.util.concurrent.TimeoutException: Waited 3000 milliseconds (plus 2 milliseconds, 675500 nanoseconds delay) for com.alibaba.nacos.shaded.io.grpc.stub.ClientCalls$GrpcFuture@4556204e[status=PENDING, info=[GrpcFuture{clientCall={delegate={delegate=ClientCallImpl{method=MethodDescriptor{fullMethodName=Request/request, type=UNARY, idempotent=false, safe=false, sampledToLocalTracing=true, requestMarshaller=com.alibaba.nacos.shaded.io.grpc.protobuf.lite.ProtoLiteUtils$MessageMarshaller@24e11377, responseMarshaller=com.alibaba.nacos.shaded.io.grpc.protobuf.lite.ProtoLiteUtils$MessageMarshaller@424f5fa2, schemaDescriptor=com.alibaba.nacos.api.grpc.auto.RequestGrpc$RequestMethodDescriptorSupplier@56847fbc}}}}}]]
	at com.alibaba.nacos.shaded.com.google.common.util.concurrent.AbstractFuture.get(AbstractFuture.java:508) ~[nacos-client-2.0.4.jar:na]
	at com.alibaba.nacos.common.remote.client.grpc.GrpcClient.serverCheck(GrpcClient.java:148) ~[nacos-client-2.0.4.jar:na]
	at com.alibaba.nacos.common.remote.client.grpc.GrpcClient.connectToServer(GrpcClient.java:264) ~[nacos-client-2.0.4.jar:na]
	at com.alibaba.nacos.common.remote.client.RpcClient.reconnect(RpcClient.java:522) ~[nacos-client-2.0.4.jar:na]
	at com.alibaba.nacos.common.remote.client.RpcClient.lambda$start$2(RpcClient.java:370) ~[nacos-client-2.0.4.jar:na]
	at java.base/java.util.concurrent.Executors$RunnableAdapter.call(Executors.java:515) ~[na:na]
	at java.base/java.util.concurrent.FutureTask.run(FutureTask.java:264) ~[na:na]
	at java.base/java.util.concurrent.ScheduledThreadPoolExecutor$ScheduledFutureTask.run(ScheduledThreadPoolExecutor.java:304) ~[na:na]
	at java.base/java.util.concurrent.ThreadPoolExecutor.runWorker(ThreadPoolExecutor.java:1128) ~[na:na]
	at java.base/java.util.concurrent.ThreadPoolExecutor$Worker.run(ThreadPoolExecutor.java:628) ~[na:na]
	at java.base/java.lang.Thread.run(Thread.java:834) ~[na:na]

17-23-29-555  INFO 3240 --- [com.alibaba.nacos.client.remote.worker] com.alibaba.nacos.common.remote.client   : [a244ca18-c11c-4d0a-90eb-25184f5cc6ca] Fail to connect server, after trying 184 times, last try server is {serverIp = '192.168.10.101', server main port = 8848}, error = unknown
17-23-37-583 ERROR 3240 --- [com.alibaba.nacos.client.remote.worker] c.a.n.c.remote.client.grpc.GrpcClient    : Server check fail, please check server 192.168.10.101 ,port 9848 is available , error ={}

java.util.concurrent.TimeoutException: Waited 3000 milliseconds (plus 11 milliseconds, 299700 nanoseconds delay) for com.alibaba.nacos.shaded.io.grpc.stub.ClientCalls$GrpcFuture@2dfbc1bb[status=PENDING, info=[GrpcFuture{clientCall={delegate={delegate=ClientCallImpl{method=MethodDescriptor{fullMethodName=Request/request, type=UNARY, idempotent=false, safe=false, sampledToLocalTracing=true, requestMarshaller=com.alibaba.nacos.shaded.io.grpc.protobuf.lite.ProtoLiteUtils$MessageMarshaller@24e11377, responseMarshaller=com.alibaba.nacos.shaded.io.grpc.protobuf.lite.ProtoLiteUtils$MessageMarshaller@424f5fa2, schemaDescriptor=com.alibaba.nacos.api.grpc.auto.RequestGrpc$RequestMethodDescriptorSupplier@56847fbc}}}}}]]
	at com.alibaba.nacos.shaded.com.google.common.util.concurrent.AbstractFuture.get(AbstractFuture.java:508) ~[nacos-client-2.0.4.jar:na]
	at com.alibaba.nacos.common.remote.client.grpc.GrpcClient.serverCheck(GrpcClient.java:148) ~[nacos-client-2.0.4.jar:na]
	at com.alibaba.nacos.common.remote.client.grpc.GrpcClient.connectToServer(GrpcClient.java:264) ~[nacos-client-2.0.4.jar:na]
	at com.alibaba.nacos.common.remote.client.RpcClient.reconnect(RpcClient.java:522) ~[nacos-client-2.0.4.jar:na]
	at com.alibaba.nacos.common.remote.client.RpcClient.lambda$start$2(RpcClient.java:370) ~[nacos-client-2.0.4.jar:na]
	at java.base/java.util.concurrent.Executors$RunnableAdapter.call(Executors.java:515) ~[na:na]
	at java.base/java.util.concurrent.FutureTask.run(FutureTask.java:264) ~[na:na]
	at java.base/java.util.concurrent.ScheduledThreadPoolExecutor$ScheduledFutureTask.run(ScheduledThreadPoolExecutor.java:304) ~[na:na]
	at java.base/java.util.concurrent.ThreadPoolExecutor.runWorker(ThreadPoolExecutor.java:1128) ~[na:na]
	at java.base/java.util.concurrent.ThreadPoolExecutor$Worker.run(ThreadPoolExecutor.java:628) ~[na:na]
	at java.base/java.lang.Thread.run(Thread.java:834) ~[na:na]

17-23-37-585  INFO 3240 --- [com.alibaba.nacos.client.remote.worker] com.alibaba.nacos.common.remote.client   : [a244ca18-c11c-4d0a-90eb-25184f5cc6ca] Fail to connect server, after trying 185 times, last try server is {serverIp = '192.168.10.101', server main port = 8848}, error = unknown
17-23-45-599 ERROR 3240 --- [com.alibaba.nacos.client.remote.worker] c.a.n.c.remote.client.grpc.GrpcClient    : Server check fail, please check server 192.168.10.101 ,port 9848 is available , error ={}

java.util.concurrent.TimeoutException: Waited 3000 milliseconds (plus 1 milliseconds, 165900 nanoseconds delay) for com.alibaba.nacos.shaded.io.grpc.stub.ClientCalls$GrpcFuture@442bea8d[status=PENDING, info=[GrpcFuture{clientCall={delegate={delegate=ClientCallImpl{method=MethodDescriptor{fullMethodName=Request/request, type=UNARY, idempotent=false, safe=false, sampledToLocalTracing=true, requestMarshaller=com.alibaba.nacos.shaded.io.grpc.protobuf.lite.ProtoLiteUtils$MessageMarshaller@24e11377, responseMarshaller=com.alibaba.nacos.shaded.io.grpc.protobuf.lite.ProtoLiteUtils$MessageMarshaller@424f5fa2, schemaDescriptor=com.alibaba.nacos.api.grpc.auto.RequestGrpc$RequestMethodDescriptorSupplier@56847fbc}}}}}]]
	at com.alibaba.nacos.shaded.com.google.common.util.concurrent.AbstractFuture.get(AbstractFuture.java:508) ~[nacos-client-2.0.4.jar:na]
	at com.alibaba.nacos.common.remote.client.grpc.GrpcClient.serverCheck(GrpcClient.java:148) ~[nacos-client-2.0.4.jar:na]
	at com.alibaba.nacos.common.remote.client.grpc.GrpcClient.connectToServer(GrpcClient.java:264) ~[nacos-client-2.0.4.jar:na]
	at com.alibaba.nacos.common.remote.client.RpcClient.reconnect(RpcClient.java:522) ~[nacos-client-2.0.4.jar:na]
	at com.alibaba.nacos.common.remote.client.RpcClient.lambda$start$2(RpcClient.java:370) ~[nacos-client-2.0.4.jar:na]
	at java.base/java.util.concurrent.Executors$RunnableAdapter.call(Executors.java:515) ~[na:na]
	at java.base/java.util.concurrent.FutureTask.run(FutureTask.java:264) ~[na:na]
	at java.base/java.util.concurrent.ScheduledThreadPoolExecutor$ScheduledFutureTask.run(ScheduledThreadPoolExecutor.java:304) ~[na:na]
	at java.base/java.util.concurrent.ThreadPoolExecutor.runWorker(ThreadPoolExecutor.java:1128) ~[na:na]
	at java.base/java.util.concurrent.ThreadPoolExecutor$Worker.run(ThreadPoolExecutor.java:628) ~[na:na]
	at java.base/java.lang.Thread.run(Thread.java:834) ~[na:na]

17-23-45-600  INFO 3240 --- [com.alibaba.nacos.client.remote.worker] com.alibaba.nacos.common.remote.client   : [a244ca18-c11c-4d0a-90eb-25184f5cc6ca] Fail to connect server, after trying 186 times, last try server is {serverIp = '192.168.10.101', server main port = 8848}, error = unknown
17-23-53-613 ERROR 3240 --- [com.alibaba.nacos.client.remote.worker] c.a.n.c.remote.client.grpc.GrpcClient    : Server check fail, please check server 192.168.10.101 ,port 9848 is available , error ={}

java.util.concurrent.TimeoutException: Waited 3000 milliseconds (plus 6 milliseconds, 544500 nanoseconds delay) for com.alibaba.nacos.shaded.io.grpc.stub.ClientCalls$GrpcFuture@4ec5f378[status=PENDING, info=[GrpcFuture{clientCall={delegate={delegate=ClientCallImpl{method=MethodDescriptor{fullMethodName=Request/request, type=UNARY, idempotent=false, safe=false, sampledToLocalTracing=true, requestMarshaller=com.alibaba.nacos.shaded.io.grpc.protobuf.lite.ProtoLiteUtils$MessageMarshaller@24e11377, responseMarshaller=com.alibaba.nacos.shaded.io.grpc.protobuf.lite.ProtoLiteUtils$MessageMarshaller@424f5fa2, schemaDescriptor=com.alibaba.nacos.api.grpc.auto.RequestGrpc$RequestMethodDescriptorSupplier@56847fbc}}}}}]]
	at com.alibaba.nacos.shaded.com.google.common.util.concurrent.AbstractFuture.get(AbstractFuture.java:508) ~[nacos-client-2.0.4.jar:na]
	at com.alibaba.nacos.common.remote.client.grpc.GrpcClient.serverCheck(GrpcClient.java:148) ~[nacos-client-2.0.4.jar:na]
	at com.alibaba.nacos.common.remote.client.grpc.GrpcClient.connectToServer(GrpcClient.java:264) ~[nacos-client-2.0.4.jar:na]
	at com.alibaba.nacos.common.remote.client.RpcClient.reconnect(RpcClient.java:522) ~[nacos-client-2.0.4.jar:na]
	at com.alibaba.nacos.common.remote.client.RpcClient.lambda$start$2(RpcClient.java:370) ~[nacos-client-2.0.4.jar:na]
	at java.base/java.util.concurrent.Executors$RunnableAdapter.call(Executors.java:515) ~[na:na]
	at java.base/java.util.concurrent.FutureTask.run(FutureTask.java:264) ~[na:na]
	at java.base/java.util.concurrent.ScheduledThreadPoolExecutor$ScheduledFutureTask.run(ScheduledThreadPoolExecutor.java:304) ~[na:na]
	at java.base/java.util.concurrent.ThreadPoolExecutor.runWorker(ThreadPoolExecutor.java:1128) ~[na:na]
	at java.base/java.util.concurrent.ThreadPoolExecutor$Worker.run(ThreadPoolExecutor.java:628) ~[na:na]
	at java.base/java.lang.Thread.run(Thread.java:834) ~[na:na]

17-23-53-614  INFO 3240 --- [com.alibaba.nacos.client.remote.worker] com.alibaba.nacos.common.remote.client   : [a244ca18-c11c-4d0a-90eb-25184f5cc6ca] Fail to connect server, after trying 187 times, last try server is {serverIp = '192.168.10.101', server main port = 8848}, error = unknown
17-24-01-640 ERROR 3240 --- [com.alibaba.nacos.client.remote.worker] c.a.n.c.remote.client.grpc.GrpcClient    : Server check fail, please check server 192.168.10.101 ,port 9848 is available , error ={}

java.util.concurrent.TimeoutException: Waited 3000 milliseconds (plus 10 milliseconds, 737600 nanoseconds delay) for com.alibaba.nacos.shaded.io.grpc.stub.ClientCalls$GrpcFuture@244e4e3[status=PENDING, info=[GrpcFuture{clientCall={delegate={delegate=ClientCallImpl{method=MethodDescriptor{fullMethodName=Request/request, type=UNARY, idempotent=false, safe=false, sampledToLocalTracing=true, requestMarshaller=com.alibaba.nacos.shaded.io.grpc.protobuf.lite.ProtoLiteUtils$MessageMarshaller@24e11377, responseMarshaller=com.alibaba.nacos.shaded.io.grpc.protobuf.lite.ProtoLiteUtils$MessageMarshaller@424f5fa2, schemaDescriptor=com.alibaba.nacos.api.grpc.auto.RequestGrpc$RequestMethodDescriptorSupplier@56847fbc}}}}}]]
	at com.alibaba.nacos.shaded.com.google.common.util.concurrent.AbstractFuture.get(AbstractFuture.java:508) ~[nacos-client-2.0.4.jar:na]
	at com.alibaba.nacos.common.remote.client.grpc.GrpcClient.serverCheck(GrpcClient.java:148) ~[nacos-client-2.0.4.jar:na]
	at com.alibaba.nacos.common.remote.client.grpc.GrpcClient.connectToServer(GrpcClient.java:264) ~[nacos-client-2.0.4.jar:na]
	at com.alibaba.nacos.common.remote.client.RpcClient.reconnect(RpcClient.java:522) ~[nacos-client-2.0.4.jar:na]
	at com.alibaba.nacos.common.remote.client.RpcClient.lambda$start$2(RpcClient.java:370) ~[nacos-client-2.0.4.jar:na]
	at java.base/java.util.concurrent.Executors$RunnableAdapter.call(Executors.java:515) ~[na:na]
	at java.base/java.util.concurrent.FutureTask.run(FutureTask.java:264) ~[na:na]
	at java.base/java.util.concurrent.ScheduledThreadPoolExecutor$ScheduledFutureTask.run(ScheduledThreadPoolExecutor.java:304) ~[na:na]
	at java.base/java.util.concurrent.ThreadPoolExecutor.runWorker(ThreadPoolExecutor.java:1128) ~[na:na]
	at java.base/java.util.concurrent.ThreadPoolExecutor$Worker.run(ThreadPoolExecutor.java:628) ~[na:na]
	at java.base/java.lang.Thread.run(Thread.java:834) ~[na:na]

17-24-01-640  INFO 3240 --- [com.alibaba.nacos.client.remote.worker] com.alibaba.nacos.common.remote.client   : [a244ca18-c11c-4d0a-90eb-25184f5cc6ca] Fail to connect server, after trying 188 times, last try server is {serverIp = '192.168.10.101', server main port = 8848}, error = unknown
17-24-09-669 ERROR 3240 --- [com.alibaba.nacos.client.remote.worker] c.a.n.c.remote.client.grpc.GrpcClient    : Server check fail, please check server 192.168.10.101 ,port 9848 is available , error ={}

java.util.concurrent.TimeoutException: Waited 3000 milliseconds (plus 13 milliseconds, 57600 nanoseconds delay) for com.alibaba.nacos.shaded.io.grpc.stub.ClientCalls$GrpcFuture@6655083e[status=PENDING, info=[GrpcFuture{clientCall={delegate={delegate=ClientCallImpl{method=MethodDescriptor{fullMethodName=Request/request, type=UNARY, idempotent=false, safe=false, sampledToLocalTracing=true, requestMarshaller=com.alibaba.nacos.shaded.io.grpc.protobuf.lite.ProtoLiteUtils$MessageMarshaller@24e11377, responseMarshaller=com.alibaba.nacos.shaded.io.grpc.protobuf.lite.ProtoLiteUtils$MessageMarshaller@424f5fa2, schemaDescriptor=com.alibaba.nacos.api.grpc.auto.RequestGrpc$RequestMethodDescriptorSupplier@56847fbc}}}}}]]
	at com.alibaba.nacos.shaded.com.google.common.util.concurrent.AbstractFuture.get(AbstractFuture.java:508) ~[nacos-client-2.0.4.jar:na]
	at com.alibaba.nacos.common.remote.client.grpc.GrpcClient.serverCheck(GrpcClient.java:148) ~[nacos-client-2.0.4.jar:na]
	at com.alibaba.nacos.common.remote.client.grpc.GrpcClient.connectToServer(GrpcClient.java:264) ~[nacos-client-2.0.4.jar:na]
	at com.alibaba.nacos.common.remote.client.RpcClient.reconnect(RpcClient.java:522) ~[nacos-client-2.0.4.jar:na]
	at com.alibaba.nacos.common.remote.client.RpcClient.lambda$start$2(RpcClient.java:370) ~[nacos-client-2.0.4.jar:na]
	at java.base/java.util.concurrent.Executors$RunnableAdapter.call(Executors.java:515) ~[na:na]
	at java.base/java.util.concurrent.FutureTask.run(FutureTask.java:264) ~[na:na]
	at java.base/java.util.concurrent.ScheduledThreadPoolExecutor$ScheduledFutureTask.run(ScheduledThreadPoolExecutor.java:304) ~[na:na]
	at java.base/java.util.concurrent.ThreadPoolExecutor.runWorker(ThreadPoolExecutor.java:1128) ~[na:na]
	at java.base/java.util.concurrent.ThreadPoolExecutor$Worker.run(ThreadPoolExecutor.java:628) ~[na:na]
	at java.base/java.lang.Thread.run(Thread.java:834) ~[na:na]

17-24-09-670  INFO 3240 --- [com.alibaba.nacos.client.remote.worker] com.alibaba.nacos.common.remote.client   : [a244ca18-c11c-4d0a-90eb-25184f5cc6ca] Fail to connect server, after trying 189 times, last try server is {serverIp = '192.168.10.101', server main port = 8848}, error = unknown
17-24-17-687 ERROR 3240 --- [com.alibaba.nacos.client.remote.worker] c.a.n.c.remote.client.grpc.GrpcClient    : Server check fail, please check server 192.168.10.101 ,port 9848 is available , error ={}

java.util.concurrent.TimeoutException: Waited 3000 milliseconds (plus 12 milliseconds, 710800 nanoseconds delay) for com.alibaba.nacos.shaded.io.grpc.stub.ClientCalls$GrpcFuture@52d399c0[status=PENDING, info=[GrpcFuture{clientCall={delegate={delegate=ClientCallImpl{method=MethodDescriptor{fullMethodName=Request/request, type=UNARY, idempotent=false, safe=false, sampledToLocalTracing=true, requestMarshaller=com.alibaba.nacos.shaded.io.grpc.protobuf.lite.ProtoLiteUtils$MessageMarshaller@24e11377, responseMarshaller=com.alibaba.nacos.shaded.io.grpc.protobuf.lite.ProtoLiteUtils$MessageMarshaller@424f5fa2, schemaDescriptor=com.alibaba.nacos.api.grpc.auto.RequestGrpc$RequestMethodDescriptorSupplier@56847fbc}}}}}]]
	at com.alibaba.nacos.shaded.com.google.common.util.concurrent.AbstractFuture.get(AbstractFuture.java:508) ~[nacos-client-2.0.4.jar:na]
	at com.alibaba.nacos.common.remote.client.grpc.GrpcClient.serverCheck(GrpcClient.java:148) ~[nacos-client-2.0.4.jar:na]
	at com.alibaba.nacos.common.remote.client.grpc.GrpcClient.connectToServer(GrpcClient.java:264) ~[nacos-client-2.0.4.jar:na]
	at com.alibaba.nacos.common.remote.client.RpcClient.reconnect(RpcClient.java:522) ~[nacos-client-2.0.4.jar:na]
	at com.alibaba.nacos.common.remote.client.RpcClient.lambda$start$2(RpcClient.java:370) ~[nacos-client-2.0.4.jar:na]
	at java.base/java.util.concurrent.Executors$RunnableAdapter.call(Executors.java:515) ~[na:na]
	at java.base/java.util.concurrent.FutureTask.run(FutureTask.java:264) ~[na:na]
	at java.base/java.util.concurrent.ScheduledThreadPoolExecutor$ScheduledFutureTask.run(ScheduledThreadPoolExecutor.java:304) ~[na:na]
	at java.base/java.util.concurrent.ThreadPoolExecutor.runWorker(ThreadPoolExecutor.java:1128) ~[na:na]
	at java.base/java.util.concurrent.ThreadPoolExecutor$Worker.run(ThreadPoolExecutor.java:628) ~[na:na]
	at java.base/java.lang.Thread.run(Thread.java:834) ~[na:na]

17-24-17-688  INFO 3240 --- [com.alibaba.nacos.client.remote.worker] com.alibaba.nacos.common.remote.client   : [a244ca18-c11c-4d0a-90eb-25184f5cc6ca] Fail to connect server, after trying 190 times, last try server is {serverIp = '192.168.10.101', server main port = 8848}, error = unknown
17-24-25-692 ERROR 3240 --- [com.alibaba.nacos.client.remote.worker] c.a.n.c.remote.client.grpc.GrpcClient    : Server check fail, please check server 192.168.10.101 ,port 9848 is available , error ={}

java.util.concurrent.TimeoutException: Waited 3000 milliseconds (plus 970200 nanoseconds delay) for com.alibaba.nacos.shaded.io.grpc.stub.ClientCalls$GrpcFuture@7798dbdd[status=PENDING, info=[GrpcFuture{clientCall={delegate={delegate=ClientCallImpl{method=MethodDescriptor{fullMethodName=Request/request, type=UNARY, idempotent=false, safe=false, sampledToLocalTracing=true, requestMarshaller=com.alibaba.nacos.shaded.io.grpc.protobuf.lite.ProtoLiteUtils$MessageMarshaller@24e11377, responseMarshaller=com.alibaba.nacos.shaded.io.grpc.protobuf.lite.ProtoLiteUtils$MessageMarshaller@424f5fa2, schemaDescriptor=com.alibaba.nacos.api.grpc.auto.RequestGrpc$RequestMethodDescriptorSupplier@56847fbc}}}}}]]
	at com.alibaba.nacos.shaded.com.google.common.util.concurrent.AbstractFuture.get(AbstractFuture.java:508) ~[nacos-client-2.0.4.jar:na]
	at com.alibaba.nacos.common.remote.client.grpc.GrpcClient.serverCheck(GrpcClient.java:148) ~[nacos-client-2.0.4.jar:na]
	at com.alibaba.nacos.common.remote.client.grpc.GrpcClient.connectToServer(GrpcClient.java:264) ~[nacos-client-2.0.4.jar:na]
	at com.alibaba.nacos.common.remote.client.RpcClient.reconnect(RpcClient.java:522) ~[nacos-client-2.0.4.jar:na]
	at com.alibaba.nacos.common.remote.client.RpcClient.lambda$start$2(RpcClient.java:370) ~[nacos-client-2.0.4.jar:na]
	at java.base/java.util.concurrent.Executors$RunnableAdapter.call(Executors.java:515) ~[na:na]
	at java.base/java.util.concurrent.FutureTask.run(FutureTask.java:264) ~[na:na]
	at java.base/java.util.concurrent.ScheduledThreadPoolExecutor$ScheduledFutureTask.run(ScheduledThreadPoolExecutor.java:304) ~[na:na]
	at java.base/java.util.concurrent.ThreadPoolExecutor.runWorker(ThreadPoolExecutor.java:1128) ~[na:na]
	at java.base/java.util.concurrent.ThreadPoolExecutor$Worker.run(ThreadPoolExecutor.java:628) ~[na:na]
	at java.base/java.lang.Thread.run(Thread.java:834) ~[na:na]

17-24-25-693  INFO 3240 --- [com.alibaba.nacos.client.remote.worker] com.alibaba.nacos.common.remote.client   : [a244ca18-c11c-4d0a-90eb-25184f5cc6ca] Fail to connect server, after trying 191 times, last try server is {serverIp = '192.168.10.101', server main port = 8848}, error = unknown
17-24-28-678 ERROR 3240 --- [com.alibaba.nacos.client.naming.updater.0] com.alibaba.nacos.common.remote.client   : Send request fail, request = ServiceQueryRequest{headers={app=unknown}, requestId='null'}, retryTimes = 0, errorMessage = Client not connected, current status:UNHEALTHY
17-24-28-786 ERROR 3240 --- [com.alibaba.nacos.client.naming.updater.0] com.alibaba.nacos.common.remote.client   : Send request fail, request = ServiceQueryRequest{headers={app=unknown}, requestId='null'}, retryTimes = 1, errorMessage = Client not connected, current status:UNHEALTHY
17-24-28-894 ERROR 3240 --- [com.alibaba.nacos.client.naming.updater.0] com.alibaba.nacos.common.remote.client   : Send request fail, request = ServiceQueryRequest{headers={app=unknown}, requestId='null'}, retryTimes = 2, errorMessage = Client not connected, current status:UNHEALTHY
17-24-33-713 ERROR 3240 --- [com.alibaba.nacos.client.remote.worker] c.a.n.c.remote.client.grpc.GrpcClient    : Server check fail, please check server 192.168.10.101 ,port 9848 is available , error ={}

java.util.concurrent.TimeoutException: Waited 3000 milliseconds (plus 13 milliseconds, 511000 nanoseconds delay) for com.alibaba.nacos.shaded.io.grpc.stub.ClientCalls$GrpcFuture@209e00b4[status=PENDING, info=[GrpcFuture{clientCall={delegate={delegate=ClientCallImpl{method=MethodDescriptor{fullMethodName=Request/request, type=UNARY, idempotent=false, safe=false, sampledToLocalTracing=true, requestMarshaller=com.alibaba.nacos.shaded.io.grpc.protobuf.lite.ProtoLiteUtils$MessageMarshaller@24e11377, responseMarshaller=com.alibaba.nacos.shaded.io.grpc.protobuf.lite.ProtoLiteUtils$MessageMarshaller@424f5fa2, schemaDescriptor=com.alibaba.nacos.api.grpc.auto.RequestGrpc$RequestMethodDescriptorSupplier@56847fbc}}}}}]]
	at com.alibaba.nacos.shaded.com.google.common.util.concurrent.AbstractFuture.get(AbstractFuture.java:508) ~[nacos-client-2.0.4.jar:na]
	at com.alibaba.nacos.common.remote.client.grpc.GrpcClient.serverCheck(GrpcClient.java:148) ~[nacos-client-2.0.4.jar:na]
	at com.alibaba.nacos.common.remote.client.grpc.GrpcClient.connectToServer(GrpcClient.java:264) ~[nacos-client-2.0.4.jar:na]
	at com.alibaba.nacos.common.remote.client.RpcClient.reconnect(RpcClient.java:522) ~[nacos-client-2.0.4.jar:na]
	at com.alibaba.nacos.common.remote.client.RpcClient.lambda$start$2(RpcClient.java:370) ~[nacos-client-2.0.4.jar:na]
	at java.base/java.util.concurrent.Executors$RunnableAdapter.call(Executors.java:515) ~[na:na]
	at java.base/java.util.concurrent.FutureTask.run(FutureTask.java:264) ~[na:na]
	at java.base/java.util.concurrent.ScheduledThreadPoolExecutor$ScheduledFutureTask.run(ScheduledThreadPoolExecutor.java:304) ~[na:na]
	at java.base/java.util.concurrent.ThreadPoolExecutor.runWorker(ThreadPoolExecutor.java:1128) ~[na:na]
	at java.base/java.util.concurrent.ThreadPoolExecutor$Worker.run(ThreadPoolExecutor.java:628) ~[na:na]
	at java.base/java.lang.Thread.run(Thread.java:834) ~[na:na]

17-24-33-713  INFO 3240 --- [com.alibaba.nacos.client.remote.worker] com.alibaba.nacos.common.remote.client   : [a244ca18-c11c-4d0a-90eb-25184f5cc6ca] Fail to connect server, after trying 192 times, last try server is {serverIp = '192.168.10.101', server main port = 8848}, error = unknown
17-24-41-742 ERROR 3240 --- [com.alibaba.nacos.client.remote.worker] c.a.n.c.remote.client.grpc.GrpcClient    : Server check fail, please check server 192.168.10.101 ,port 9848 is available , error ={}

java.util.concurrent.TimeoutException: Waited 3000 milliseconds (plus 14 milliseconds, 958100 nanoseconds delay) for com.alibaba.nacos.shaded.io.grpc.stub.ClientCalls$GrpcFuture@2b148f55[status=PENDING, info=[GrpcFuture{clientCall={delegate={delegate=ClientCallImpl{method=MethodDescriptor{fullMethodName=Request/request, type=UNARY, idempotent=false, safe=false, sampledToLocalTracing=true, requestMarshaller=com.alibaba.nacos.shaded.io.grpc.protobuf.lite.ProtoLiteUtils$MessageMarshaller@24e11377, responseMarshaller=com.alibaba.nacos.shaded.io.grpc.protobuf.lite.ProtoLiteUtils$MessageMarshaller@424f5fa2, schemaDescriptor=com.alibaba.nacos.api.grpc.auto.RequestGrpc$RequestMethodDescriptorSupplier@56847fbc}}}}}]]
	at com.alibaba.nacos.shaded.com.google.common.util.concurrent.AbstractFuture.get(AbstractFuture.java:508) ~[nacos-client-2.0.4.jar:na]
	at com.alibaba.nacos.common.remote.client.grpc.GrpcClient.serverCheck(GrpcClient.java:148) ~[nacos-client-2.0.4.jar:na]
	at com.alibaba.nacos.common.remote.client.grpc.GrpcClient.connectToServer(GrpcClient.java:264) ~[nacos-client-2.0.4.jar:na]
	at com.alibaba.nacos.common.remote.client.RpcClient.reconnect(RpcClient.java:522) ~[nacos-client-2.0.4.jar:na]
	at com.alibaba.nacos.common.remote.client.RpcClient.lambda$start$2(RpcClient.java:370) ~[nacos-client-2.0.4.jar:na]
	at java.base/java.util.concurrent.Executors$RunnableAdapter.call(Executors.java:515) ~[na:na]
	at java.base/java.util.concurrent.FutureTask.run(FutureTask.java:264) ~[na:na]
	at java.base/java.util.concurrent.ScheduledThreadPoolExecutor$ScheduledFutureTask.run(ScheduledThreadPoolExecutor.java:304) ~[na:na]
	at java.base/java.util.concurrent.ThreadPoolExecutor.runWorker(ThreadPoolExecutor.java:1128) ~[na:na]
	at java.base/java.util.concurrent.ThreadPoolExecutor$Worker.run(ThreadPoolExecutor.java:628) ~[na:na]
	at java.base/java.lang.Thread.run(Thread.java:834) ~[na:na]

17-24-41-743  INFO 3240 --- [com.alibaba.nacos.client.remote.worker] com.alibaba.nacos.common.remote.client   : [a244ca18-c11c-4d0a-90eb-25184f5cc6ca] Fail to connect server, after trying 193 times, last try server is {serverIp = '192.168.10.101', server main port = 8848}, error = unknown
17-24-49-760 ERROR 3240 --- [com.alibaba.nacos.client.remote.worker] c.a.n.c.remote.client.grpc.GrpcClient    : Server check fail, please check server 192.168.10.101 ,port 9848 is available , error ={}

java.util.concurrent.TimeoutException: Waited 3000 milliseconds (plus 11 milliseconds, 587000 nanoseconds delay) for com.alibaba.nacos.shaded.io.grpc.stub.ClientCalls$GrpcFuture@5ca1c6a1[status=PENDING, info=[GrpcFuture{clientCall={delegate={delegate=ClientCallImpl{method=MethodDescriptor{fullMethodName=Request/request, type=UNARY, idempotent=false, safe=false, sampledToLocalTracing=true, requestMarshaller=com.alibaba.nacos.shaded.io.grpc.protobuf.lite.ProtoLiteUtils$MessageMarshaller@24e11377, responseMarshaller=com.alibaba.nacos.shaded.io.grpc.protobuf.lite.ProtoLiteUtils$MessageMarshaller@424f5fa2, schemaDescriptor=com.alibaba.nacos.api.grpc.auto.RequestGrpc$RequestMethodDescriptorSupplier@56847fbc}}}}}]]
	at com.alibaba.nacos.shaded.com.google.common.util.concurrent.AbstractFuture.get(AbstractFuture.java:508) ~[nacos-client-2.0.4.jar:na]
	at com.alibaba.nacos.common.remote.client.grpc.GrpcClient.serverCheck(GrpcClient.java:148) ~[nacos-client-2.0.4.jar:na]
	at com.alibaba.nacos.common.remote.client.grpc.GrpcClient.connectToServer(GrpcClient.java:264) ~[nacos-client-2.0.4.jar:na]
	at com.alibaba.nacos.common.remote.client.RpcClient.reconnect(RpcClient.java:522) ~[nacos-client-2.0.4.jar:na]
	at com.alibaba.nacos.common.remote.client.RpcClient.lambda$start$2(RpcClient.java:370) ~[nacos-client-2.0.4.jar:na]
	at java.base/java.util.concurrent.Executors$RunnableAdapter.call(Executors.java:515) ~[na:na]
	at java.base/java.util.concurrent.FutureTask.run(FutureTask.java:264) ~[na:na]
	at java.base/java.util.concurrent.ScheduledThreadPoolExecutor$ScheduledFutureTask.run(ScheduledThreadPoolExecutor.java:304) ~[na:na]
	at java.base/java.util.concurrent.ThreadPoolExecutor.runWorker(ThreadPoolExecutor.java:1128) ~[na:na]
	at java.base/java.util.concurrent.ThreadPoolExecutor$Worker.run(ThreadPoolExecutor.java:628) ~[na:na]
	at java.base/java.lang.Thread.run(Thread.java:834) ~[na:na]

17-24-49-761  INFO 3240 --- [com.alibaba.nacos.client.remote.worker] com.alibaba.nacos.common.remote.client   : [a244ca18-c11c-4d0a-90eb-25184f5cc6ca] Fail to connect server, after trying 194 times, last try server is {serverIp = '192.168.10.101', server main port = 8848}, error = unknown
17-24-57-787 ERROR 3240 --- [com.alibaba.nacos.client.remote.worker] c.a.n.c.remote.client.grpc.GrpcClient    : Server check fail, please check server 192.168.10.101 ,port 9848 is available , error ={}

java.util.concurrent.TimeoutException: Waited 3000 milliseconds (plus 12 milliseconds, 891300 nanoseconds delay) for com.alibaba.nacos.shaded.io.grpc.stub.ClientCalls$GrpcFuture@71301abd[status=PENDING, info=[GrpcFuture{clientCall={delegate={delegate=ClientCallImpl{method=MethodDescriptor{fullMethodName=Request/request, type=UNARY, idempotent=false, safe=false, sampledToLocalTracing=true, requestMarshaller=com.alibaba.nacos.shaded.io.grpc.protobuf.lite.ProtoLiteUtils$MessageMarshaller@24e11377, responseMarshaller=com.alibaba.nacos.shaded.io.grpc.protobuf.lite.ProtoLiteUtils$MessageMarshaller@424f5fa2, schemaDescriptor=com.alibaba.nacos.api.grpc.auto.RequestGrpc$RequestMethodDescriptorSupplier@56847fbc}}}}}]]
	at com.alibaba.nacos.shaded.com.google.common.util.concurrent.AbstractFuture.get(AbstractFuture.java:508) ~[nacos-client-2.0.4.jar:na]
	at com.alibaba.nacos.common.remote.client.grpc.GrpcClient.serverCheck(GrpcClient.java:148) ~[nacos-client-2.0.4.jar:na]
	at com.alibaba.nacos.common.remote.client.grpc.GrpcClient.connectToServer(GrpcClient.java:264) ~[nacos-client-2.0.4.jar:na]
	at com.alibaba.nacos.common.remote.client.RpcClient.reconnect(RpcClient.java:522) ~[nacos-client-2.0.4.jar:na]
	at com.alibaba.nacos.common.remote.client.RpcClient.lambda$start$2(RpcClient.java:370) ~[nacos-client-2.0.4.jar:na]
	at java.base/java.util.concurrent.Executors$RunnableAdapter.call(Executors.java:515) ~[na:na]
	at java.base/java.util.concurrent.FutureTask.run(FutureTask.java:264) ~[na:na]
	at java.base/java.util.concurrent.ScheduledThreadPoolExecutor$ScheduledFutureTask.run(ScheduledThreadPoolExecutor.java:304) ~[na:na]
	at java.base/java.util.concurrent.ThreadPoolExecutor.runWorker(ThreadPoolExecutor.java:1128) ~[na:na]
	at java.base/java.util.concurrent.ThreadPoolExecutor$Worker.run(ThreadPoolExecutor.java:628) ~[na:na]
	at java.base/java.lang.Thread.run(Thread.java:834) ~[na:na]

17-24-57-788  INFO 3240 --- [com.alibaba.nacos.client.remote.worker] com.alibaba.nacos.common.remote.client   : [a244ca18-c11c-4d0a-90eb-25184f5cc6ca] Fail to connect server, after trying 195 times, last try server is {serverIp = '192.168.10.101', server main port = 8848}, error = unknown
17-25-05-804 ERROR 3240 --- [com.alibaba.nacos.client.remote.worker] c.a.n.c.remote.client.grpc.GrpcClient    : Server check fail, please check server 192.168.10.101 ,port 9848 is available , error ={}

java.util.concurrent.TimeoutException: Waited 3000 milliseconds (plus 668400 nanoseconds delay) for com.alibaba.nacos.shaded.io.grpc.stub.ClientCalls$GrpcFuture@41073318[status=PENDING, info=[GrpcFuture{clientCall={delegate={delegate=ClientCallImpl{method=MethodDescriptor{fullMethodName=Request/request, type=UNARY, idempotent=false, safe=false, sampledToLocalTracing=true, requestMarshaller=com.alibaba.nacos.shaded.io.grpc.protobuf.lite.ProtoLiteUtils$MessageMarshaller@24e11377, responseMarshaller=com.alibaba.nacos.shaded.io.grpc.protobuf.lite.ProtoLiteUtils$MessageMarshaller@424f5fa2, schemaDescriptor=com.alibaba.nacos.api.grpc.auto.RequestGrpc$RequestMethodDescriptorSupplier@56847fbc}}}}}]]
	at com.alibaba.nacos.shaded.com.google.common.util.concurrent.AbstractFuture.get(AbstractFuture.java:508) ~[nacos-client-2.0.4.jar:na]
	at com.alibaba.nacos.common.remote.client.grpc.GrpcClient.serverCheck(GrpcClient.java:148) ~[nacos-client-2.0.4.jar:na]
	at com.alibaba.nacos.common.remote.client.grpc.GrpcClient.connectToServer(GrpcClient.java:264) ~[nacos-client-2.0.4.jar:na]
	at com.alibaba.nacos.common.remote.client.RpcClient.reconnect(RpcClient.java:522) ~[nacos-client-2.0.4.jar:na]
	at com.alibaba.nacos.common.remote.client.RpcClient.lambda$start$2(RpcClient.java:370) ~[nacos-client-2.0.4.jar:na]
	at java.base/java.util.concurrent.Executors$RunnableAdapter.call(Executors.java:515) ~[na:na]
	at java.base/java.util.concurrent.FutureTask.run(FutureTask.java:264) ~[na:na]
	at java.base/java.util.concurrent.ScheduledThreadPoolExecutor$ScheduledFutureTask.run(ScheduledThreadPoolExecutor.java:304) ~[na:na]
	at java.base/java.util.concurrent.ThreadPoolExecutor.runWorker(ThreadPoolExecutor.java:1128) ~[na:na]
	at java.base/java.util.concurrent.ThreadPoolExecutor$Worker.run(ThreadPoolExecutor.java:628) ~[na:na]
	at java.base/java.lang.Thread.run(Thread.java:834) ~[na:na]

17-25-05-805  INFO 3240 --- [com.alibaba.nacos.client.remote.worker] com.alibaba.nacos.common.remote.client   : [a244ca18-c11c-4d0a-90eb-25184f5cc6ca] Fail to connect server, after trying 196 times, last try server is {serverIp = '192.168.10.101', server main port = 8848}, error = unknown
17-25-13-819 ERROR 3240 --- [com.alibaba.nacos.client.remote.worker] c.a.n.c.remote.client.grpc.GrpcClient    : Server check fail, please check server 192.168.10.101 ,port 9848 is available , error ={}

java.util.concurrent.TimeoutException: Waited 3000 milliseconds (plus 7 milliseconds, 640500 nanoseconds delay) for com.alibaba.nacos.shaded.io.grpc.stub.ClientCalls$GrpcFuture@db9da65[status=PENDING, info=[GrpcFuture{clientCall={delegate={delegate=ClientCallImpl{method=MethodDescriptor{fullMethodName=Request/request, type=UNARY, idempotent=false, safe=false, sampledToLocalTracing=true, requestMarshaller=com.alibaba.nacos.shaded.io.grpc.protobuf.lite.ProtoLiteUtils$MessageMarshaller@24e11377, responseMarshaller=com.alibaba.nacos.shaded.io.grpc.protobuf.lite.ProtoLiteUtils$MessageMarshaller@424f5fa2, schemaDescriptor=com.alibaba.nacos.api.grpc.auto.RequestGrpc$RequestMethodDescriptorSupplier@56847fbc}}}}}]]
	at com.alibaba.nacos.shaded.com.google.common.util.concurrent.AbstractFuture.get(AbstractFuture.java:508) ~[nacos-client-2.0.4.jar:na]
	at com.alibaba.nacos.common.remote.client.grpc.GrpcClient.serverCheck(GrpcClient.java:148) ~[nacos-client-2.0.4.jar:na]
	at com.alibaba.nacos.common.remote.client.grpc.GrpcClient.connectToServer(GrpcClient.java:264) ~[nacos-client-2.0.4.jar:na]
	at com.alibaba.nacos.common.remote.client.RpcClient.reconnect(RpcClient.java:522) ~[nacos-client-2.0.4.jar:na]
	at com.alibaba.nacos.common.remote.client.RpcClient.lambda$start$2(RpcClient.java:370) ~[nacos-client-2.0.4.jar:na]
	at java.base/java.util.concurrent.Executors$RunnableAdapter.call(Executors.java:515) ~[na:na]
	at java.base/java.util.concurrent.FutureTask.run(FutureTask.java:264) ~[na:na]
	at java.base/java.util.concurrent.ScheduledThreadPoolExecutor$ScheduledFutureTask.run(ScheduledThreadPoolExecutor.java:304) ~[na:na]
	at java.base/java.util.concurrent.ThreadPoolExecutor.runWorker(ThreadPoolExecutor.java:1128) ~[na:na]
	at java.base/java.util.concurrent.ThreadPoolExecutor$Worker.run(ThreadPoolExecutor.java:628) ~[na:na]
	at java.base/java.lang.Thread.run(Thread.java:834) ~[na:na]

17-25-13-820  INFO 3240 --- [com.alibaba.nacos.client.remote.worker] com.alibaba.nacos.common.remote.client   : [a244ca18-c11c-4d0a-90eb-25184f5cc6ca] Fail to connect server, after trying 197 times, last try server is {serverIp = '192.168.10.101', server main port = 8848}, error = unknown
17-25-21-830 ERROR 3240 --- [com.alibaba.nacos.client.remote.worker] c.a.n.c.remote.client.grpc.GrpcClient    : Server check fail, please check server 192.168.10.101 ,port 9848 is available , error ={}

java.util.concurrent.TimeoutException: Waited 3000 milliseconds (plus 223400 nanoseconds delay) for com.alibaba.nacos.shaded.io.grpc.stub.ClientCalls$GrpcFuture@2dbf548a[status=PENDING, info=[GrpcFuture{clientCall={delegate={delegate=ClientCallImpl{method=MethodDescriptor{fullMethodName=Request/request, type=UNARY, idempotent=false, safe=false, sampledToLocalTracing=true, requestMarshaller=com.alibaba.nacos.shaded.io.grpc.protobuf.lite.ProtoLiteUtils$MessageMarshaller@24e11377, responseMarshaller=com.alibaba.nacos.shaded.io.grpc.protobuf.lite.ProtoLiteUtils$MessageMarshaller@424f5fa2, schemaDescriptor=com.alibaba.nacos.api.grpc.auto.RequestGrpc$RequestMethodDescriptorSupplier@56847fbc}}}}}]]
	at com.alibaba.nacos.shaded.com.google.common.util.concurrent.AbstractFuture.get(AbstractFuture.java:508) ~[nacos-client-2.0.4.jar:na]
	at com.alibaba.nacos.common.remote.client.grpc.GrpcClient.serverCheck(GrpcClient.java:148) ~[nacos-client-2.0.4.jar:na]
	at com.alibaba.nacos.common.remote.client.grpc.GrpcClient.connectToServer(GrpcClient.java:264) ~[nacos-client-2.0.4.jar:na]
	at com.alibaba.nacos.common.remote.client.RpcClient.reconnect(RpcClient.java:522) ~[nacos-client-2.0.4.jar:na]
	at com.alibaba.nacos.common.remote.client.RpcClient.lambda$start$2(RpcClient.java:370) ~[nacos-client-2.0.4.jar:na]
	at java.base/java.util.concurrent.Executors$RunnableAdapter.call(Executors.java:515) ~[na:na]
	at java.base/java.util.concurrent.FutureTask.run(FutureTask.java:264) ~[na:na]
	at java.base/java.util.concurrent.ScheduledThreadPoolExecutor$ScheduledFutureTask.run(ScheduledThreadPoolExecutor.java:304) ~[na:na]
	at java.base/java.util.concurrent.ThreadPoolExecutor.runWorker(ThreadPoolExecutor.java:1128) ~[na:na]
	at java.base/java.util.concurrent.ThreadPoolExecutor$Worker.run(ThreadPoolExecutor.java:628) ~[na:na]
	at java.base/java.lang.Thread.run(Thread.java:834) ~[na:na]

17-25-21-832  INFO 3240 --- [com.alibaba.nacos.client.remote.worker] com.alibaba.nacos.common.remote.client   : [a244ca18-c11c-4d0a-90eb-25184f5cc6ca] Fail to connect server, after trying 198 times, last try server is {serverIp = '192.168.10.101', server main port = 8848}, error = unknown
17-25-29-012 ERROR 3240 --- [com.alibaba.nacos.client.naming.updater.1] com.alibaba.nacos.common.remote.client   : Send request fail, request = ServiceQueryRequest{headers={app=unknown}, requestId='null'}, retryTimes = 0, errorMessage = Client not connected, current status:UNHEALTHY
17-25-29-120 ERROR 3240 --- [com.alibaba.nacos.client.naming.updater.1] com.alibaba.nacos.common.remote.client   : Send request fail, request = ServiceQueryRequest{headers={app=unknown}, requestId='null'}, retryTimes = 1, errorMessage = Client not connected, current status:UNHEALTHY
17-25-29-229 ERROR 3240 --- [com.alibaba.nacos.client.naming.updater.1] com.alibaba.nacos.common.remote.client   : Send request fail, request = ServiceQueryRequest{headers={app=unknown}, requestId='null'}, retryTimes = 2, errorMessage = Client not connected, current status:UNHEALTHY
17-25-29-844 ERROR 3240 --- [com.alibaba.nacos.client.remote.worker] c.a.n.c.remote.client.grpc.GrpcClient    : Server check fail, please check server 192.168.10.101 ,port 9848 is available , error ={}

java.util.concurrent.TimeoutException: Waited 3000 milliseconds (plus 4 milliseconds, 777900 nanoseconds delay) for com.alibaba.nacos.shaded.io.grpc.stub.ClientCalls$GrpcFuture@6c66e3f1[status=PENDING, info=[GrpcFuture{clientCall={delegate={delegate=ClientCallImpl{method=MethodDescriptor{fullMethodName=Request/request, type=UNARY, idempotent=false, safe=false, sampledToLocalTracing=true, requestMarshaller=com.alibaba.nacos.shaded.io.grpc.protobuf.lite.ProtoLiteUtils$MessageMarshaller@24e11377, responseMarshaller=com.alibaba.nacos.shaded.io.grpc.protobuf.lite.ProtoLiteUtils$MessageMarshaller@424f5fa2, schemaDescriptor=com.alibaba.nacos.api.grpc.auto.RequestGrpc$RequestMethodDescriptorSupplier@56847fbc}}}}}]]
	at com.alibaba.nacos.shaded.com.google.common.util.concurrent.AbstractFuture.get(AbstractFuture.java:508) ~[nacos-client-2.0.4.jar:na]
	at com.alibaba.nacos.common.remote.client.grpc.GrpcClient.serverCheck(GrpcClient.java:148) ~[nacos-client-2.0.4.jar:na]
	at com.alibaba.nacos.common.remote.client.grpc.GrpcClient.connectToServer(GrpcClient.java:264) ~[nacos-client-2.0.4.jar:na]
	at com.alibaba.nacos.common.remote.client.RpcClient.reconnect(RpcClient.java:522) ~[nacos-client-2.0.4.jar:na]
	at com.alibaba.nacos.common.remote.client.RpcClient.lambda$start$2(RpcClient.java:370) ~[nacos-client-2.0.4.jar:na]
	at java.base/java.util.concurrent.Executors$RunnableAdapter.call(Executors.java:515) ~[na:na]
	at java.base/java.util.concurrent.FutureTask.run(FutureTask.java:264) ~[na:na]
	at java.base/java.util.concurrent.ScheduledThreadPoolExecutor$ScheduledFutureTask.run(ScheduledThreadPoolExecutor.java:304) ~[na:na]
	at java.base/java.util.concurrent.ThreadPoolExecutor.runWorker(ThreadPoolExecutor.java:1128) ~[na:na]
	at java.base/java.util.concurrent.ThreadPoolExecutor$Worker.run(ThreadPoolExecutor.java:628) ~[na:na]
	at java.base/java.lang.Thread.run(Thread.java:834) ~[na:na]

17-25-29-845  INFO 3240 --- [com.alibaba.nacos.client.remote.worker] com.alibaba.nacos.common.remote.client   : [a244ca18-c11c-4d0a-90eb-25184f5cc6ca] Fail to connect server, after trying 199 times, last try server is {serverIp = '192.168.10.101', server main port = 8848}, error = unknown
17-25-37-864 ERROR 3240 --- [com.alibaba.nacos.client.remote.worker] c.a.n.c.remote.client.grpc.GrpcClient    : Server check fail, please check server 192.168.10.101 ,port 9848 is available , error ={}

java.util.concurrent.TimeoutException: Waited 3000 milliseconds (plus 13 milliseconds, 142300 nanoseconds delay) for com.alibaba.nacos.shaded.io.grpc.stub.ClientCalls$GrpcFuture@76eced59[status=PENDING, info=[GrpcFuture{clientCall={delegate={delegate=ClientCallImpl{method=MethodDescriptor{fullMethodName=Request/request, type=UNARY, idempotent=false, safe=false, sampledToLocalTracing=true, requestMarshaller=com.alibaba.nacos.shaded.io.grpc.protobuf.lite.ProtoLiteUtils$MessageMarshaller@24e11377, responseMarshaller=com.alibaba.nacos.shaded.io.grpc.protobuf.lite.ProtoLiteUtils$MessageMarshaller@424f5fa2, schemaDescriptor=com.alibaba.nacos.api.grpc.auto.RequestGrpc$RequestMethodDescriptorSupplier@56847fbc}}}}}]]
	at com.alibaba.nacos.shaded.com.google.common.util.concurrent.AbstractFuture.get(AbstractFuture.java:508) ~[nacos-client-2.0.4.jar:na]
	at com.alibaba.nacos.common.remote.client.grpc.GrpcClient.serverCheck(GrpcClient.java:148) ~[nacos-client-2.0.4.jar:na]
	at com.alibaba.nacos.common.remote.client.grpc.GrpcClient.connectToServer(GrpcClient.java:264) ~[nacos-client-2.0.4.jar:na]
	at com.alibaba.nacos.common.remote.client.RpcClient.reconnect(RpcClient.java:522) ~[nacos-client-2.0.4.jar:na]
	at com.alibaba.nacos.common.remote.client.RpcClient.lambda$start$2(RpcClient.java:370) ~[nacos-client-2.0.4.jar:na]
	at java.base/java.util.concurrent.Executors$RunnableAdapter.call(Executors.java:515) ~[na:na]
	at java.base/java.util.concurrent.FutureTask.run(FutureTask.java:264) ~[na:na]
	at java.base/java.util.concurrent.ScheduledThreadPoolExecutor$ScheduledFutureTask.run(ScheduledThreadPoolExecutor.java:304) ~[na:na]
	at java.base/java.util.concurrent.ThreadPoolExecutor.runWorker(ThreadPoolExecutor.java:1128) ~[na:na]
	at java.base/java.util.concurrent.ThreadPoolExecutor$Worker.run(ThreadPoolExecutor.java:628) ~[na:na]
	at java.base/java.lang.Thread.run(Thread.java:834) ~[na:na]

17-25-37-865  INFO 3240 --- [com.alibaba.nacos.client.remote.worker] com.alibaba.nacos.common.remote.client   : [a244ca18-c11c-4d0a-90eb-25184f5cc6ca] Fail to connect server, after trying 200 times, last try server is {serverIp = '192.168.10.101', server main port = 8848}, error = unknown
17-25-45-882 ERROR 3240 --- [com.alibaba.nacos.client.remote.worker] c.a.n.c.remote.client.grpc.GrpcClient    : Server check fail, please check server 192.168.10.101 ,port 9848 is available , error ={}

java.util.concurrent.TimeoutException: Waited 3000 milliseconds (plus 11 milliseconds, 547500 nanoseconds delay) for com.alibaba.nacos.shaded.io.grpc.stub.ClientCalls$GrpcFuture@598eb67e[status=PENDING, info=[GrpcFuture{clientCall={delegate={delegate=ClientCallImpl{method=MethodDescriptor{fullMethodName=Request/request, type=UNARY, idempotent=false, safe=false, sampledToLocalTracing=true, requestMarshaller=com.alibaba.nacos.shaded.io.grpc.protobuf.lite.ProtoLiteUtils$MessageMarshaller@24e11377, responseMarshaller=com.alibaba.nacos.shaded.io.grpc.protobuf.lite.ProtoLiteUtils$MessageMarshaller@424f5fa2, schemaDescriptor=com.alibaba.nacos.api.grpc.auto.RequestGrpc$RequestMethodDescriptorSupplier@56847fbc}}}}}]]
	at com.alibaba.nacos.shaded.com.google.common.util.concurrent.AbstractFuture.get(AbstractFuture.java:508) ~[nacos-client-2.0.4.jar:na]
	at com.alibaba.nacos.common.remote.client.grpc.GrpcClient.serverCheck(GrpcClient.java:148) ~[nacos-client-2.0.4.jar:na]
	at com.alibaba.nacos.common.remote.client.grpc.GrpcClient.connectToServer(GrpcClient.java:264) ~[nacos-client-2.0.4.jar:na]
	at com.alibaba.nacos.common.remote.client.RpcClient.reconnect(RpcClient.java:522) ~[nacos-client-2.0.4.jar:na]
	at com.alibaba.nacos.common.remote.client.RpcClient.lambda$start$2(RpcClient.java:370) ~[nacos-client-2.0.4.jar:na]
	at java.base/java.util.concurrent.Executors$RunnableAdapter.call(Executors.java:515) ~[na:na]
	at java.base/java.util.concurrent.FutureTask.run(FutureTask.java:264) ~[na:na]
	at java.base/java.util.concurrent.ScheduledThreadPoolExecutor$ScheduledFutureTask.run(ScheduledThreadPoolExecutor.java:304) ~[na:na]
	at java.base/java.util.concurrent.ThreadPoolExecutor.runWorker(ThreadPoolExecutor.java:1128) ~[na:na]
	at java.base/java.util.concurrent.ThreadPoolExecutor$Worker.run(ThreadPoolExecutor.java:628) ~[na:na]
	at java.base/java.lang.Thread.run(Thread.java:834) ~[na:na]

17-25-45-883  INFO 3240 --- [com.alibaba.nacos.client.remote.worker] com.alibaba.nacos.common.remote.client   : [a244ca18-c11c-4d0a-90eb-25184f5cc6ca] Fail to connect server, after trying 201 times, last try server is {serverIp = '192.168.10.101', server main port = 8848}, error = unknown
17-25-53-900 ERROR 3240 --- [com.alibaba.nacos.client.remote.worker] c.a.n.c.remote.client.grpc.GrpcClient    : Server check fail, please check server 192.168.10.101 ,port 9848 is available , error ={}

java.util.concurrent.TimeoutException: Waited 3000 milliseconds (plus 14 milliseconds, 296500 nanoseconds delay) for com.alibaba.nacos.shaded.io.grpc.stub.ClientCalls$GrpcFuture@2270cada[status=PENDING, info=[GrpcFuture{clientCall={delegate={delegate=ClientCallImpl{method=MethodDescriptor{fullMethodName=Request/request, type=UNARY, idempotent=false, safe=false, sampledToLocalTracing=true, requestMarshaller=com.alibaba.nacos.shaded.io.grpc.protobuf.lite.ProtoLiteUtils$MessageMarshaller@24e11377, responseMarshaller=com.alibaba.nacos.shaded.io.grpc.protobuf.lite.ProtoLiteUtils$MessageMarshaller@424f5fa2, schemaDescriptor=com.alibaba.nacos.api.grpc.auto.RequestGrpc$RequestMethodDescriptorSupplier@56847fbc}}}}}]]
	at com.alibaba.nacos.shaded.com.google.common.util.concurrent.AbstractFuture.get(AbstractFuture.java:508) ~[nacos-client-2.0.4.jar:na]
	at com.alibaba.nacos.common.remote.client.grpc.GrpcClient.serverCheck(GrpcClient.java:148) ~[nacos-client-2.0.4.jar:na]
	at com.alibaba.nacos.common.remote.client.grpc.GrpcClient.connectToServer(GrpcClient.java:264) ~[nacos-client-2.0.4.jar:na]
	at com.alibaba.nacos.common.remote.client.RpcClient.reconnect(RpcClient.java:522) ~[nacos-client-2.0.4.jar:na]
	at com.alibaba.nacos.common.remote.client.RpcClient.lambda$start$2(RpcClient.java:370) ~[nacos-client-2.0.4.jar:na]
	at java.base/java.util.concurrent.Executors$RunnableAdapter.call(Executors.java:515) ~[na:na]
	at java.base/java.util.concurrent.FutureTask.run(FutureTask.java:264) ~[na:na]
	at java.base/java.util.concurrent.ScheduledThreadPoolExecutor$ScheduledFutureTask.run(ScheduledThreadPoolExecutor.java:304) ~[na:na]
	at java.base/java.util.concurrent.ThreadPoolExecutor.runWorker(ThreadPoolExecutor.java:1128) ~[na:na]
	at java.base/java.util.concurrent.ThreadPoolExecutor$Worker.run(ThreadPoolExecutor.java:628) ~[na:na]
	at java.base/java.lang.Thread.run(Thread.java:834) ~[na:na]

17-25-53-901  INFO 3240 --- [com.alibaba.nacos.client.remote.worker] com.alibaba.nacos.common.remote.client   : [a244ca18-c11c-4d0a-90eb-25184f5cc6ca] Fail to connect server, after trying 202 times, last try server is {serverIp = '192.168.10.101', server main port = 8848}, error = unknown
17-26-01-907 ERROR 3240 --- [com.alibaba.nacos.client.remote.worker] c.a.n.c.remote.client.grpc.GrpcClient    : Server check fail, please check server 192.168.10.101 ,port 9848 is available , error ={}

java.util.concurrent.TimeoutException: Waited 3000 milliseconds (plus 2 milliseconds, 279200 nanoseconds delay) for com.alibaba.nacos.shaded.io.grpc.stub.ClientCalls$GrpcFuture@706c5f8a[status=PENDING, info=[GrpcFuture{clientCall={delegate={delegate=ClientCallImpl{method=MethodDescriptor{fullMethodName=Request/request, type=UNARY, idempotent=false, safe=false, sampledToLocalTracing=true, requestMarshaller=com.alibaba.nacos.shaded.io.grpc.protobuf.lite.ProtoLiteUtils$MessageMarshaller@24e11377, responseMarshaller=com.alibaba.nacos.shaded.io.grpc.protobuf.lite.ProtoLiteUtils$MessageMarshaller@424f5fa2, schemaDescriptor=com.alibaba.nacos.api.grpc.auto.RequestGrpc$RequestMethodDescriptorSupplier@56847fbc}}}}}]]
	at com.alibaba.nacos.shaded.com.google.common.util.concurrent.AbstractFuture.get(AbstractFuture.java:508) ~[nacos-client-2.0.4.jar:na]
	at com.alibaba.nacos.common.remote.client.grpc.GrpcClient.serverCheck(GrpcClient.java:148) ~[nacos-client-2.0.4.jar:na]
	at com.alibaba.nacos.common.remote.client.grpc.GrpcClient.connectToServer(GrpcClient.java:264) ~[nacos-client-2.0.4.jar:na]
	at com.alibaba.nacos.common.remote.client.RpcClient.reconnect(RpcClient.java:522) ~[nacos-client-2.0.4.jar:na]
	at com.alibaba.nacos.common.remote.client.RpcClient.lambda$start$2(RpcClient.java:370) ~[nacos-client-2.0.4.jar:na]
	at java.base/java.util.concurrent.Executors$RunnableAdapter.call(Executors.java:515) ~[na:na]
	at java.base/java.util.concurrent.FutureTask.run(FutureTask.java:264) ~[na:na]
	at java.base/java.util.concurrent.ScheduledThreadPoolExecutor$ScheduledFutureTask.run(ScheduledThreadPoolExecutor.java:304) ~[na:na]
	at java.base/java.util.concurrent.ThreadPoolExecutor.runWorker(ThreadPoolExecutor.java:1128) ~[na:na]
	at java.base/java.util.concurrent.ThreadPoolExecutor$Worker.run(ThreadPoolExecutor.java:628) ~[na:na]
	at java.base/java.lang.Thread.run(Thread.java:834) ~[na:na]

17-26-01-908  INFO 3240 --- [com.alibaba.nacos.client.remote.worker] com.alibaba.nacos.common.remote.client   : [a244ca18-c11c-4d0a-90eb-25184f5cc6ca] Fail to connect server, after trying 203 times, last try server is {serverIp = '192.168.10.101', server main port = 8848}, error = unknown
17-26-09-912 ERROR 3240 --- [com.alibaba.nacos.client.remote.worker] c.a.n.c.remote.client.grpc.GrpcClient    : Server check fail, please check server 192.168.10.101 ,port 9848 is available , error ={}

java.util.concurrent.TimeoutException: Waited 3000 milliseconds (plus 848800 nanoseconds delay) for com.alibaba.nacos.shaded.io.grpc.stub.ClientCalls$GrpcFuture@217c8f6e[status=PENDING, info=[GrpcFuture{clientCall={delegate={delegate=ClientCallImpl{method=MethodDescriptor{fullMethodName=Request/request, type=UNARY, idempotent=false, safe=false, sampledToLocalTracing=true, requestMarshaller=com.alibaba.nacos.shaded.io.grpc.protobuf.lite.ProtoLiteUtils$MessageMarshaller@24e11377, responseMarshaller=com.alibaba.nacos.shaded.io.grpc.protobuf.lite.ProtoLiteUtils$MessageMarshaller@424f5fa2, schemaDescriptor=com.alibaba.nacos.api.grpc.auto.RequestGrpc$RequestMethodDescriptorSupplier@56847fbc}}}}}]]
	at com.alibaba.nacos.shaded.com.google.common.util.concurrent.AbstractFuture.get(AbstractFuture.java:508) ~[nacos-client-2.0.4.jar:na]
	at com.alibaba.nacos.common.remote.client.grpc.GrpcClient.serverCheck(GrpcClient.java:148) ~[nacos-client-2.0.4.jar:na]
	at com.alibaba.nacos.common.remote.client.grpc.GrpcClient.connectToServer(GrpcClient.java:264) ~[nacos-client-2.0.4.jar:na]
	at com.alibaba.nacos.common.remote.client.RpcClient.reconnect(RpcClient.java:522) ~[nacos-client-2.0.4.jar:na]
	at com.alibaba.nacos.common.remote.client.RpcClient.lambda$start$2(RpcClient.java:370) ~[nacos-client-2.0.4.jar:na]
	at java.base/java.util.concurrent.Executors$RunnableAdapter.call(Executors.java:515) ~[na:na]
	at java.base/java.util.concurrent.FutureTask.run(FutureTask.java:264) ~[na:na]
	at java.base/java.util.concurrent.ScheduledThreadPoolExecutor$ScheduledFutureTask.run(ScheduledThreadPoolExecutor.java:304) ~[na:na]
	at java.base/java.util.concurrent.ThreadPoolExecutor.runWorker(ThreadPoolExecutor.java:1128) ~[na:na]
	at java.base/java.util.concurrent.ThreadPoolExecutor$Worker.run(ThreadPoolExecutor.java:628) ~[na:na]
	at java.base/java.lang.Thread.run(Thread.java:834) ~[na:na]

17-26-09-913  INFO 3240 --- [com.alibaba.nacos.client.remote.worker] com.alibaba.nacos.common.remote.client   : [a244ca18-c11c-4d0a-90eb-25184f5cc6ca] Fail to connect server, after trying 204 times, last try server is {serverIp = '192.168.10.101', server main port = 8848}, error = unknown
17-26-17-930 ERROR 3240 --- [com.alibaba.nacos.client.remote.worker] c.a.n.c.remote.client.grpc.GrpcClient    : Server check fail, please check server 192.168.10.101 ,port 9848 is available , error ={}

java.util.concurrent.TimeoutException: Waited 3000 milliseconds (plus 308900 nanoseconds delay) for com.alibaba.nacos.shaded.io.grpc.stub.ClientCalls$GrpcFuture@2d74c584[status=PENDING, info=[GrpcFuture{clientCall={delegate={delegate=ClientCallImpl{method=MethodDescriptor{fullMethodName=Request/request, type=UNARY, idempotent=false, safe=false, sampledToLocalTracing=true, requestMarshaller=com.alibaba.nacos.shaded.io.grpc.protobuf.lite.ProtoLiteUtils$MessageMarshaller@24e11377, responseMarshaller=com.alibaba.nacos.shaded.io.grpc.protobuf.lite.ProtoLiteUtils$MessageMarshaller@424f5fa2, schemaDescriptor=com.alibaba.nacos.api.grpc.auto.RequestGrpc$RequestMethodDescriptorSupplier@56847fbc}}}}}]]
	at com.alibaba.nacos.shaded.com.google.common.util.concurrent.AbstractFuture.get(AbstractFuture.java:508) ~[nacos-client-2.0.4.jar:na]
	at com.alibaba.nacos.common.remote.client.grpc.GrpcClient.serverCheck(GrpcClient.java:148) ~[nacos-client-2.0.4.jar:na]
	at com.alibaba.nacos.common.remote.client.grpc.GrpcClient.connectToServer(GrpcClient.java:264) ~[nacos-client-2.0.4.jar:na]
	at com.alibaba.nacos.common.remote.client.RpcClient.reconnect(RpcClient.java:522) ~[nacos-client-2.0.4.jar:na]
	at com.alibaba.nacos.common.remote.client.RpcClient.lambda$start$2(RpcClient.java:370) ~[nacos-client-2.0.4.jar:na]
	at java.base/java.util.concurrent.Executors$RunnableAdapter.call(Executors.java:515) ~[na:na]
	at java.base/java.util.concurrent.FutureTask.run(FutureTask.java:264) ~[na:na]
	at java.base/java.util.concurrent.ScheduledThreadPoolExecutor$ScheduledFutureTask.run(ScheduledThreadPoolExecutor.java:304) ~[na:na]
	at java.base/java.util.concurrent.ThreadPoolExecutor.runWorker(ThreadPoolExecutor.java:1128) ~[na:na]
	at java.base/java.util.concurrent.ThreadPoolExecutor$Worker.run(ThreadPoolExecutor.java:628) ~[na:na]
	at java.base/java.lang.Thread.run(Thread.java:834) ~[na:na]

17-26-17-931  INFO 3240 --- [com.alibaba.nacos.client.remote.worker] com.alibaba.nacos.common.remote.client   : [a244ca18-c11c-4d0a-90eb-25184f5cc6ca] Fail to connect server, after trying 205 times, last try server is {serverIp = '192.168.10.101', server main port = 8848}, error = unknown
17-26-25-936 ERROR 3240 --- [com.alibaba.nacos.client.remote.worker] c.a.n.c.remote.client.grpc.GrpcClient    : Server check fail, please check server 192.168.10.101 ,port 9848 is available , error ={}

java.util.concurrent.TimeoutException: Waited 3000 milliseconds (plus 3 milliseconds, 401700 nanoseconds delay) for com.alibaba.nacos.shaded.io.grpc.stub.ClientCalls$GrpcFuture@568358b[status=PENDING, info=[GrpcFuture{clientCall={delegate={delegate=ClientCallImpl{method=MethodDescriptor{fullMethodName=Request/request, type=UNARY, idempotent=false, safe=false, sampledToLocalTracing=true, requestMarshaller=com.alibaba.nacos.shaded.io.grpc.protobuf.lite.ProtoLiteUtils$MessageMarshaller@24e11377, responseMarshaller=com.alibaba.nacos.shaded.io.grpc.protobuf.lite.ProtoLiteUtils$MessageMarshaller@424f5fa2, schemaDescriptor=com.alibaba.nacos.api.grpc.auto.RequestGrpc$RequestMethodDescriptorSupplier@56847fbc}}}}}]]
	at com.alibaba.nacos.shaded.com.google.common.util.concurrent.AbstractFuture.get(AbstractFuture.java:508) ~[nacos-client-2.0.4.jar:na]
	at com.alibaba.nacos.common.remote.client.grpc.GrpcClient.serverCheck(GrpcClient.java:148) ~[nacos-client-2.0.4.jar:na]
	at com.alibaba.nacos.common.remote.client.grpc.GrpcClient.connectToServer(GrpcClient.java:264) ~[nacos-client-2.0.4.jar:na]
	at com.alibaba.nacos.common.remote.client.RpcClient.reconnect(RpcClient.java:522) ~[nacos-client-2.0.4.jar:na]
	at com.alibaba.nacos.common.remote.client.RpcClient.lambda$start$2(RpcClient.java:370) ~[nacos-client-2.0.4.jar:na]
	at java.base/java.util.concurrent.Executors$RunnableAdapter.call(Executors.java:515) ~[na:na]
	at java.base/java.util.concurrent.FutureTask.run(FutureTask.java:264) ~[na:na]
	at java.base/java.util.concurrent.ScheduledThreadPoolExecutor$ScheduledFutureTask.run(ScheduledThreadPoolExecutor.java:304) ~[na:na]
	at java.base/java.util.concurrent.ThreadPoolExecutor.runWorker(ThreadPoolExecutor.java:1128) ~[na:na]
	at java.base/java.util.concurrent.ThreadPoolExecutor$Worker.run(ThreadPoolExecutor.java:628) ~[na:na]
	at java.base/java.lang.Thread.run(Thread.java:834) ~[na:na]

17-26-25-938  INFO 3240 --- [com.alibaba.nacos.client.remote.worker] com.alibaba.nacos.common.remote.client   : [a244ca18-c11c-4d0a-90eb-25184f5cc6ca] Fail to connect server, after trying 206 times, last try server is {serverIp = '192.168.10.101', server main port = 8848}, error = unknown
17-26-29-338 ERROR 3240 --- [com.alibaba.nacos.client.naming.updater.1] com.alibaba.nacos.common.remote.client   : Send request fail, request = ServiceQueryRequest{headers={app=unknown}, requestId='null'}, retryTimes = 0, errorMessage = Client not connected, current status:UNHEALTHY
17-26-29-445 ERROR 3240 --- [com.alibaba.nacos.client.naming.updater.1] com.alibaba.nacos.common.remote.client   : Send request fail, request = ServiceQueryRequest{headers={app=unknown}, requestId='null'}, retryTimes = 1, errorMessage = Client not connected, current status:UNHEALTHY
17-26-29-554 ERROR 3240 --- [com.alibaba.nacos.client.naming.updater.1] com.alibaba.nacos.common.remote.client   : Send request fail, request = ServiceQueryRequest{headers={app=unknown}, requestId='null'}, retryTimes = 2, errorMessage = Client not connected, current status:UNHEALTHY
17-26-33-941 ERROR 3240 --- [com.alibaba.nacos.client.remote.worker] c.a.n.c.remote.client.grpc.GrpcClient    : Server check fail, please check server 192.168.10.101 ,port 9848 is available , error ={}

java.util.concurrent.TimeoutException: Waited 3000 milliseconds (plus 865800 nanoseconds delay) for com.alibaba.nacos.shaded.io.grpc.stub.ClientCalls$GrpcFuture@58c32930[status=PENDING, info=[GrpcFuture{clientCall={delegate={delegate=ClientCallImpl{method=MethodDescriptor{fullMethodName=Request/request, type=UNARY, idempotent=false, safe=false, sampledToLocalTracing=true, requestMarshaller=com.alibaba.nacos.shaded.io.grpc.protobuf.lite.ProtoLiteUtils$MessageMarshaller@24e11377, responseMarshaller=com.alibaba.nacos.shaded.io.grpc.protobuf.lite.ProtoLiteUtils$MessageMarshaller@424f5fa2, schemaDescriptor=com.alibaba.nacos.api.grpc.auto.RequestGrpc$RequestMethodDescriptorSupplier@56847fbc}}}}}]]
	at com.alibaba.nacos.shaded.com.google.common.util.concurrent.AbstractFuture.get(AbstractFuture.java:508) ~[nacos-client-2.0.4.jar:na]
	at com.alibaba.nacos.common.remote.client.grpc.GrpcClient.serverCheck(GrpcClient.java:148) ~[nacos-client-2.0.4.jar:na]
	at com.alibaba.nacos.common.remote.client.grpc.GrpcClient.connectToServer(GrpcClient.java:264) ~[nacos-client-2.0.4.jar:na]
	at com.alibaba.nacos.common.remote.client.RpcClient.reconnect(RpcClient.java:522) ~[nacos-client-2.0.4.jar:na]
	at com.alibaba.nacos.common.remote.client.RpcClient.lambda$start$2(RpcClient.java:370) ~[nacos-client-2.0.4.jar:na]
	at java.base/java.util.concurrent.Executors$RunnableAdapter.call(Executors.java:515) ~[na:na]
	at java.base/java.util.concurrent.FutureTask.run(FutureTask.java:264) ~[na:na]
	at java.base/java.util.concurrent.ScheduledThreadPoolExecutor$ScheduledFutureTask.run(ScheduledThreadPoolExecutor.java:304) ~[na:na]
	at java.base/java.util.concurrent.ThreadPoolExecutor.runWorker(ThreadPoolExecutor.java:1128) ~[na:na]
	at java.base/java.util.concurrent.ThreadPoolExecutor$Worker.run(ThreadPoolExecutor.java:628) ~[na:na]
	at java.base/java.lang.Thread.run(Thread.java:834) ~[na:na]

17-26-33-942  INFO 3240 --- [com.alibaba.nacos.client.remote.worker] com.alibaba.nacos.common.remote.client   : [a244ca18-c11c-4d0a-90eb-25184f5cc6ca] Fail to connect server, after trying 207 times, last try server is {serverIp = '192.168.10.101', server main port = 8848}, error = unknown
17-26-41-962 ERROR 3240 --- [com.alibaba.nacos.client.remote.worker] c.a.n.c.remote.client.grpc.GrpcClient    : Server check fail, please check server 192.168.10.101 ,port 9848 is available , error ={}

java.util.concurrent.TimeoutException: Waited 3000 milliseconds (plus 7 milliseconds, 907800 nanoseconds delay) for com.alibaba.nacos.shaded.io.grpc.stub.ClientCalls$GrpcFuture@1ff62074[status=PENDING, info=[GrpcFuture{clientCall={delegate={delegate=ClientCallImpl{method=MethodDescriptor{fullMethodName=Request/request, type=UNARY, idempotent=false, safe=false, sampledToLocalTracing=true, requestMarshaller=com.alibaba.nacos.shaded.io.grpc.protobuf.lite.ProtoLiteUtils$MessageMarshaller@24e11377, responseMarshaller=com.alibaba.nacos.shaded.io.grpc.protobuf.lite.ProtoLiteUtils$MessageMarshaller@424f5fa2, schemaDescriptor=com.alibaba.nacos.api.grpc.auto.RequestGrpc$RequestMethodDescriptorSupplier@56847fbc}}}}}]]
	at com.alibaba.nacos.shaded.com.google.common.util.concurrent.AbstractFuture.get(AbstractFuture.java:508) ~[nacos-client-2.0.4.jar:na]
	at com.alibaba.nacos.common.remote.client.grpc.GrpcClient.serverCheck(GrpcClient.java:148) ~[nacos-client-2.0.4.jar:na]
	at com.alibaba.nacos.common.remote.client.grpc.GrpcClient.connectToServer(GrpcClient.java:264) ~[nacos-client-2.0.4.jar:na]
	at com.alibaba.nacos.common.remote.client.RpcClient.reconnect(RpcClient.java:522) ~[nacos-client-2.0.4.jar:na]
	at com.alibaba.nacos.common.remote.client.RpcClient.lambda$start$2(RpcClient.java:370) ~[nacos-client-2.0.4.jar:na]
	at java.base/java.util.concurrent.Executors$RunnableAdapter.call(Executors.java:515) ~[na:na]
	at java.base/java.util.concurrent.FutureTask.run(FutureTask.java:264) ~[na:na]
	at java.base/java.util.concurrent.ScheduledThreadPoolExecutor$ScheduledFutureTask.run(ScheduledThreadPoolExecutor.java:304) ~[na:na]
	at java.base/java.util.concurrent.ThreadPoolExecutor.runWorker(ThreadPoolExecutor.java:1128) ~[na:na]
	at java.base/java.util.concurrent.ThreadPoolExecutor$Worker.run(ThreadPoolExecutor.java:628) ~[na:na]
	at java.base/java.lang.Thread.run(Thread.java:834) ~[na:na]

17-26-41-963  INFO 3240 --- [com.alibaba.nacos.client.remote.worker] com.alibaba.nacos.common.remote.client   : [a244ca18-c11c-4d0a-90eb-25184f5cc6ca] Fail to connect server, after trying 208 times, last try server is {serverIp = '192.168.10.101', server main port = 8848}, error = unknown
17-26-49-987 ERROR 3240 --- [com.alibaba.nacos.client.remote.worker] c.a.n.c.remote.client.grpc.GrpcClient    : Server check fail, please check server 192.168.10.101 ,port 9848 is available , error ={}

java.util.concurrent.TimeoutException: Waited 3000 milliseconds (plus 7 milliseconds, 80900 nanoseconds delay) for com.alibaba.nacos.shaded.io.grpc.stub.ClientCalls$GrpcFuture@3ae61a[status=PENDING, info=[GrpcFuture{clientCall={delegate={delegate=ClientCallImpl{method=MethodDescriptor{fullMethodName=Request/request, type=UNARY, idempotent=false, safe=false, sampledToLocalTracing=true, requestMarshaller=com.alibaba.nacos.shaded.io.grpc.protobuf.lite.ProtoLiteUtils$MessageMarshaller@24e11377, responseMarshaller=com.alibaba.nacos.shaded.io.grpc.protobuf.lite.ProtoLiteUtils$MessageMarshaller@424f5fa2, schemaDescriptor=com.alibaba.nacos.api.grpc.auto.RequestGrpc$RequestMethodDescriptorSupplier@56847fbc}}}}}]]
	at com.alibaba.nacos.shaded.com.google.common.util.concurrent.AbstractFuture.get(AbstractFuture.java:508) ~[nacos-client-2.0.4.jar:na]
	at com.alibaba.nacos.common.remote.client.grpc.GrpcClient.serverCheck(GrpcClient.java:148) ~[nacos-client-2.0.4.jar:na]
	at com.alibaba.nacos.common.remote.client.grpc.GrpcClient.connectToServer(GrpcClient.java:264) ~[nacos-client-2.0.4.jar:na]
	at com.alibaba.nacos.common.remote.client.RpcClient.reconnect(RpcClient.java:522) ~[nacos-client-2.0.4.jar:na]
	at com.alibaba.nacos.common.remote.client.RpcClient.lambda$start$2(RpcClient.java:370) ~[nacos-client-2.0.4.jar:na]
	at java.base/java.util.concurrent.Executors$RunnableAdapter.call(Executors.java:515) ~[na:na]
	at java.base/java.util.concurrent.FutureTask.run(FutureTask.java:264) ~[na:na]
	at java.base/java.util.concurrent.ScheduledThreadPoolExecutor$ScheduledFutureTask.run(ScheduledThreadPoolExecutor.java:304) ~[na:na]
	at java.base/java.util.concurrent.ThreadPoolExecutor.runWorker(ThreadPoolExecutor.java:1128) ~[na:na]
	at java.base/java.util.concurrent.ThreadPoolExecutor$Worker.run(ThreadPoolExecutor.java:628) ~[na:na]
	at java.base/java.lang.Thread.run(Thread.java:834) ~[na:na]

17-26-49-988  INFO 3240 --- [com.alibaba.nacos.client.remote.worker] com.alibaba.nacos.common.remote.client   : [a244ca18-c11c-4d0a-90eb-25184f5cc6ca] Fail to connect server, after trying 209 times, last try server is {serverIp = '192.168.10.101', server main port = 8848}, error = unknown
17-26-58-004 ERROR 3240 --- [com.alibaba.nacos.client.remote.worker] c.a.n.c.remote.client.grpc.GrpcClient    : Server check fail, please check server 192.168.10.101 ,port 9848 is available , error ={}

java.util.concurrent.TimeoutException: Waited 3000 milliseconds (plus 2 milliseconds, 873600 nanoseconds delay) for com.alibaba.nacos.shaded.io.grpc.stub.ClientCalls$GrpcFuture@5bda9da9[status=PENDING, info=[GrpcFuture{clientCall={delegate={delegate=ClientCallImpl{method=MethodDescriptor{fullMethodName=Request/request, type=UNARY, idempotent=false, safe=false, sampledToLocalTracing=true, requestMarshaller=com.alibaba.nacos.shaded.io.grpc.protobuf.lite.ProtoLiteUtils$MessageMarshaller@24e11377, responseMarshaller=com.alibaba.nacos.shaded.io.grpc.protobuf.lite.ProtoLiteUtils$MessageMarshaller@424f5fa2, schemaDescriptor=com.alibaba.nacos.api.grpc.auto.RequestGrpc$RequestMethodDescriptorSupplier@56847fbc}}}}}]]
	at com.alibaba.nacos.shaded.com.google.common.util.concurrent.AbstractFuture.get(AbstractFuture.java:508) ~[nacos-client-2.0.4.jar:na]
	at com.alibaba.nacos.common.remote.client.grpc.GrpcClient.serverCheck(GrpcClient.java:148) ~[nacos-client-2.0.4.jar:na]
	at com.alibaba.nacos.common.remote.client.grpc.GrpcClient.connectToServer(GrpcClient.java:264) ~[nacos-client-2.0.4.jar:na]
	at com.alibaba.nacos.common.remote.client.RpcClient.reconnect(RpcClient.java:522) ~[nacos-client-2.0.4.jar:na]
	at com.alibaba.nacos.common.remote.client.RpcClient.lambda$start$2(RpcClient.java:370) ~[nacos-client-2.0.4.jar:na]
	at java.base/java.util.concurrent.Executors$RunnableAdapter.call(Executors.java:515) ~[na:na]
	at java.base/java.util.concurrent.FutureTask.run(FutureTask.java:264) ~[na:na]
	at java.base/java.util.concurrent.ScheduledThreadPoolExecutor$ScheduledFutureTask.run(ScheduledThreadPoolExecutor.java:304) ~[na:na]
	at java.base/java.util.concurrent.ThreadPoolExecutor.runWorker(ThreadPoolExecutor.java:1128) ~[na:na]
	at java.base/java.util.concurrent.ThreadPoolExecutor$Worker.run(ThreadPoolExecutor.java:628) ~[na:na]
	at java.base/java.lang.Thread.run(Thread.java:834) ~[na:na]

17-26-58-005  INFO 3240 --- [com.alibaba.nacos.client.remote.worker] com.alibaba.nacos.common.remote.client   : [a244ca18-c11c-4d0a-90eb-25184f5cc6ca] Fail to connect server, after trying 210 times, last try server is {serverIp = '192.168.10.101', server main port = 8848}, error = unknown
17-27-06-011 ERROR 3240 --- [com.alibaba.nacos.client.remote.worker] c.a.n.c.remote.client.grpc.GrpcClient    : Server check fail, please check server 192.168.10.101 ,port 9848 is available , error ={}

java.util.concurrent.TimeoutException: Waited 3000 milliseconds (plus 3 milliseconds, 572700 nanoseconds delay) for com.alibaba.nacos.shaded.io.grpc.stub.ClientCalls$GrpcFuture@59120797[status=PENDING, info=[GrpcFuture{clientCall={delegate={delegate=ClientCallImpl{method=MethodDescriptor{fullMethodName=Request/request, type=UNARY, idempotent=false, safe=false, sampledToLocalTracing=true, requestMarshaller=com.alibaba.nacos.shaded.io.grpc.protobuf.lite.ProtoLiteUtils$MessageMarshaller@24e11377, responseMarshaller=com.alibaba.nacos.shaded.io.grpc.protobuf.lite.ProtoLiteUtils$MessageMarshaller@424f5fa2, schemaDescriptor=com.alibaba.nacos.api.grpc.auto.RequestGrpc$RequestMethodDescriptorSupplier@56847fbc}}}}}]]
	at com.alibaba.nacos.shaded.com.google.common.util.concurrent.AbstractFuture.get(AbstractFuture.java:508) ~[nacos-client-2.0.4.jar:na]
	at com.alibaba.nacos.common.remote.client.grpc.GrpcClient.serverCheck(GrpcClient.java:148) ~[nacos-client-2.0.4.jar:na]
	at com.alibaba.nacos.common.remote.client.grpc.GrpcClient.connectToServer(GrpcClient.java:264) ~[nacos-client-2.0.4.jar:na]
	at com.alibaba.nacos.common.remote.client.RpcClient.reconnect(RpcClient.java:522) ~[nacos-client-2.0.4.jar:na]
	at com.alibaba.nacos.common.remote.client.RpcClient.lambda$start$2(RpcClient.java:370) ~[nacos-client-2.0.4.jar:na]
	at java.base/java.util.concurrent.Executors$RunnableAdapter.call(Executors.java:515) ~[na:na]
	at java.base/java.util.concurrent.FutureTask.run(FutureTask.java:264) ~[na:na]
	at java.base/java.util.concurrent.ScheduledThreadPoolExecutor$ScheduledFutureTask.run(ScheduledThreadPoolExecutor.java:304) ~[na:na]
	at java.base/java.util.concurrent.ThreadPoolExecutor.runWorker(ThreadPoolExecutor.java:1128) ~[na:na]
	at java.base/java.util.concurrent.ThreadPoolExecutor$Worker.run(ThreadPoolExecutor.java:628) ~[na:na]
	at java.base/java.lang.Thread.run(Thread.java:834) ~[na:na]

17-27-06-012  INFO 3240 --- [com.alibaba.nacos.client.remote.worker] com.alibaba.nacos.common.remote.client   : [a244ca18-c11c-4d0a-90eb-25184f5cc6ca] Fail to connect server, after trying 211 times, last try server is {serverIp = '192.168.10.101', server main port = 8848}, error = unknown
17-27-14-015 ERROR 3240 --- [com.alibaba.nacos.client.remote.worker] c.a.n.c.remote.client.grpc.GrpcClient    : Server check fail, please check server 192.168.10.101 ,port 9848 is available , error ={}

java.util.concurrent.TimeoutException: Waited 3000 milliseconds (plus 1 milliseconds, 705500 nanoseconds delay) for com.alibaba.nacos.shaded.io.grpc.stub.ClientCalls$GrpcFuture@6ba26fe3[status=PENDING, info=[GrpcFuture{clientCall={delegate={delegate=ClientCallImpl{method=MethodDescriptor{fullMethodName=Request/request, type=UNARY, idempotent=false, safe=false, sampledToLocalTracing=true, requestMarshaller=com.alibaba.nacos.shaded.io.grpc.protobuf.lite.ProtoLiteUtils$MessageMarshaller@24e11377, responseMarshaller=com.alibaba.nacos.shaded.io.grpc.protobuf.lite.ProtoLiteUtils$MessageMarshaller@424f5fa2, schemaDescriptor=com.alibaba.nacos.api.grpc.auto.RequestGrpc$RequestMethodDescriptorSupplier@56847fbc}}}}}]]
	at com.alibaba.nacos.shaded.com.google.common.util.concurrent.AbstractFuture.get(AbstractFuture.java:508) ~[nacos-client-2.0.4.jar:na]
	at com.alibaba.nacos.common.remote.client.grpc.GrpcClient.serverCheck(GrpcClient.java:148) ~[nacos-client-2.0.4.jar:na]
	at com.alibaba.nacos.common.remote.client.grpc.GrpcClient.connectToServer(GrpcClient.java:264) ~[nacos-client-2.0.4.jar:na]
	at com.alibaba.nacos.common.remote.client.RpcClient.reconnect(RpcClient.java:522) ~[nacos-client-2.0.4.jar:na]
	at com.alibaba.nacos.common.remote.client.RpcClient.lambda$start$2(RpcClient.java:370) ~[nacos-client-2.0.4.jar:na]
	at java.base/java.util.concurrent.Executors$RunnableAdapter.call(Executors.java:515) ~[na:na]
	at java.base/java.util.concurrent.FutureTask.run(FutureTask.java:264) ~[na:na]
	at java.base/java.util.concurrent.ScheduledThreadPoolExecutor$ScheduledFutureTask.run(ScheduledThreadPoolExecutor.java:304) ~[na:na]
	at java.base/java.util.concurrent.ThreadPoolExecutor.runWorker(ThreadPoolExecutor.java:1128) ~[na:na]
	at java.base/java.util.concurrent.ThreadPoolExecutor$Worker.run(ThreadPoolExecutor.java:628) ~[na:na]
	at java.base/java.lang.Thread.run(Thread.java:834) ~[na:na]

17-27-14-016  INFO 3240 --- [com.alibaba.nacos.client.remote.worker] com.alibaba.nacos.common.remote.client   : [a244ca18-c11c-4d0a-90eb-25184f5cc6ca] Fail to connect server, after trying 212 times, last try server is {serverIp = '192.168.10.101', server main port = 8848}, error = unknown
17-27-22-026 ERROR 3240 --- [com.alibaba.nacos.client.remote.worker] c.a.n.c.remote.client.grpc.GrpcClient    : Server check fail, please check server 192.168.10.101 ,port 9848 is available , error ={}

java.util.concurrent.TimeoutException: Waited 3000 milliseconds (plus 3 milliseconds, 568400 nanoseconds delay) for com.alibaba.nacos.shaded.io.grpc.stub.ClientCalls$GrpcFuture@54269712[status=PENDING, info=[GrpcFuture{clientCall={delegate={delegate=ClientCallImpl{method=MethodDescriptor{fullMethodName=Request/request, type=UNARY, idempotent=false, safe=false, sampledToLocalTracing=true, requestMarshaller=com.alibaba.nacos.shaded.io.grpc.protobuf.lite.ProtoLiteUtils$MessageMarshaller@24e11377, responseMarshaller=com.alibaba.nacos.shaded.io.grpc.protobuf.lite.ProtoLiteUtils$MessageMarshaller@424f5fa2, schemaDescriptor=com.alibaba.nacos.api.grpc.auto.RequestGrpc$RequestMethodDescriptorSupplier@56847fbc}}}}}]]
	at com.alibaba.nacos.shaded.com.google.common.util.concurrent.AbstractFuture.get(AbstractFuture.java:508) ~[nacos-client-2.0.4.jar:na]
	at com.alibaba.nacos.common.remote.client.grpc.GrpcClient.serverCheck(GrpcClient.java:148) ~[nacos-client-2.0.4.jar:na]
	at com.alibaba.nacos.common.remote.client.grpc.GrpcClient.connectToServer(GrpcClient.java:264) ~[nacos-client-2.0.4.jar:na]
	at com.alibaba.nacos.common.remote.client.RpcClient.reconnect(RpcClient.java:522) ~[nacos-client-2.0.4.jar:na]
	at com.alibaba.nacos.common.remote.client.RpcClient.lambda$start$2(RpcClient.java:370) ~[nacos-client-2.0.4.jar:na]
	at java.base/java.util.concurrent.Executors$RunnableAdapter.call(Executors.java:515) ~[na:na]
	at java.base/java.util.concurrent.FutureTask.run(FutureTask.java:264) ~[na:na]
	at java.base/java.util.concurrent.ScheduledThreadPoolExecutor$ScheduledFutureTask.run(ScheduledThreadPoolExecutor.java:304) ~[na:na]
	at java.base/java.util.concurrent.ThreadPoolExecutor.runWorker(ThreadPoolExecutor.java:1128) ~[na:na]
	at java.base/java.util.concurrent.ThreadPoolExecutor$Worker.run(ThreadPoolExecutor.java:628) ~[na:na]
	at java.base/java.lang.Thread.run(Thread.java:834) ~[na:na]

17-27-22-027  INFO 3240 --- [com.alibaba.nacos.client.remote.worker] com.alibaba.nacos.common.remote.client   : [a244ca18-c11c-4d0a-90eb-25184f5cc6ca] Fail to connect server, after trying 213 times, last try server is {serverIp = '192.168.10.101', server main port = 8848}, error = unknown
17-27-29-666 ERROR 3240 --- [com.alibaba.nacos.client.naming.updater.1] com.alibaba.nacos.common.remote.client   : Send request fail, request = ServiceQueryRequest{headers={app=unknown}, requestId='null'}, retryTimes = 0, errorMessage = Client not connected, current status:UNHEALTHY
17-27-29-774 ERROR 3240 --- [com.alibaba.nacos.client.naming.updater.1] com.alibaba.nacos.common.remote.client   : Send request fail, request = ServiceQueryRequest{headers={app=unknown}, requestId='null'}, retryTimes = 1, errorMessage = Client not connected, current status:UNHEALTHY
17-27-29-882 ERROR 3240 --- [com.alibaba.nacos.client.naming.updater.1] com.alibaba.nacos.common.remote.client   : Send request fail, request = ServiceQueryRequest{headers={app=unknown}, requestId='null'}, retryTimes = 2, errorMessage = Client not connected, current status:UNHEALTHY
17-27-30-036 ERROR 3240 --- [com.alibaba.nacos.client.remote.worker] c.a.n.c.remote.client.grpc.GrpcClient    : Server check fail, please check server 192.168.10.101 ,port 9848 is available , error ={}

java.util.concurrent.TimeoutException: Waited 3000 milliseconds (plus 4 milliseconds, 718100 nanoseconds delay) for com.alibaba.nacos.shaded.io.grpc.stub.ClientCalls$GrpcFuture@494b45ec[status=PENDING, info=[GrpcFuture{clientCall={delegate={delegate=ClientCallImpl{method=MethodDescriptor{fullMethodName=Request/request, type=UNARY, idempotent=false, safe=false, sampledToLocalTracing=true, requestMarshaller=com.alibaba.nacos.shaded.io.grpc.protobuf.lite.ProtoLiteUtils$MessageMarshaller@24e11377, responseMarshaller=com.alibaba.nacos.shaded.io.grpc.protobuf.lite.ProtoLiteUtils$MessageMarshaller@424f5fa2, schemaDescriptor=com.alibaba.nacos.api.grpc.auto.RequestGrpc$RequestMethodDescriptorSupplier@56847fbc}}}}}]]
	at com.alibaba.nacos.shaded.com.google.common.util.concurrent.AbstractFuture.get(AbstractFuture.java:508) ~[nacos-client-2.0.4.jar:na]
	at com.alibaba.nacos.common.remote.client.grpc.GrpcClient.serverCheck(GrpcClient.java:148) ~[nacos-client-2.0.4.jar:na]
	at com.alibaba.nacos.common.remote.client.grpc.GrpcClient.connectToServer(GrpcClient.java:264) ~[nacos-client-2.0.4.jar:na]
	at com.alibaba.nacos.common.remote.client.RpcClient.reconnect(RpcClient.java:522) ~[nacos-client-2.0.4.jar:na]
	at com.alibaba.nacos.common.remote.client.RpcClient.lambda$start$2(RpcClient.java:370) ~[nacos-client-2.0.4.jar:na]
	at java.base/java.util.concurrent.Executors$RunnableAdapter.call(Executors.java:515) ~[na:na]
	at java.base/java.util.concurrent.FutureTask.run(FutureTask.java:264) ~[na:na]
	at java.base/java.util.concurrent.ScheduledThreadPoolExecutor$ScheduledFutureTask.run(ScheduledThreadPoolExecutor.java:304) ~[na:na]
	at java.base/java.util.concurrent.ThreadPoolExecutor.runWorker(ThreadPoolExecutor.java:1128) ~[na:na]
	at java.base/java.util.concurrent.ThreadPoolExecutor$Worker.run(ThreadPoolExecutor.java:628) ~[na:na]
	at java.base/java.lang.Thread.run(Thread.java:834) ~[na:na]

17-27-30-038  INFO 3240 --- [com.alibaba.nacos.client.remote.worker] com.alibaba.nacos.common.remote.client   : [a244ca18-c11c-4d0a-90eb-25184f5cc6ca] Fail to connect server, after trying 214 times, last try server is {serverIp = '192.168.10.101', server main port = 8848}, error = unknown
17-27-38-055 ERROR 3240 --- [com.alibaba.nacos.client.remote.worker] c.a.n.c.remote.client.grpc.GrpcClient    : Server check fail, please check server 192.168.10.101 ,port 9848 is available , error ={}

java.util.concurrent.TimeoutException: Waited 3000 milliseconds (plus 10 milliseconds, 71900 nanoseconds delay) for com.alibaba.nacos.shaded.io.grpc.stub.ClientCalls$GrpcFuture@28b0d206[status=PENDING, info=[GrpcFuture{clientCall={delegate={delegate=ClientCallImpl{method=MethodDescriptor{fullMethodName=Request/request, type=UNARY, idempotent=false, safe=false, sampledToLocalTracing=true, requestMarshaller=com.alibaba.nacos.shaded.io.grpc.protobuf.lite.ProtoLiteUtils$MessageMarshaller@24e11377, responseMarshaller=com.alibaba.nacos.shaded.io.grpc.protobuf.lite.ProtoLiteUtils$MessageMarshaller@424f5fa2, schemaDescriptor=com.alibaba.nacos.api.grpc.auto.RequestGrpc$RequestMethodDescriptorSupplier@56847fbc}}}}}]]
	at com.alibaba.nacos.shaded.com.google.common.util.concurrent.AbstractFuture.get(AbstractFuture.java:508) ~[nacos-client-2.0.4.jar:na]
	at com.alibaba.nacos.common.remote.client.grpc.GrpcClient.serverCheck(GrpcClient.java:148) ~[nacos-client-2.0.4.jar:na]
	at com.alibaba.nacos.common.remote.client.grpc.GrpcClient.connectToServer(GrpcClient.java:264) ~[nacos-client-2.0.4.jar:na]
	at com.alibaba.nacos.common.remote.client.RpcClient.reconnect(RpcClient.java:522) ~[nacos-client-2.0.4.jar:na]
	at com.alibaba.nacos.common.remote.client.RpcClient.lambda$start$2(RpcClient.java:370) ~[nacos-client-2.0.4.jar:na]
	at java.base/java.util.concurrent.Executors$RunnableAdapter.call(Executors.java:515) ~[na:na]
	at java.base/java.util.concurrent.FutureTask.run(FutureTask.java:264) ~[na:na]
	at java.base/java.util.concurrent.ScheduledThreadPoolExecutor$ScheduledFutureTask.run(ScheduledThreadPoolExecutor.java:304) ~[na:na]
	at java.base/java.util.concurrent.ThreadPoolExecutor.runWorker(ThreadPoolExecutor.java:1128) ~[na:na]
	at java.base/java.util.concurrent.ThreadPoolExecutor$Worker.run(ThreadPoolExecutor.java:628) ~[na:na]
	at java.base/java.lang.Thread.run(Thread.java:834) ~[na:na]

17-27-38-056  INFO 3240 --- [com.alibaba.nacos.client.remote.worker] com.alibaba.nacos.common.remote.client   : [a244ca18-c11c-4d0a-90eb-25184f5cc6ca] Fail to connect server, after trying 215 times, last try server is {serverIp = '192.168.10.101', server main port = 8848}, error = unknown
17-27-46-080 ERROR 3240 --- [com.alibaba.nacos.client.remote.worker] c.a.n.c.remote.client.grpc.GrpcClient    : Server check fail, please check server 192.168.10.101 ,port 9848 is available , error ={}

java.util.concurrent.TimeoutException: Waited 3000 milliseconds (plus 7 milliseconds, 913200 nanoseconds delay) for com.alibaba.nacos.shaded.io.grpc.stub.ClientCalls$GrpcFuture@2b2f96d8[status=PENDING, info=[GrpcFuture{clientCall={delegate={delegate=ClientCallImpl{method=MethodDescriptor{fullMethodName=Request/request, type=UNARY, idempotent=false, safe=false, sampledToLocalTracing=true, requestMarshaller=com.alibaba.nacos.shaded.io.grpc.protobuf.lite.ProtoLiteUtils$MessageMarshaller@24e11377, responseMarshaller=com.alibaba.nacos.shaded.io.grpc.protobuf.lite.ProtoLiteUtils$MessageMarshaller@424f5fa2, schemaDescriptor=com.alibaba.nacos.api.grpc.auto.RequestGrpc$RequestMethodDescriptorSupplier@56847fbc}}}}}]]
	at com.alibaba.nacos.shaded.com.google.common.util.concurrent.AbstractFuture.get(AbstractFuture.java:508) ~[nacos-client-2.0.4.jar:na]
	at com.alibaba.nacos.common.remote.client.grpc.GrpcClient.serverCheck(GrpcClient.java:148) ~[nacos-client-2.0.4.jar:na]
	at com.alibaba.nacos.common.remote.client.grpc.GrpcClient.connectToServer(GrpcClient.java:264) ~[nacos-client-2.0.4.jar:na]
	at com.alibaba.nacos.common.remote.client.RpcClient.reconnect(RpcClient.java:522) ~[nacos-client-2.0.4.jar:na]
	at com.alibaba.nacos.common.remote.client.RpcClient.lambda$start$2(RpcClient.java:370) ~[nacos-client-2.0.4.jar:na]
	at java.base/java.util.concurrent.Executors$RunnableAdapter.call(Executors.java:515) ~[na:na]
	at java.base/java.util.concurrent.FutureTask.run(FutureTask.java:264) ~[na:na]
	at java.base/java.util.concurrent.ScheduledThreadPoolExecutor$ScheduledFutureTask.run(ScheduledThreadPoolExecutor.java:304) ~[na:na]
	at java.base/java.util.concurrent.ThreadPoolExecutor.runWorker(ThreadPoolExecutor.java:1128) ~[na:na]
	at java.base/java.util.concurrent.ThreadPoolExecutor$Worker.run(ThreadPoolExecutor.java:628) ~[na:na]
	at java.base/java.lang.Thread.run(Thread.java:834) ~[na:na]

17-27-46-081  INFO 3240 --- [com.alibaba.nacos.client.remote.worker] com.alibaba.nacos.common.remote.client   : [a244ca18-c11c-4d0a-90eb-25184f5cc6ca] Fail to connect server, after trying 216 times, last try server is {serverIp = '192.168.10.101', server main port = 8848}, error = unknown
17-27-54-100 ERROR 3240 --- [com.alibaba.nacos.client.remote.worker] c.a.n.c.remote.client.grpc.GrpcClient    : Server check fail, please check server 192.168.10.101 ,port 9848 is available , error ={}

java.util.concurrent.TimeoutException: Waited 3000 milliseconds (plus 7 milliseconds, 568200 nanoseconds delay) for com.alibaba.nacos.shaded.io.grpc.stub.ClientCalls$GrpcFuture@650778ff[status=PENDING, info=[GrpcFuture{clientCall={delegate={delegate=ClientCallImpl{method=MethodDescriptor{fullMethodName=Request/request, type=UNARY, idempotent=false, safe=false, sampledToLocalTracing=true, requestMarshaller=com.alibaba.nacos.shaded.io.grpc.protobuf.lite.ProtoLiteUtils$MessageMarshaller@24e11377, responseMarshaller=com.alibaba.nacos.shaded.io.grpc.protobuf.lite.ProtoLiteUtils$MessageMarshaller@424f5fa2, schemaDescriptor=com.alibaba.nacos.api.grpc.auto.RequestGrpc$RequestMethodDescriptorSupplier@56847fbc}}}}}]]
	at com.alibaba.nacos.shaded.com.google.common.util.concurrent.AbstractFuture.get(AbstractFuture.java:508) ~[nacos-client-2.0.4.jar:na]
	at com.alibaba.nacos.common.remote.client.grpc.GrpcClient.serverCheck(GrpcClient.java:148) ~[nacos-client-2.0.4.jar:na]
	at com.alibaba.nacos.common.remote.client.grpc.GrpcClient.connectToServer(GrpcClient.java:264) ~[nacos-client-2.0.4.jar:na]
	at com.alibaba.nacos.common.remote.client.RpcClient.reconnect(RpcClient.java:522) ~[nacos-client-2.0.4.jar:na]
	at com.alibaba.nacos.common.remote.client.RpcClient.lambda$start$2(RpcClient.java:370) ~[nacos-client-2.0.4.jar:na]
	at java.base/java.util.concurrent.Executors$RunnableAdapter.call(Executors.java:515) ~[na:na]
	at java.base/java.util.concurrent.FutureTask.run(FutureTask.java:264) ~[na:na]
	at java.base/java.util.concurrent.ScheduledThreadPoolExecutor$ScheduledFutureTask.run(ScheduledThreadPoolExecutor.java:304) ~[na:na]
	at java.base/java.util.concurrent.ThreadPoolExecutor.runWorker(ThreadPoolExecutor.java:1128) ~[na:na]
	at java.base/java.util.concurrent.ThreadPoolExecutor$Worker.run(ThreadPoolExecutor.java:628) ~[na:na]
	at java.base/java.lang.Thread.run(Thread.java:834) ~[na:na]

17-27-54-101  INFO 3240 --- [com.alibaba.nacos.client.remote.worker] com.alibaba.nacos.common.remote.client   : [a244ca18-c11c-4d0a-90eb-25184f5cc6ca] Fail to connect server, after trying 217 times, last try server is {serverIp = '192.168.10.101', server main port = 8848}, error = unknown
17-28-02-120 ERROR 3240 --- [com.alibaba.nacos.client.remote.worker] c.a.n.c.remote.client.grpc.GrpcClient    : Server check fail, please check server 192.168.10.101 ,port 9848 is available , error ={}

java.util.concurrent.TimeoutException: Waited 3000 milliseconds (plus 7 milliseconds, 533200 nanoseconds delay) for com.alibaba.nacos.shaded.io.grpc.stub.ClientCalls$GrpcFuture@658a11b[status=PENDING, info=[GrpcFuture{clientCall={delegate={delegate=ClientCallImpl{method=MethodDescriptor{fullMethodName=Request/request, type=UNARY, idempotent=false, safe=false, sampledToLocalTracing=true, requestMarshaller=com.alibaba.nacos.shaded.io.grpc.protobuf.lite.ProtoLiteUtils$MessageMarshaller@24e11377, responseMarshaller=com.alibaba.nacos.shaded.io.grpc.protobuf.lite.ProtoLiteUtils$MessageMarshaller@424f5fa2, schemaDescriptor=com.alibaba.nacos.api.grpc.auto.RequestGrpc$RequestMethodDescriptorSupplier@56847fbc}}}}}]]
	at com.alibaba.nacos.shaded.com.google.common.util.concurrent.AbstractFuture.get(AbstractFuture.java:508) ~[nacos-client-2.0.4.jar:na]
	at com.alibaba.nacos.common.remote.client.grpc.GrpcClient.serverCheck(GrpcClient.java:148) ~[nacos-client-2.0.4.jar:na]
	at com.alibaba.nacos.common.remote.client.grpc.GrpcClient.connectToServer(GrpcClient.java:264) ~[nacos-client-2.0.4.jar:na]
	at com.alibaba.nacos.common.remote.client.RpcClient.reconnect(RpcClient.java:522) ~[nacos-client-2.0.4.jar:na]
	at com.alibaba.nacos.common.remote.client.RpcClient.lambda$start$2(RpcClient.java:370) ~[nacos-client-2.0.4.jar:na]
	at java.base/java.util.concurrent.Executors$RunnableAdapter.call(Executors.java:515) ~[na:na]
	at java.base/java.util.concurrent.FutureTask.run(FutureTask.java:264) ~[na:na]
	at java.base/java.util.concurrent.ScheduledThreadPoolExecutor$ScheduledFutureTask.run(ScheduledThreadPoolExecutor.java:304) ~[na:na]
	at java.base/java.util.concurrent.ThreadPoolExecutor.runWorker(ThreadPoolExecutor.java:1128) ~[na:na]
	at java.base/java.util.concurrent.ThreadPoolExecutor$Worker.run(ThreadPoolExecutor.java:628) ~[na:na]
	at java.base/java.lang.Thread.run(Thread.java:834) ~[na:na]

17-28-02-121  INFO 3240 --- [com.alibaba.nacos.client.remote.worker] com.alibaba.nacos.common.remote.client   : [a244ca18-c11c-4d0a-90eb-25184f5cc6ca] Fail to connect server, after trying 218 times, last try server is {serverIp = '192.168.10.101', server main port = 8848}, error = unknown
17-28-10-152 ERROR 3240 --- [com.alibaba.nacos.client.remote.worker] c.a.n.c.remote.client.grpc.GrpcClient    : Server check fail, please check server 192.168.10.101 ,port 9848 is available , error ={}

java.util.concurrent.TimeoutException: Waited 3000 milliseconds (plus 15 milliseconds, 749500 nanoseconds delay) for com.alibaba.nacos.shaded.io.grpc.stub.ClientCalls$GrpcFuture@59c572e[status=PENDING, info=[GrpcFuture{clientCall={delegate={delegate=ClientCallImpl{method=MethodDescriptor{fullMethodName=Request/request, type=UNARY, idempotent=false, safe=false, sampledToLocalTracing=true, requestMarshaller=com.alibaba.nacos.shaded.io.grpc.protobuf.lite.ProtoLiteUtils$MessageMarshaller@24e11377, responseMarshaller=com.alibaba.nacos.shaded.io.grpc.protobuf.lite.ProtoLiteUtils$MessageMarshaller@424f5fa2, schemaDescriptor=com.alibaba.nacos.api.grpc.auto.RequestGrpc$RequestMethodDescriptorSupplier@56847fbc}}}}}]]
	at com.alibaba.nacos.shaded.com.google.common.util.concurrent.AbstractFuture.get(AbstractFuture.java:508) ~[nacos-client-2.0.4.jar:na]
	at com.alibaba.nacos.common.remote.client.grpc.GrpcClient.serverCheck(GrpcClient.java:148) ~[nacos-client-2.0.4.jar:na]
	at com.alibaba.nacos.common.remote.client.grpc.GrpcClient.connectToServer(GrpcClient.java:264) ~[nacos-client-2.0.4.jar:na]
	at com.alibaba.nacos.common.remote.client.RpcClient.reconnect(RpcClient.java:522) ~[nacos-client-2.0.4.jar:na]
	at com.alibaba.nacos.common.remote.client.RpcClient.lambda$start$2(RpcClient.java:370) ~[nacos-client-2.0.4.jar:na]
	at java.base/java.util.concurrent.Executors$RunnableAdapter.call(Executors.java:515) ~[na:na]
	at java.base/java.util.concurrent.FutureTask.run(FutureTask.java:264) ~[na:na]
	at java.base/java.util.concurrent.ScheduledThreadPoolExecutor$ScheduledFutureTask.run(ScheduledThreadPoolExecutor.java:304) ~[na:na]
	at java.base/java.util.concurrent.ThreadPoolExecutor.runWorker(ThreadPoolExecutor.java:1128) ~[na:na]
	at java.base/java.util.concurrent.ThreadPoolExecutor$Worker.run(ThreadPoolExecutor.java:628) ~[na:na]
	at java.base/java.lang.Thread.run(Thread.java:834) ~[na:na]

17-28-10-153  INFO 3240 --- [com.alibaba.nacos.client.remote.worker] com.alibaba.nacos.common.remote.client   : [a244ca18-c11c-4d0a-90eb-25184f5cc6ca] Fail to connect server, after trying 219 times, last try server is {serverIp = '192.168.10.101', server main port = 8848}, error = unknown
17-28-18-167 ERROR 3240 --- [com.alibaba.nacos.client.remote.worker] c.a.n.c.remote.client.grpc.GrpcClient    : Server check fail, please check server 192.168.10.101 ,port 9848 is available , error ={}

java.util.concurrent.TimeoutException: Waited 3000 milliseconds (plus 890900 nanoseconds delay) for com.alibaba.nacos.shaded.io.grpc.stub.ClientCalls$GrpcFuture@2dfdc6d8[status=PENDING, info=[GrpcFuture{clientCall={delegate={delegate=ClientCallImpl{method=MethodDescriptor{fullMethodName=Request/request, type=UNARY, idempotent=false, safe=false, sampledToLocalTracing=true, requestMarshaller=com.alibaba.nacos.shaded.io.grpc.protobuf.lite.ProtoLiteUtils$MessageMarshaller@24e11377, responseMarshaller=com.alibaba.nacos.shaded.io.grpc.protobuf.lite.ProtoLiteUtils$MessageMarshaller@424f5fa2, schemaDescriptor=com.alibaba.nacos.api.grpc.auto.RequestGrpc$RequestMethodDescriptorSupplier@56847fbc}}}}}]]
	at com.alibaba.nacos.shaded.com.google.common.util.concurrent.AbstractFuture.get(AbstractFuture.java:508) ~[nacos-client-2.0.4.jar:na]
	at com.alibaba.nacos.common.remote.client.grpc.GrpcClient.serverCheck(GrpcClient.java:148) ~[nacos-client-2.0.4.jar:na]
	at com.alibaba.nacos.common.remote.client.grpc.GrpcClient.connectToServer(GrpcClient.java:264) ~[nacos-client-2.0.4.jar:na]
	at com.alibaba.nacos.common.remote.client.RpcClient.reconnect(RpcClient.java:522) ~[nacos-client-2.0.4.jar:na]
	at com.alibaba.nacos.common.remote.client.RpcClient.lambda$start$2(RpcClient.java:370) ~[nacos-client-2.0.4.jar:na]
	at java.base/java.util.concurrent.Executors$RunnableAdapter.call(Executors.java:515) ~[na:na]
	at java.base/java.util.concurrent.FutureTask.run(FutureTask.java:264) ~[na:na]
	at java.base/java.util.concurrent.ScheduledThreadPoolExecutor$ScheduledFutureTask.run(ScheduledThreadPoolExecutor.java:304) ~[na:na]
	at java.base/java.util.concurrent.ThreadPoolExecutor.runWorker(ThreadPoolExecutor.java:1128) ~[na:na]
	at java.base/java.util.concurrent.ThreadPoolExecutor$Worker.run(ThreadPoolExecutor.java:628) ~[na:na]
	at java.base/java.lang.Thread.run(Thread.java:834) ~[na:na]

17-28-18-168  INFO 3240 --- [com.alibaba.nacos.client.remote.worker] com.alibaba.nacos.common.remote.client   : [a244ca18-c11c-4d0a-90eb-25184f5cc6ca] Fail to connect server, after trying 220 times, last try server is {serverIp = '192.168.10.101', server main port = 8848}, error = unknown
17-28-26-173 ERROR 3240 --- [com.alibaba.nacos.client.remote.worker] c.a.n.c.remote.client.grpc.GrpcClient    : Server check fail, please check server 192.168.10.101 ,port 9848 is available , error ={}

java.util.concurrent.TimeoutException: Waited 3000 milliseconds (plus 1 milliseconds, 188200 nanoseconds delay) for com.alibaba.nacos.shaded.io.grpc.stub.ClientCalls$GrpcFuture@15b2c04c[status=PENDING, info=[GrpcFuture{clientCall={delegate={delegate=ClientCallImpl{method=MethodDescriptor{fullMethodName=Request/request, type=UNARY, idempotent=false, safe=false, sampledToLocalTracing=true, requestMarshaller=com.alibaba.nacos.shaded.io.grpc.protobuf.lite.ProtoLiteUtils$MessageMarshaller@24e11377, responseMarshaller=com.alibaba.nacos.shaded.io.grpc.protobuf.lite.ProtoLiteUtils$MessageMarshaller@424f5fa2, schemaDescriptor=com.alibaba.nacos.api.grpc.auto.RequestGrpc$RequestMethodDescriptorSupplier@56847fbc}}}}}]]
	at com.alibaba.nacos.shaded.com.google.common.util.concurrent.AbstractFuture.get(AbstractFuture.java:508) ~[nacos-client-2.0.4.jar:na]
	at com.alibaba.nacos.common.remote.client.grpc.GrpcClient.serverCheck(GrpcClient.java:148) ~[nacos-client-2.0.4.jar:na]
	at com.alibaba.nacos.common.remote.client.grpc.GrpcClient.connectToServer(GrpcClient.java:264) ~[nacos-client-2.0.4.jar:na]
	at com.alibaba.nacos.common.remote.client.RpcClient.reconnect(RpcClient.java:522) ~[nacos-client-2.0.4.jar:na]
	at com.alibaba.nacos.common.remote.client.RpcClient.lambda$start$2(RpcClient.java:370) ~[nacos-client-2.0.4.jar:na]
	at java.base/java.util.concurrent.Executors$RunnableAdapter.call(Executors.java:515) ~[na:na]
	at java.base/java.util.concurrent.FutureTask.run(FutureTask.java:264) ~[na:na]
	at java.base/java.util.concurrent.ScheduledThreadPoolExecutor$ScheduledFutureTask.run(ScheduledThreadPoolExecutor.java:304) ~[na:na]
	at java.base/java.util.concurrent.ThreadPoolExecutor.runWorker(ThreadPoolExecutor.java:1128) ~[na:na]
	at java.base/java.util.concurrent.ThreadPoolExecutor$Worker.run(ThreadPoolExecutor.java:628) ~[na:na]
	at java.base/java.lang.Thread.run(Thread.java:834) ~[na:na]

17-28-26-174  INFO 3240 --- [com.alibaba.nacos.client.remote.worker] com.alibaba.nacos.common.remote.client   : [a244ca18-c11c-4d0a-90eb-25184f5cc6ca] Fail to connect server, after trying 221 times, last try server is {serverIp = '192.168.10.101', server main port = 8848}, error = unknown
17-28-29-995 ERROR 3240 --- [com.alibaba.nacos.client.naming.updater.1] com.alibaba.nacos.common.remote.client   : Send request fail, request = ServiceQueryRequest{headers={app=unknown}, requestId='null'}, retryTimes = 0, errorMessage = Client not connected, current status:UNHEALTHY
17-28-30-103 ERROR 3240 --- [com.alibaba.nacos.client.naming.updater.1] com.alibaba.nacos.common.remote.client   : Send request fail, request = ServiceQueryRequest{headers={app=unknown}, requestId='null'}, retryTimes = 1, errorMessage = Client not connected, current status:UNHEALTHY
17-28-30-211 ERROR 3240 --- [com.alibaba.nacos.client.naming.updater.1] com.alibaba.nacos.common.remote.client   : Send request fail, request = ServiceQueryRequest{headers={app=unknown}, requestId='null'}, retryTimes = 2, errorMessage = Client not connected, current status:UNHEALTHY
17-28-34-181 ERROR 3240 --- [com.alibaba.nacos.client.remote.worker] c.a.n.c.remote.client.grpc.GrpcClient    : Server check fail, please check server 192.168.10.101 ,port 9848 is available , error ={}

java.util.concurrent.TimeoutException: Waited 3000 milliseconds (plus 552600 nanoseconds delay) for com.alibaba.nacos.shaded.io.grpc.stub.ClientCalls$GrpcFuture@11c35420[status=PENDING, info=[GrpcFuture{clientCall={delegate={delegate=ClientCallImpl{method=MethodDescriptor{fullMethodName=Request/request, type=UNARY, idempotent=false, safe=false, sampledToLocalTracing=true, requestMarshaller=com.alibaba.nacos.shaded.io.grpc.protobuf.lite.ProtoLiteUtils$MessageMarshaller@24e11377, responseMarshaller=com.alibaba.nacos.shaded.io.grpc.protobuf.lite.ProtoLiteUtils$MessageMarshaller@424f5fa2, schemaDescriptor=com.alibaba.nacos.api.grpc.auto.RequestGrpc$RequestMethodDescriptorSupplier@56847fbc}}}}}]]
	at com.alibaba.nacos.shaded.com.google.common.util.concurrent.AbstractFuture.get(AbstractFuture.java:508) ~[nacos-client-2.0.4.jar:na]
	at com.alibaba.nacos.common.remote.client.grpc.GrpcClient.serverCheck(GrpcClient.java:148) ~[nacos-client-2.0.4.jar:na]
	at com.alibaba.nacos.common.remote.client.grpc.GrpcClient.connectToServer(GrpcClient.java:264) ~[nacos-client-2.0.4.jar:na]
	at com.alibaba.nacos.common.remote.client.RpcClient.reconnect(RpcClient.java:522) ~[nacos-client-2.0.4.jar:na]
	at com.alibaba.nacos.common.remote.client.RpcClient.lambda$start$2(RpcClient.java:370) ~[nacos-client-2.0.4.jar:na]
	at java.base/java.util.concurrent.Executors$RunnableAdapter.call(Executors.java:515) ~[na:na]
	at java.base/java.util.concurrent.FutureTask.run(FutureTask.java:264) ~[na:na]
	at java.base/java.util.concurrent.ScheduledThreadPoolExecutor$ScheduledFutureTask.run(ScheduledThreadPoolExecutor.java:304) ~[na:na]
	at java.base/java.util.concurrent.ThreadPoolExecutor.runWorker(ThreadPoolExecutor.java:1128) ~[na:na]
	at java.base/java.util.concurrent.ThreadPoolExecutor$Worker.run(ThreadPoolExecutor.java:628) ~[na:na]
	at java.base/java.lang.Thread.run(Thread.java:834) ~[na:na]

17-28-34-182  INFO 3240 --- [com.alibaba.nacos.client.remote.worker] com.alibaba.nacos.common.remote.client   : [a244ca18-c11c-4d0a-90eb-25184f5cc6ca] Fail to connect server, after trying 222 times, last try server is {serverIp = '192.168.10.101', server main port = 8848}, error = unknown
17-28-42-187 ERROR 3240 --- [com.alibaba.nacos.client.remote.worker] c.a.n.c.remote.client.grpc.GrpcClient    : Server check fail, please check server 192.168.10.101 ,port 9848 is available , error ={}

java.util.concurrent.TimeoutException: Waited 3000 milliseconds (plus 2 milliseconds, 62000 nanoseconds delay) for com.alibaba.nacos.shaded.io.grpc.stub.ClientCalls$GrpcFuture@4f2ccbc2[status=PENDING, info=[GrpcFuture{clientCall={delegate={delegate=ClientCallImpl{method=MethodDescriptor{fullMethodName=Request/request, type=UNARY, idempotent=false, safe=false, sampledToLocalTracing=true, requestMarshaller=com.alibaba.nacos.shaded.io.grpc.protobuf.lite.ProtoLiteUtils$MessageMarshaller@24e11377, responseMarshaller=com.alibaba.nacos.shaded.io.grpc.protobuf.lite.ProtoLiteUtils$MessageMarshaller@424f5fa2, schemaDescriptor=com.alibaba.nacos.api.grpc.auto.RequestGrpc$RequestMethodDescriptorSupplier@56847fbc}}}}}]]
	at com.alibaba.nacos.shaded.com.google.common.util.concurrent.AbstractFuture.get(AbstractFuture.java:508) ~[nacos-client-2.0.4.jar:na]
	at com.alibaba.nacos.common.remote.client.grpc.GrpcClient.serverCheck(GrpcClient.java:148) ~[nacos-client-2.0.4.jar:na]
	at com.alibaba.nacos.common.remote.client.grpc.GrpcClient.connectToServer(GrpcClient.java:264) ~[nacos-client-2.0.4.jar:na]
	at com.alibaba.nacos.common.remote.client.RpcClient.reconnect(RpcClient.java:522) ~[nacos-client-2.0.4.jar:na]
	at com.alibaba.nacos.common.remote.client.RpcClient.lambda$start$2(RpcClient.java:370) ~[nacos-client-2.0.4.jar:na]
	at java.base/java.util.concurrent.Executors$RunnableAdapter.call(Executors.java:515) ~[na:na]
	at java.base/java.util.concurrent.FutureTask.run(FutureTask.java:264) ~[na:na]
	at java.base/java.util.concurrent.ScheduledThreadPoolExecutor$ScheduledFutureTask.run(ScheduledThreadPoolExecutor.java:304) ~[na:na]
	at java.base/java.util.concurrent.ThreadPoolExecutor.runWorker(ThreadPoolExecutor.java:1128) ~[na:na]
	at java.base/java.util.concurrent.ThreadPoolExecutor$Worker.run(ThreadPoolExecutor.java:628) ~[na:na]
	at java.base/java.lang.Thread.run(Thread.java:834) ~[na:na]

17-28-42-187  INFO 3240 --- [com.alibaba.nacos.client.remote.worker] com.alibaba.nacos.common.remote.client   : [a244ca18-c11c-4d0a-90eb-25184f5cc6ca] Fail to connect server, after trying 223 times, last try server is {serverIp = '192.168.10.101', server main port = 8848}, error = unknown
17-28-50-200 ERROR 3240 --- [com.alibaba.nacos.client.remote.worker] c.a.n.c.remote.client.grpc.GrpcClient    : Server check fail, please check server 192.168.10.101 ,port 9848 is available , error ={}

java.util.concurrent.TimeoutException: Waited 3000 milliseconds (plus 3 milliseconds, 957200 nanoseconds delay) for com.alibaba.nacos.shaded.io.grpc.stub.ClientCalls$GrpcFuture@373400de[status=PENDING, info=[GrpcFuture{clientCall={delegate={delegate=ClientCallImpl{method=MethodDescriptor{fullMethodName=Request/request, type=UNARY, idempotent=false, safe=false, sampledToLocalTracing=true, requestMarshaller=com.alibaba.nacos.shaded.io.grpc.protobuf.lite.ProtoLiteUtils$MessageMarshaller@24e11377, responseMarshaller=com.alibaba.nacos.shaded.io.grpc.protobuf.lite.ProtoLiteUtils$MessageMarshaller@424f5fa2, schemaDescriptor=com.alibaba.nacos.api.grpc.auto.RequestGrpc$RequestMethodDescriptorSupplier@56847fbc}}}}}]]
	at com.alibaba.nacos.shaded.com.google.common.util.concurrent.AbstractFuture.get(AbstractFuture.java:508) ~[nacos-client-2.0.4.jar:na]
	at com.alibaba.nacos.common.remote.client.grpc.GrpcClient.serverCheck(GrpcClient.java:148) ~[nacos-client-2.0.4.jar:na]
	at com.alibaba.nacos.common.remote.client.grpc.GrpcClient.connectToServer(GrpcClient.java:264) ~[nacos-client-2.0.4.jar:na]
	at com.alibaba.nacos.common.remote.client.RpcClient.reconnect(RpcClient.java:522) ~[nacos-client-2.0.4.jar:na]
	at com.alibaba.nacos.common.remote.client.RpcClient.lambda$start$2(RpcClient.java:370) ~[nacos-client-2.0.4.jar:na]
	at java.base/java.util.concurrent.Executors$RunnableAdapter.call(Executors.java:515) ~[na:na]
	at java.base/java.util.concurrent.FutureTask.run(FutureTask.java:264) ~[na:na]
	at java.base/java.util.concurrent.ScheduledThreadPoolExecutor$ScheduledFutureTask.run(ScheduledThreadPoolExecutor.java:304) ~[na:na]
	at java.base/java.util.concurrent.ThreadPoolExecutor.runWorker(ThreadPoolExecutor.java:1128) ~[na:na]
	at java.base/java.util.concurrent.ThreadPoolExecutor$Worker.run(ThreadPoolExecutor.java:628) ~[na:na]
	at java.base/java.lang.Thread.run(Thread.java:834) ~[na:na]

17-28-50-201  INFO 3240 --- [com.alibaba.nacos.client.remote.worker] com.alibaba.nacos.common.remote.client   : [a244ca18-c11c-4d0a-90eb-25184f5cc6ca] Fail to connect server, after trying 224 times, last try server is {serverIp = '192.168.10.101', server main port = 8848}, error = unknown
17-28-58-210 ERROR 3240 --- [com.alibaba.nacos.client.remote.worker] c.a.n.c.remote.client.grpc.GrpcClient    : Server check fail, please check server 192.168.10.101 ,port 9848 is available , error ={}

java.util.concurrent.TimeoutException: Waited 3000 milliseconds (plus 4 milliseconds, 487900 nanoseconds delay) for com.alibaba.nacos.shaded.io.grpc.stub.ClientCalls$GrpcFuture@61e95011[status=PENDING, info=[GrpcFuture{clientCall={delegate={delegate=ClientCallImpl{method=MethodDescriptor{fullMethodName=Request/request, type=UNARY, idempotent=false, safe=false, sampledToLocalTracing=true, requestMarshaller=com.alibaba.nacos.shaded.io.grpc.protobuf.lite.ProtoLiteUtils$MessageMarshaller@24e11377, responseMarshaller=com.alibaba.nacos.shaded.io.grpc.protobuf.lite.ProtoLiteUtils$MessageMarshaller@424f5fa2, schemaDescriptor=com.alibaba.nacos.api.grpc.auto.RequestGrpc$RequestMethodDescriptorSupplier@56847fbc}}}}}]]
	at com.alibaba.nacos.shaded.com.google.common.util.concurrent.AbstractFuture.get(AbstractFuture.java:508) ~[nacos-client-2.0.4.jar:na]
	at com.alibaba.nacos.common.remote.client.grpc.GrpcClient.serverCheck(GrpcClient.java:148) ~[nacos-client-2.0.4.jar:na]
	at com.alibaba.nacos.common.remote.client.grpc.GrpcClient.connectToServer(GrpcClient.java:264) ~[nacos-client-2.0.4.jar:na]
	at com.alibaba.nacos.common.remote.client.RpcClient.reconnect(RpcClient.java:522) ~[nacos-client-2.0.4.jar:na]
	at com.alibaba.nacos.common.remote.client.RpcClient.lambda$start$2(RpcClient.java:370) ~[nacos-client-2.0.4.jar:na]
	at java.base/java.util.concurrent.Executors$RunnableAdapter.call(Executors.java:515) ~[na:na]
	at java.base/java.util.concurrent.FutureTask.run(FutureTask.java:264) ~[na:na]
	at java.base/java.util.concurrent.ScheduledThreadPoolExecutor$ScheduledFutureTask.run(ScheduledThreadPoolExecutor.java:304) ~[na:na]
	at java.base/java.util.concurrent.ThreadPoolExecutor.runWorker(ThreadPoolExecutor.java:1128) ~[na:na]
	at java.base/java.util.concurrent.ThreadPoolExecutor$Worker.run(ThreadPoolExecutor.java:628) ~[na:na]
	at java.base/java.lang.Thread.run(Thread.java:834) ~[na:na]

17-28-58-211  INFO 3240 --- [com.alibaba.nacos.client.remote.worker] com.alibaba.nacos.common.remote.client   : [a244ca18-c11c-4d0a-90eb-25184f5cc6ca] Fail to connect server, after trying 225 times, last try server is {serverIp = '192.168.10.101', server main port = 8848}, error = unknown
17-29-06-216 ERROR 3240 --- [com.alibaba.nacos.client.remote.worker] c.a.n.c.remote.client.grpc.GrpcClient    : Server check fail, please check server 192.168.10.101 ,port 9848 is available , error ={}

java.util.concurrent.TimeoutException: Waited 3000 milliseconds (plus 2 milliseconds, 117800 nanoseconds delay) for com.alibaba.nacos.shaded.io.grpc.stub.ClientCalls$GrpcFuture@25e815b[status=PENDING, info=[GrpcFuture{clientCall={delegate={delegate=ClientCallImpl{method=MethodDescriptor{fullMethodName=Request/request, type=UNARY, idempotent=false, safe=false, sampledToLocalTracing=true, requestMarshaller=com.alibaba.nacos.shaded.io.grpc.protobuf.lite.ProtoLiteUtils$MessageMarshaller@24e11377, responseMarshaller=com.alibaba.nacos.shaded.io.grpc.protobuf.lite.ProtoLiteUtils$MessageMarshaller@424f5fa2, schemaDescriptor=com.alibaba.nacos.api.grpc.auto.RequestGrpc$RequestMethodDescriptorSupplier@56847fbc}}}}}]]
	at com.alibaba.nacos.shaded.com.google.common.util.concurrent.AbstractFuture.get(AbstractFuture.java:508) ~[nacos-client-2.0.4.jar:na]
	at com.alibaba.nacos.common.remote.client.grpc.GrpcClient.serverCheck(GrpcClient.java:148) ~[nacos-client-2.0.4.jar:na]
	at com.alibaba.nacos.common.remote.client.grpc.GrpcClient.connectToServer(GrpcClient.java:264) ~[nacos-client-2.0.4.jar:na]
	at com.alibaba.nacos.common.remote.client.RpcClient.reconnect(RpcClient.java:522) ~[nacos-client-2.0.4.jar:na]
	at com.alibaba.nacos.common.remote.client.RpcClient.lambda$start$2(RpcClient.java:370) ~[nacos-client-2.0.4.jar:na]
	at java.base/java.util.concurrent.Executors$RunnableAdapter.call(Executors.java:515) ~[na:na]
	at java.base/java.util.concurrent.FutureTask.run(FutureTask.java:264) ~[na:na]
	at java.base/java.util.concurrent.ScheduledThreadPoolExecutor$ScheduledFutureTask.run(ScheduledThreadPoolExecutor.java:304) ~[na:na]
	at java.base/java.util.concurrent.ThreadPoolExecutor.runWorker(ThreadPoolExecutor.java:1128) ~[na:na]
	at java.base/java.util.concurrent.ThreadPoolExecutor$Worker.run(ThreadPoolExecutor.java:628) ~[na:na]
	at java.base/java.lang.Thread.run(Thread.java:834) ~[na:na]

17-29-06-216  INFO 3240 --- [com.alibaba.nacos.client.remote.worker] com.alibaba.nacos.common.remote.client   : [a244ca18-c11c-4d0a-90eb-25184f5cc6ca] Fail to connect server, after trying 226 times, last try server is {serverIp = '192.168.10.101', server main port = 8848}, error = unknown
17-29-14-235 ERROR 3240 --- [com.alibaba.nacos.client.remote.worker] c.a.n.c.remote.client.grpc.GrpcClient    : Server check fail, please check server 192.168.10.101 ,port 9848 is available , error ={}

java.util.concurrent.TimeoutException: Waited 3000 milliseconds (plus 14 milliseconds, 951900 nanoseconds delay) for com.alibaba.nacos.shaded.io.grpc.stub.ClientCalls$GrpcFuture@43f6aa4f[status=PENDING, info=[GrpcFuture{clientCall={delegate={delegate=ClientCallImpl{method=MethodDescriptor{fullMethodName=Request/request, type=UNARY, idempotent=false, safe=false, sampledToLocalTracing=true, requestMarshaller=com.alibaba.nacos.shaded.io.grpc.protobuf.lite.ProtoLiteUtils$MessageMarshaller@24e11377, responseMarshaller=com.alibaba.nacos.shaded.io.grpc.protobuf.lite.ProtoLiteUtils$MessageMarshaller@424f5fa2, schemaDescriptor=com.alibaba.nacos.api.grpc.auto.RequestGrpc$RequestMethodDescriptorSupplier@56847fbc}}}}}]]
	at com.alibaba.nacos.shaded.com.google.common.util.concurrent.AbstractFuture.get(AbstractFuture.java:508) ~[nacos-client-2.0.4.jar:na]
	at com.alibaba.nacos.common.remote.client.grpc.GrpcClient.serverCheck(GrpcClient.java:148) ~[nacos-client-2.0.4.jar:na]
	at com.alibaba.nacos.common.remote.client.grpc.GrpcClient.connectToServer(GrpcClient.java:264) ~[nacos-client-2.0.4.jar:na]
	at com.alibaba.nacos.common.remote.client.RpcClient.reconnect(RpcClient.java:522) ~[nacos-client-2.0.4.jar:na]
	at com.alibaba.nacos.common.remote.client.RpcClient.lambda$start$2(RpcClient.java:370) ~[nacos-client-2.0.4.jar:na]
	at java.base/java.util.concurrent.Executors$RunnableAdapter.call(Executors.java:515) ~[na:na]
	at java.base/java.util.concurrent.FutureTask.run(FutureTask.java:264) ~[na:na]
	at java.base/java.util.concurrent.ScheduledThreadPoolExecutor$ScheduledFutureTask.run(ScheduledThreadPoolExecutor.java:304) ~[na:na]
	at java.base/java.util.concurrent.ThreadPoolExecutor.runWorker(ThreadPoolExecutor.java:1128) ~[na:na]
	at java.base/java.util.concurrent.ThreadPoolExecutor$Worker.run(ThreadPoolExecutor.java:628) ~[na:na]
	at java.base/java.lang.Thread.run(Thread.java:834) ~[na:na]

17-29-14-236  INFO 3240 --- [com.alibaba.nacos.client.remote.worker] com.alibaba.nacos.common.remote.client   : [a244ca18-c11c-4d0a-90eb-25184f5cc6ca] Fail to connect server, after trying 227 times, last try server is {serverIp = '192.168.10.101', server main port = 8848}, error = unknown
17-29-22-248 ERROR 3240 --- [com.alibaba.nacos.client.remote.worker] c.a.n.c.remote.client.grpc.GrpcClient    : Server check fail, please check server 192.168.10.101 ,port 9848 is available , error ={}

java.util.concurrent.TimeoutException: Waited 3000 milliseconds (plus 4 milliseconds, 154600 nanoseconds delay) for com.alibaba.nacos.shaded.io.grpc.stub.ClientCalls$GrpcFuture@2465e1d5[status=PENDING, info=[GrpcFuture{clientCall={delegate={delegate=ClientCallImpl{method=MethodDescriptor{fullMethodName=Request/request, type=UNARY, idempotent=false, safe=false, sampledToLocalTracing=true, requestMarshaller=com.alibaba.nacos.shaded.io.grpc.protobuf.lite.ProtoLiteUtils$MessageMarshaller@24e11377, responseMarshaller=com.alibaba.nacos.shaded.io.grpc.protobuf.lite.ProtoLiteUtils$MessageMarshaller@424f5fa2, schemaDescriptor=com.alibaba.nacos.api.grpc.auto.RequestGrpc$RequestMethodDescriptorSupplier@56847fbc}}}}}]]
	at com.alibaba.nacos.shaded.com.google.common.util.concurrent.AbstractFuture.get(AbstractFuture.java:508) ~[nacos-client-2.0.4.jar:na]
	at com.alibaba.nacos.common.remote.client.grpc.GrpcClient.serverCheck(GrpcClient.java:148) ~[nacos-client-2.0.4.jar:na]
	at com.alibaba.nacos.common.remote.client.grpc.GrpcClient.connectToServer(GrpcClient.java:264) ~[nacos-client-2.0.4.jar:na]
	at com.alibaba.nacos.common.remote.client.RpcClient.reconnect(RpcClient.java:522) ~[nacos-client-2.0.4.jar:na]
	at com.alibaba.nacos.common.remote.client.RpcClient.lambda$start$2(RpcClient.java:370) ~[nacos-client-2.0.4.jar:na]
	at java.base/java.util.concurrent.Executors$RunnableAdapter.call(Executors.java:515) ~[na:na]
	at java.base/java.util.concurrent.FutureTask.run(FutureTask.java:264) ~[na:na]
	at java.base/java.util.concurrent.ScheduledThreadPoolExecutor$ScheduledFutureTask.run(ScheduledThreadPoolExecutor.java:304) ~[na:na]
	at java.base/java.util.concurrent.ThreadPoolExecutor.runWorker(ThreadPoolExecutor.java:1128) ~[na:na]
	at java.base/java.util.concurrent.ThreadPoolExecutor$Worker.run(ThreadPoolExecutor.java:628) ~[na:na]
	at java.base/java.lang.Thread.run(Thread.java:834) ~[na:na]

17-29-22-248  INFO 3240 --- [com.alibaba.nacos.client.remote.worker] com.alibaba.nacos.common.remote.client   : [a244ca18-c11c-4d0a-90eb-25184f5cc6ca] Fail to connect server, after trying 228 times, last try server is {serverIp = '192.168.10.101', server main port = 8848}, error = unknown
17-29-30-267 ERROR 3240 --- [com.alibaba.nacos.client.remote.worker] c.a.n.c.remote.client.grpc.GrpcClient    : Server check fail, please check server 192.168.10.101 ,port 9848 is available , error ={}

java.util.concurrent.TimeoutException: Waited 3000 milliseconds (plus 8 milliseconds, 260900 nanoseconds delay) for com.alibaba.nacos.shaded.io.grpc.stub.ClientCalls$GrpcFuture@1309a94d[status=PENDING, info=[GrpcFuture{clientCall={delegate={delegate=ClientCallImpl{method=MethodDescriptor{fullMethodName=Request/request, type=UNARY, idempotent=false, safe=false, sampledToLocalTracing=true, requestMarshaller=com.alibaba.nacos.shaded.io.grpc.protobuf.lite.ProtoLiteUtils$MessageMarshaller@24e11377, responseMarshaller=com.alibaba.nacos.shaded.io.grpc.protobuf.lite.ProtoLiteUtils$MessageMarshaller@424f5fa2, schemaDescriptor=com.alibaba.nacos.api.grpc.auto.RequestGrpc$RequestMethodDescriptorSupplier@56847fbc}}}}}]]
	at com.alibaba.nacos.shaded.com.google.common.util.concurrent.AbstractFuture.get(AbstractFuture.java:508) ~[nacos-client-2.0.4.jar:na]
	at com.alibaba.nacos.common.remote.client.grpc.GrpcClient.serverCheck(GrpcClient.java:148) ~[nacos-client-2.0.4.jar:na]
	at com.alibaba.nacos.common.remote.client.grpc.GrpcClient.connectToServer(GrpcClient.java:264) ~[nacos-client-2.0.4.jar:na]
	at com.alibaba.nacos.common.remote.client.RpcClient.reconnect(RpcClient.java:522) ~[nacos-client-2.0.4.jar:na]
	at com.alibaba.nacos.common.remote.client.RpcClient.lambda$start$2(RpcClient.java:370) ~[nacos-client-2.0.4.jar:na]
	at java.base/java.util.concurrent.Executors$RunnableAdapter.call(Executors.java:515) ~[na:na]
	at java.base/java.util.concurrent.FutureTask.run(FutureTask.java:264) ~[na:na]
	at java.base/java.util.concurrent.ScheduledThreadPoolExecutor$ScheduledFutureTask.run(ScheduledThreadPoolExecutor.java:304) ~[na:na]
	at java.base/java.util.concurrent.ThreadPoolExecutor.runWorker(ThreadPoolExecutor.java:1128) ~[na:na]
	at java.base/java.util.concurrent.ThreadPoolExecutor$Worker.run(ThreadPoolExecutor.java:628) ~[na:na]
	at java.base/java.lang.Thread.run(Thread.java:834) ~[na:na]

17-29-30-268  INFO 3240 --- [com.alibaba.nacos.client.remote.worker] com.alibaba.nacos.common.remote.client   : [a244ca18-c11c-4d0a-90eb-25184f5cc6ca] Fail to connect server, after trying 229 times, last try server is {serverIp = '192.168.10.101', server main port = 8848}, error = unknown
17-29-30-328 ERROR 3240 --- [com.alibaba.nacos.client.naming.updater.1] com.alibaba.nacos.common.remote.client   : Send request fail, request = ServiceQueryRequest{headers={app=unknown}, requestId='null'}, retryTimes = 0, errorMessage = Client not connected, current status:UNHEALTHY
17-29-30-435 ERROR 3240 --- [com.alibaba.nacos.client.naming.updater.1] com.alibaba.nacos.common.remote.client   : Send request fail, request = ServiceQueryRequest{headers={app=unknown}, requestId='null'}, retryTimes = 1, errorMessage = Client not connected, current status:UNHEALTHY
17-29-30-542 ERROR 3240 --- [com.alibaba.nacos.client.naming.updater.1] com.alibaba.nacos.common.remote.client   : Send request fail, request = ServiceQueryRequest{headers={app=unknown}, requestId='null'}, retryTimes = 2, errorMessage = Client not connected, current status:UNHEALTHY
17-29-38-294 ERROR 3240 --- [com.alibaba.nacos.client.remote.worker] c.a.n.c.remote.client.grpc.GrpcClient    : Server check fail, please check server 192.168.10.101 ,port 9848 is available , error ={}

java.util.concurrent.TimeoutException: Waited 3000 milliseconds (plus 12 milliseconds, 266700 nanoseconds delay) for com.alibaba.nacos.shaded.io.grpc.stub.ClientCalls$GrpcFuture@452392c1[status=PENDING, info=[GrpcFuture{clientCall={delegate={delegate=ClientCallImpl{method=MethodDescriptor{fullMethodName=Request/request, type=UNARY, idempotent=false, safe=false, sampledToLocalTracing=true, requestMarshaller=com.alibaba.nacos.shaded.io.grpc.protobuf.lite.ProtoLiteUtils$MessageMarshaller@24e11377, responseMarshaller=com.alibaba.nacos.shaded.io.grpc.protobuf.lite.ProtoLiteUtils$MessageMarshaller@424f5fa2, schemaDescriptor=com.alibaba.nacos.api.grpc.auto.RequestGrpc$RequestMethodDescriptorSupplier@56847fbc}}}}}]]
	at com.alibaba.nacos.shaded.com.google.common.util.concurrent.AbstractFuture.get(AbstractFuture.java:508) ~[nacos-client-2.0.4.jar:na]
	at com.alibaba.nacos.common.remote.client.grpc.GrpcClient.serverCheck(GrpcClient.java:148) ~[nacos-client-2.0.4.jar:na]
	at com.alibaba.nacos.common.remote.client.grpc.GrpcClient.connectToServer(GrpcClient.java:264) ~[nacos-client-2.0.4.jar:na]
	at com.alibaba.nacos.common.remote.client.RpcClient.reconnect(RpcClient.java:522) ~[nacos-client-2.0.4.jar:na]
	at com.alibaba.nacos.common.remote.client.RpcClient.lambda$start$2(RpcClient.java:370) ~[nacos-client-2.0.4.jar:na]
	at java.base/java.util.concurrent.Executors$RunnableAdapter.call(Executors.java:515) ~[na:na]
	at java.base/java.util.concurrent.FutureTask.run(FutureTask.java:264) ~[na:na]
	at java.base/java.util.concurrent.ScheduledThreadPoolExecutor$ScheduledFutureTask.run(ScheduledThreadPoolExecutor.java:304) ~[na:na]
	at java.base/java.util.concurrent.ThreadPoolExecutor.runWorker(ThreadPoolExecutor.java:1128) ~[na:na]
	at java.base/java.util.concurrent.ThreadPoolExecutor$Worker.run(ThreadPoolExecutor.java:628) ~[na:na]
	at java.base/java.lang.Thread.run(Thread.java:834) ~[na:na]

17-29-38-295  INFO 3240 --- [com.alibaba.nacos.client.remote.worker] com.alibaba.nacos.common.remote.client   : [a244ca18-c11c-4d0a-90eb-25184f5cc6ca] Fail to connect server, after trying 230 times, last try server is {serverIp = '192.168.10.101', server main port = 8848}, error = unknown
17-29-46-319 ERROR 3240 --- [com.alibaba.nacos.client.remote.worker] c.a.n.c.remote.client.grpc.GrpcClient    : Server check fail, please check server 192.168.10.101 ,port 9848 is available , error ={}

java.util.concurrent.TimeoutException: Waited 3000 milliseconds (plus 10 milliseconds, 942300 nanoseconds delay) for com.alibaba.nacos.shaded.io.grpc.stub.ClientCalls$GrpcFuture@34a3aff1[status=PENDING, info=[GrpcFuture{clientCall={delegate={delegate=ClientCallImpl{method=MethodDescriptor{fullMethodName=Request/request, type=UNARY, idempotent=false, safe=false, sampledToLocalTracing=true, requestMarshaller=com.alibaba.nacos.shaded.io.grpc.protobuf.lite.ProtoLiteUtils$MessageMarshaller@24e11377, responseMarshaller=com.alibaba.nacos.shaded.io.grpc.protobuf.lite.ProtoLiteUtils$MessageMarshaller@424f5fa2, schemaDescriptor=com.alibaba.nacos.api.grpc.auto.RequestGrpc$RequestMethodDescriptorSupplier@56847fbc}}}}}]]
	at com.alibaba.nacos.shaded.com.google.common.util.concurrent.AbstractFuture.get(AbstractFuture.java:508) ~[nacos-client-2.0.4.jar:na]
	at com.alibaba.nacos.common.remote.client.grpc.GrpcClient.serverCheck(GrpcClient.java:148) ~[nacos-client-2.0.4.jar:na]
	at com.alibaba.nacos.common.remote.client.grpc.GrpcClient.connectToServer(GrpcClient.java:264) ~[nacos-client-2.0.4.jar:na]
	at com.alibaba.nacos.common.remote.client.RpcClient.reconnect(RpcClient.java:522) ~[nacos-client-2.0.4.jar:na]
	at com.alibaba.nacos.common.remote.client.RpcClient.lambda$start$2(RpcClient.java:370) ~[nacos-client-2.0.4.jar:na]
	at java.base/java.util.concurrent.Executors$RunnableAdapter.call(Executors.java:515) ~[na:na]
	at java.base/java.util.concurrent.FutureTask.run(FutureTask.java:264) ~[na:na]
	at java.base/java.util.concurrent.ScheduledThreadPoolExecutor$ScheduledFutureTask.run(ScheduledThreadPoolExecutor.java:304) ~[na:na]
	at java.base/java.util.concurrent.ThreadPoolExecutor.runWorker(ThreadPoolExecutor.java:1128) ~[na:na]
	at java.base/java.util.concurrent.ThreadPoolExecutor$Worker.run(ThreadPoolExecutor.java:628) ~[na:na]
	at java.base/java.lang.Thread.run(Thread.java:834) ~[na:na]

17-29-46-320  INFO 3240 --- [com.alibaba.nacos.client.remote.worker] com.alibaba.nacos.common.remote.client   : [a244ca18-c11c-4d0a-90eb-25184f5cc6ca] Fail to connect server, after trying 231 times, last try server is {serverIp = '192.168.10.101', server main port = 8848}, error = unknown
17-29-54-338 ERROR 3240 --- [com.alibaba.nacos.client.remote.worker] c.a.n.c.remote.client.grpc.GrpcClient    : Server check fail, please check server 192.168.10.101 ,port 9848 is available , error ={}

java.util.concurrent.TimeoutException: Waited 3000 milliseconds (plus 7 milliseconds, 617400 nanoseconds delay) for com.alibaba.nacos.shaded.io.grpc.stub.ClientCalls$GrpcFuture@69eb59fa[status=PENDING, info=[GrpcFuture{clientCall={delegate={delegate=ClientCallImpl{method=MethodDescriptor{fullMethodName=Request/request, type=UNARY, idempotent=false, safe=false, sampledToLocalTracing=true, requestMarshaller=com.alibaba.nacos.shaded.io.grpc.protobuf.lite.ProtoLiteUtils$MessageMarshaller@24e11377, responseMarshaller=com.alibaba.nacos.shaded.io.grpc.protobuf.lite.ProtoLiteUtils$MessageMarshaller@424f5fa2, schemaDescriptor=com.alibaba.nacos.api.grpc.auto.RequestGrpc$RequestMethodDescriptorSupplier@56847fbc}}}}}]]
	at com.alibaba.nacos.shaded.com.google.common.util.concurrent.AbstractFuture.get(AbstractFuture.java:508) ~[nacos-client-2.0.4.jar:na]
	at com.alibaba.nacos.common.remote.client.grpc.GrpcClient.serverCheck(GrpcClient.java:148) ~[nacos-client-2.0.4.jar:na]
	at com.alibaba.nacos.common.remote.client.grpc.GrpcClient.connectToServer(GrpcClient.java:264) ~[nacos-client-2.0.4.jar:na]
	at com.alibaba.nacos.common.remote.client.RpcClient.reconnect(RpcClient.java:522) ~[nacos-client-2.0.4.jar:na]
	at com.alibaba.nacos.common.remote.client.RpcClient.lambda$start$2(RpcClient.java:370) ~[nacos-client-2.0.4.jar:na]
	at java.base/java.util.concurrent.Executors$RunnableAdapter.call(Executors.java:515) ~[na:na]
	at java.base/java.util.concurrent.FutureTask.run(FutureTask.java:264) ~[na:na]
	at java.base/java.util.concurrent.ScheduledThreadPoolExecutor$ScheduledFutureTask.run(ScheduledThreadPoolExecutor.java:304) ~[na:na]
	at java.base/java.util.concurrent.ThreadPoolExecutor.runWorker(ThreadPoolExecutor.java:1128) ~[na:na]
	at java.base/java.util.concurrent.ThreadPoolExecutor$Worker.run(ThreadPoolExecutor.java:628) ~[na:na]
	at java.base/java.lang.Thread.run(Thread.java:834) ~[na:na]

17-29-54-339  INFO 3240 --- [com.alibaba.nacos.client.remote.worker] com.alibaba.nacos.common.remote.client   : [a244ca18-c11c-4d0a-90eb-25184f5cc6ca] Fail to connect server, after trying 232 times, last try server is {serverIp = '192.168.10.101', server main port = 8848}, error = unknown
17-30-02-356 ERROR 3240 --- [com.alibaba.nacos.client.remote.worker] c.a.n.c.remote.client.grpc.GrpcClient    : Server check fail, please check server 192.168.10.101 ,port 9848 is available , error ={}

java.util.concurrent.TimeoutException: Waited 3000 milliseconds (plus 12 milliseconds, 64800 nanoseconds delay) for com.alibaba.nacos.shaded.io.grpc.stub.ClientCalls$GrpcFuture@5ff88459[status=PENDING, info=[GrpcFuture{clientCall={delegate={delegate=ClientCallImpl{method=MethodDescriptor{fullMethodName=Request/request, type=UNARY, idempotent=false, safe=false, sampledToLocalTracing=true, requestMarshaller=com.alibaba.nacos.shaded.io.grpc.protobuf.lite.ProtoLiteUtils$MessageMarshaller@24e11377, responseMarshaller=com.alibaba.nacos.shaded.io.grpc.protobuf.lite.ProtoLiteUtils$MessageMarshaller@424f5fa2, schemaDescriptor=com.alibaba.nacos.api.grpc.auto.RequestGrpc$RequestMethodDescriptorSupplier@56847fbc}}}}}]]
	at com.alibaba.nacos.shaded.com.google.common.util.concurrent.AbstractFuture.get(AbstractFuture.java:508) ~[nacos-client-2.0.4.jar:na]
	at com.alibaba.nacos.common.remote.client.grpc.GrpcClient.serverCheck(GrpcClient.java:148) ~[nacos-client-2.0.4.jar:na]
	at com.alibaba.nacos.common.remote.client.grpc.GrpcClient.connectToServer(GrpcClient.java:264) ~[nacos-client-2.0.4.jar:na]
	at com.alibaba.nacos.common.remote.client.RpcClient.reconnect(RpcClient.java:522) ~[nacos-client-2.0.4.jar:na]
	at com.alibaba.nacos.common.remote.client.RpcClient.lambda$start$2(RpcClient.java:370) ~[nacos-client-2.0.4.jar:na]
	at java.base/java.util.concurrent.Executors$RunnableAdapter.call(Executors.java:515) ~[na:na]
	at java.base/java.util.concurrent.FutureTask.run(FutureTask.java:264) ~[na:na]
	at java.base/java.util.concurrent.ScheduledThreadPoolExecutor$ScheduledFutureTask.run(ScheduledThreadPoolExecutor.java:304) ~[na:na]
	at java.base/java.util.concurrent.ThreadPoolExecutor.runWorker(ThreadPoolExecutor.java:1128) ~[na:na]
	at java.base/java.util.concurrent.ThreadPoolExecutor$Worker.run(ThreadPoolExecutor.java:628) ~[na:na]
	at java.base/java.lang.Thread.run(Thread.java:834) ~[na:na]

17-30-02-357  INFO 3240 --- [com.alibaba.nacos.client.remote.worker] com.alibaba.nacos.common.remote.client   : [a244ca18-c11c-4d0a-90eb-25184f5cc6ca] Fail to connect server, after trying 233 times, last try server is {serverIp = '192.168.10.101', server main port = 8848}, error = unknown
17-30-10-370 ERROR 3240 --- [com.alibaba.nacos.client.remote.worker] c.a.n.c.remote.client.grpc.GrpcClient    : Server check fail, please check server 192.168.10.101 ,port 9848 is available , error ={}

java.util.concurrent.TimeoutException: Waited 3000 milliseconds (plus 9 milliseconds, 48700 nanoseconds delay) for com.alibaba.nacos.shaded.io.grpc.stub.ClientCalls$GrpcFuture@34ede464[status=PENDING, info=[GrpcFuture{clientCall={delegate={delegate=ClientCallImpl{method=MethodDescriptor{fullMethodName=Request/request, type=UNARY, idempotent=false, safe=false, sampledToLocalTracing=true, requestMarshaller=com.alibaba.nacos.shaded.io.grpc.protobuf.lite.ProtoLiteUtils$MessageMarshaller@24e11377, responseMarshaller=com.alibaba.nacos.shaded.io.grpc.protobuf.lite.ProtoLiteUtils$MessageMarshaller@424f5fa2, schemaDescriptor=com.alibaba.nacos.api.grpc.auto.RequestGrpc$RequestMethodDescriptorSupplier@56847fbc}}}}}]]
	at com.alibaba.nacos.shaded.com.google.common.util.concurrent.AbstractFuture.get(AbstractFuture.java:508) ~[nacos-client-2.0.4.jar:na]
	at com.alibaba.nacos.common.remote.client.grpc.GrpcClient.serverCheck(GrpcClient.java:148) ~[nacos-client-2.0.4.jar:na]
	at com.alibaba.nacos.common.remote.client.grpc.GrpcClient.connectToServer(GrpcClient.java:264) ~[nacos-client-2.0.4.jar:na]
	at com.alibaba.nacos.common.remote.client.RpcClient.reconnect(RpcClient.java:522) ~[nacos-client-2.0.4.jar:na]
	at com.alibaba.nacos.common.remote.client.RpcClient.lambda$start$2(RpcClient.java:370) ~[nacos-client-2.0.4.jar:na]
	at java.base/java.util.concurrent.Executors$RunnableAdapter.call(Executors.java:515) ~[na:na]
	at java.base/java.util.concurrent.FutureTask.run(FutureTask.java:264) ~[na:na]
	at java.base/java.util.concurrent.ScheduledThreadPoolExecutor$ScheduledFutureTask.run(ScheduledThreadPoolExecutor.java:304) ~[na:na]
	at java.base/java.util.concurrent.ThreadPoolExecutor.runWorker(ThreadPoolExecutor.java:1128) ~[na:na]
	at java.base/java.util.concurrent.ThreadPoolExecutor$Worker.run(ThreadPoolExecutor.java:628) ~[na:na]
	at java.base/java.lang.Thread.run(Thread.java:834) ~[na:na]

17-30-10-372  INFO 3240 --- [com.alibaba.nacos.client.remote.worker] com.alibaba.nacos.common.remote.client   : [a244ca18-c11c-4d0a-90eb-25184f5cc6ca] Fail to connect server, after trying 234 times, last try server is {serverIp = '192.168.10.101', server main port = 8848}, error = unknown
17-30-18-393 ERROR 3240 --- [com.alibaba.nacos.client.remote.worker] c.a.n.c.remote.client.grpc.GrpcClient    : Server check fail, please check server 192.168.10.101 ,port 9848 is available , error ={}

java.util.concurrent.TimeoutException: Waited 3000 milliseconds (plus 10 milliseconds, 177000 nanoseconds delay) for com.alibaba.nacos.shaded.io.grpc.stub.ClientCalls$GrpcFuture@1617b2ce[status=PENDING, info=[GrpcFuture{clientCall={delegate={delegate=ClientCallImpl{method=MethodDescriptor{fullMethodName=Request/request, type=UNARY, idempotent=false, safe=false, sampledToLocalTracing=true, requestMarshaller=com.alibaba.nacos.shaded.io.grpc.protobuf.lite.ProtoLiteUtils$MessageMarshaller@24e11377, responseMarshaller=com.alibaba.nacos.shaded.io.grpc.protobuf.lite.ProtoLiteUtils$MessageMarshaller@424f5fa2, schemaDescriptor=com.alibaba.nacos.api.grpc.auto.RequestGrpc$RequestMethodDescriptorSupplier@56847fbc}}}}}]]
	at com.alibaba.nacos.shaded.com.google.common.util.concurrent.AbstractFuture.get(AbstractFuture.java:508) ~[nacos-client-2.0.4.jar:na]
	at com.alibaba.nacos.common.remote.client.grpc.GrpcClient.serverCheck(GrpcClient.java:148) ~[nacos-client-2.0.4.jar:na]
	at com.alibaba.nacos.common.remote.client.grpc.GrpcClient.connectToServer(GrpcClient.java:264) ~[nacos-client-2.0.4.jar:na]
	at com.alibaba.nacos.common.remote.client.RpcClient.reconnect(RpcClient.java:522) ~[nacos-client-2.0.4.jar:na]
	at com.alibaba.nacos.common.remote.client.RpcClient.lambda$start$2(RpcClient.java:370) ~[nacos-client-2.0.4.jar:na]
	at java.base/java.util.concurrent.Executors$RunnableAdapter.call(Executors.java:515) ~[na:na]
	at java.base/java.util.concurrent.FutureTask.run(FutureTask.java:264) ~[na:na]
	at java.base/java.util.concurrent.ScheduledThreadPoolExecutor$ScheduledFutureTask.run(ScheduledThreadPoolExecutor.java:304) ~[na:na]
	at java.base/java.util.concurrent.ThreadPoolExecutor.runWorker(ThreadPoolExecutor.java:1128) ~[na:na]
	at java.base/java.util.concurrent.ThreadPoolExecutor$Worker.run(ThreadPoolExecutor.java:628) ~[na:na]
	at java.base/java.lang.Thread.run(Thread.java:834) ~[na:na]

17-30-18-394  INFO 3240 --- [com.alibaba.nacos.client.remote.worker] com.alibaba.nacos.common.remote.client   : [a244ca18-c11c-4d0a-90eb-25184f5cc6ca] Fail to connect server, after trying 235 times, last try server is {serverIp = '192.168.10.101', server main port = 8848}, error = unknown
17-30-26-405 ERROR 3240 --- [com.alibaba.nacos.client.remote.worker] c.a.n.c.remote.client.grpc.GrpcClient    : Server check fail, please check server 192.168.10.101 ,port 9848 is available , error ={}

java.util.concurrent.TimeoutException: Waited 3000 milliseconds (plus 4 milliseconds, 976000 nanoseconds delay) for com.alibaba.nacos.shaded.io.grpc.stub.ClientCalls$GrpcFuture@4ec6c33e[status=PENDING, info=[GrpcFuture{clientCall={delegate={delegate=ClientCallImpl{method=MethodDescriptor{fullMethodName=Request/request, type=UNARY, idempotent=false, safe=false, sampledToLocalTracing=true, requestMarshaller=com.alibaba.nacos.shaded.io.grpc.protobuf.lite.ProtoLiteUtils$MessageMarshaller@24e11377, responseMarshaller=com.alibaba.nacos.shaded.io.grpc.protobuf.lite.ProtoLiteUtils$MessageMarshaller@424f5fa2, schemaDescriptor=com.alibaba.nacos.api.grpc.auto.RequestGrpc$RequestMethodDescriptorSupplier@56847fbc}}}}}]]
	at com.alibaba.nacos.shaded.com.google.common.util.concurrent.AbstractFuture.get(AbstractFuture.java:508) ~[nacos-client-2.0.4.jar:na]
	at com.alibaba.nacos.common.remote.client.grpc.GrpcClient.serverCheck(GrpcClient.java:148) ~[nacos-client-2.0.4.jar:na]
	at com.alibaba.nacos.common.remote.client.grpc.GrpcClient.connectToServer(GrpcClient.java:264) ~[nacos-client-2.0.4.jar:na]
	at com.alibaba.nacos.common.remote.client.RpcClient.reconnect(RpcClient.java:522) ~[nacos-client-2.0.4.jar:na]
	at com.alibaba.nacos.common.remote.client.RpcClient.lambda$start$2(RpcClient.java:370) ~[nacos-client-2.0.4.jar:na]
	at java.base/java.util.concurrent.Executors$RunnableAdapter.call(Executors.java:515) ~[na:na]
	at java.base/java.util.concurrent.FutureTask.run(FutureTask.java:264) ~[na:na]
	at java.base/java.util.concurrent.ScheduledThreadPoolExecutor$ScheduledFutureTask.run(ScheduledThreadPoolExecutor.java:304) ~[na:na]
	at java.base/java.util.concurrent.ThreadPoolExecutor.runWorker(ThreadPoolExecutor.java:1128) ~[na:na]
	at java.base/java.util.concurrent.ThreadPoolExecutor$Worker.run(ThreadPoolExecutor.java:628) ~[na:na]
	at java.base/java.lang.Thread.run(Thread.java:834) ~[na:na]

17-30-26-406  INFO 3240 --- [com.alibaba.nacos.client.remote.worker] com.alibaba.nacos.common.remote.client   : [a244ca18-c11c-4d0a-90eb-25184f5cc6ca] Fail to connect server, after trying 236 times, last try server is {serverIp = '192.168.10.101', server main port = 8848}, error = unknown
17-30-30-665 ERROR 3240 --- [com.alibaba.nacos.client.naming.updater.1] com.alibaba.nacos.common.remote.client   : Send request fail, request = ServiceQueryRequest{headers={app=unknown}, requestId='null'}, retryTimes = 0, errorMessage = Client not connected, current status:UNHEALTHY
17-30-30-772 ERROR 3240 --- [com.alibaba.nacos.client.naming.updater.1] com.alibaba.nacos.common.remote.client   : Send request fail, request = ServiceQueryRequest{headers={app=unknown}, requestId='null'}, retryTimes = 1, errorMessage = Client not connected, current status:UNHEALTHY
17-30-30-880 ERROR 3240 --- [com.alibaba.nacos.client.naming.updater.1] com.alibaba.nacos.common.remote.client   : Send request fail, request = ServiceQueryRequest{headers={app=unknown}, requestId='null'}, retryTimes = 2, errorMessage = Client not connected, current status:UNHEALTHY
17-30-34-430 ERROR 3240 --- [com.alibaba.nacos.client.remote.worker] c.a.n.c.remote.client.grpc.GrpcClient    : Server check fail, please check server 192.168.10.101 ,port 9848 is available , error ={}

java.util.concurrent.TimeoutException: Waited 3000 milliseconds (plus 7 milliseconds, 124800 nanoseconds delay) for com.alibaba.nacos.shaded.io.grpc.stub.ClientCalls$GrpcFuture@1d75e82a[status=PENDING, info=[GrpcFuture{clientCall={delegate={delegate=ClientCallImpl{method=MethodDescriptor{fullMethodName=Request/request, type=UNARY, idempotent=false, safe=false, sampledToLocalTracing=true, requestMarshaller=com.alibaba.nacos.shaded.io.grpc.protobuf.lite.ProtoLiteUtils$MessageMarshaller@24e11377, responseMarshaller=com.alibaba.nacos.shaded.io.grpc.protobuf.lite.ProtoLiteUtils$MessageMarshaller@424f5fa2, schemaDescriptor=com.alibaba.nacos.api.grpc.auto.RequestGrpc$RequestMethodDescriptorSupplier@56847fbc}}}}}]]
	at com.alibaba.nacos.shaded.com.google.common.util.concurrent.AbstractFuture.get(AbstractFuture.java:508) ~[nacos-client-2.0.4.jar:na]
	at com.alibaba.nacos.common.remote.client.grpc.GrpcClient.serverCheck(GrpcClient.java:148) ~[nacos-client-2.0.4.jar:na]
	at com.alibaba.nacos.common.remote.client.grpc.GrpcClient.connectToServer(GrpcClient.java:264) ~[nacos-client-2.0.4.jar:na]
	at com.alibaba.nacos.common.remote.client.RpcClient.reconnect(RpcClient.java:522) ~[nacos-client-2.0.4.jar:na]
	at com.alibaba.nacos.common.remote.client.RpcClient.lambda$start$2(RpcClient.java:370) ~[nacos-client-2.0.4.jar:na]
	at java.base/java.util.concurrent.Executors$RunnableAdapter.call(Executors.java:515) ~[na:na]
	at java.base/java.util.concurrent.FutureTask.run(FutureTask.java:264) ~[na:na]
	at java.base/java.util.concurrent.ScheduledThreadPoolExecutor$ScheduledFutureTask.run(ScheduledThreadPoolExecutor.java:304) ~[na:na]
	at java.base/java.util.concurrent.ThreadPoolExecutor.runWorker(ThreadPoolExecutor.java:1128) ~[na:na]
	at java.base/java.util.concurrent.ThreadPoolExecutor$Worker.run(ThreadPoolExecutor.java:628) ~[na:na]
	at java.base/java.lang.Thread.run(Thread.java:834) ~[na:na]

17-30-34-430  INFO 3240 --- [com.alibaba.nacos.client.remote.worker] com.alibaba.nacos.common.remote.client   : [a244ca18-c11c-4d0a-90eb-25184f5cc6ca] Fail to connect server, after trying 237 times, last try server is {serverIp = '192.168.10.101', server main port = 8848}, error = unknown
17-30-42-446 ERROR 3240 --- [com.alibaba.nacos.client.remote.worker] c.a.n.c.remote.client.grpc.GrpcClient    : Server check fail, please check server 192.168.10.101 ,port 9848 is available , error ={}

java.util.concurrent.TimeoutException: Waited 3000 milliseconds (plus 3 milliseconds, 754700 nanoseconds delay) for com.alibaba.nacos.shaded.io.grpc.stub.ClientCalls$GrpcFuture@7e61e341[status=PENDING, info=[GrpcFuture{clientCall={delegate={delegate=ClientCallImpl{method=MethodDescriptor{fullMethodName=Request/request, type=UNARY, idempotent=false, safe=false, sampledToLocalTracing=true, requestMarshaller=com.alibaba.nacos.shaded.io.grpc.protobuf.lite.ProtoLiteUtils$MessageMarshaller@24e11377, responseMarshaller=com.alibaba.nacos.shaded.io.grpc.protobuf.lite.ProtoLiteUtils$MessageMarshaller@424f5fa2, schemaDescriptor=com.alibaba.nacos.api.grpc.auto.RequestGrpc$RequestMethodDescriptorSupplier@56847fbc}}}}}]]
	at com.alibaba.nacos.shaded.com.google.common.util.concurrent.AbstractFuture.get(AbstractFuture.java:508) ~[nacos-client-2.0.4.jar:na]
	at com.alibaba.nacos.common.remote.client.grpc.GrpcClient.serverCheck(GrpcClient.java:148) ~[nacos-client-2.0.4.jar:na]
	at com.alibaba.nacos.common.remote.client.grpc.GrpcClient.connectToServer(GrpcClient.java:264) ~[nacos-client-2.0.4.jar:na]
	at com.alibaba.nacos.common.remote.client.RpcClient.reconnect(RpcClient.java:522) ~[nacos-client-2.0.4.jar:na]
	at com.alibaba.nacos.common.remote.client.RpcClient.lambda$start$2(RpcClient.java:370) ~[nacos-client-2.0.4.jar:na]
	at java.base/java.util.concurrent.Executors$RunnableAdapter.call(Executors.java:515) ~[na:na]
	at java.base/java.util.concurrent.FutureTask.run(FutureTask.java:264) ~[na:na]
	at java.base/java.util.concurrent.ScheduledThreadPoolExecutor$ScheduledFutureTask.run(ScheduledThreadPoolExecutor.java:304) ~[na:na]
	at java.base/java.util.concurrent.ThreadPoolExecutor.runWorker(ThreadPoolExecutor.java:1128) ~[na:na]
	at java.base/java.util.concurrent.ThreadPoolExecutor$Worker.run(ThreadPoolExecutor.java:628) ~[na:na]
	at java.base/java.lang.Thread.run(Thread.java:834) ~[na:na]

17-30-42-447  INFO 3240 --- [com.alibaba.nacos.client.remote.worker] com.alibaba.nacos.common.remote.client   : [a244ca18-c11c-4d0a-90eb-25184f5cc6ca] Fail to connect server, after trying 238 times, last try server is {serverIp = '192.168.10.101', server main port = 8848}, error = unknown
17-30-50-462 ERROR 3240 --- [com.alibaba.nacos.client.remote.worker] c.a.n.c.remote.client.grpc.GrpcClient    : Server check fail, please check server 192.168.10.101 ,port 9848 is available , error ={}

java.util.concurrent.TimeoutException: Waited 3000 milliseconds (plus 12 milliseconds, 646000 nanoseconds delay) for com.alibaba.nacos.shaded.io.grpc.stub.ClientCalls$GrpcFuture@39cacdc9[status=PENDING, info=[GrpcFuture{clientCall={delegate={delegate=ClientCallImpl{method=MethodDescriptor{fullMethodName=Request/request, type=UNARY, idempotent=false, safe=false, sampledToLocalTracing=true, requestMarshaller=com.alibaba.nacos.shaded.io.grpc.protobuf.lite.ProtoLiteUtils$MessageMarshaller@24e11377, responseMarshaller=com.alibaba.nacos.shaded.io.grpc.protobuf.lite.ProtoLiteUtils$MessageMarshaller@424f5fa2, schemaDescriptor=com.alibaba.nacos.api.grpc.auto.RequestGrpc$RequestMethodDescriptorSupplier@56847fbc}}}}}]]
	at com.alibaba.nacos.shaded.com.google.common.util.concurrent.AbstractFuture.get(AbstractFuture.java:508) ~[nacos-client-2.0.4.jar:na]
	at com.alibaba.nacos.common.remote.client.grpc.GrpcClient.serverCheck(GrpcClient.java:148) ~[nacos-client-2.0.4.jar:na]
	at com.alibaba.nacos.common.remote.client.grpc.GrpcClient.connectToServer(GrpcClient.java:264) ~[nacos-client-2.0.4.jar:na]
	at com.alibaba.nacos.common.remote.client.RpcClient.reconnect(RpcClient.java:522) ~[nacos-client-2.0.4.jar:na]
	at com.alibaba.nacos.common.remote.client.RpcClient.lambda$start$2(RpcClient.java:370) ~[nacos-client-2.0.4.jar:na]
	at java.base/java.util.concurrent.Executors$RunnableAdapter.call(Executors.java:515) ~[na:na]
	at java.base/java.util.concurrent.FutureTask.run(FutureTask.java:264) ~[na:na]
	at java.base/java.util.concurrent.ScheduledThreadPoolExecutor$ScheduledFutureTask.run(ScheduledThreadPoolExecutor.java:304) ~[na:na]
	at java.base/java.util.concurrent.ThreadPoolExecutor.runWorker(ThreadPoolExecutor.java:1128) ~[na:na]
	at java.base/java.util.concurrent.ThreadPoolExecutor$Worker.run(ThreadPoolExecutor.java:628) ~[na:na]
	at java.base/java.lang.Thread.run(Thread.java:834) ~[na:na]

17-30-50-462  INFO 3240 --- [com.alibaba.nacos.client.remote.worker] com.alibaba.nacos.common.remote.client   : [a244ca18-c11c-4d0a-90eb-25184f5cc6ca] Fail to connect server, after trying 239 times, last try server is {serverIp = '192.168.10.101', server main port = 8848}, error = unknown
17-30-58-482 ERROR 3240 --- [com.alibaba.nacos.client.remote.worker] c.a.n.c.remote.client.grpc.GrpcClient    : Server check fail, please check server 192.168.10.101 ,port 9848 is available , error ={}

java.util.concurrent.TimeoutException: Waited 3000 milliseconds (plus 14 milliseconds, 176900 nanoseconds delay) for com.alibaba.nacos.shaded.io.grpc.stub.ClientCalls$GrpcFuture@6bf611ae[status=PENDING, info=[GrpcFuture{clientCall={delegate={delegate=ClientCallImpl{method=MethodDescriptor{fullMethodName=Request/request, type=UNARY, idempotent=false, safe=false, sampledToLocalTracing=true, requestMarshaller=com.alibaba.nacos.shaded.io.grpc.protobuf.lite.ProtoLiteUtils$MessageMarshaller@24e11377, responseMarshaller=com.alibaba.nacos.shaded.io.grpc.protobuf.lite.ProtoLiteUtils$MessageMarshaller@424f5fa2, schemaDescriptor=com.alibaba.nacos.api.grpc.auto.RequestGrpc$RequestMethodDescriptorSupplier@56847fbc}}}}}]]
	at com.alibaba.nacos.shaded.com.google.common.util.concurrent.AbstractFuture.get(AbstractFuture.java:508) ~[nacos-client-2.0.4.jar:na]
	at com.alibaba.nacos.common.remote.client.grpc.GrpcClient.serverCheck(GrpcClient.java:148) ~[nacos-client-2.0.4.jar:na]
	at com.alibaba.nacos.common.remote.client.grpc.GrpcClient.connectToServer(GrpcClient.java:264) ~[nacos-client-2.0.4.jar:na]
	at com.alibaba.nacos.common.remote.client.RpcClient.reconnect(RpcClient.java:522) ~[nacos-client-2.0.4.jar:na]
	at com.alibaba.nacos.common.remote.client.RpcClient.lambda$start$2(RpcClient.java:370) ~[nacos-client-2.0.4.jar:na]
	at java.base/java.util.concurrent.Executors$RunnableAdapter.call(Executors.java:515) ~[na:na]
	at java.base/java.util.concurrent.FutureTask.run(FutureTask.java:264) ~[na:na]
	at java.base/java.util.concurrent.ScheduledThreadPoolExecutor$ScheduledFutureTask.run(ScheduledThreadPoolExecutor.java:304) ~[na:na]
	at java.base/java.util.concurrent.ThreadPoolExecutor.runWorker(ThreadPoolExecutor.java:1128) ~[na:na]
	at java.base/java.util.concurrent.ThreadPoolExecutor$Worker.run(ThreadPoolExecutor.java:628) ~[na:na]
	at java.base/java.lang.Thread.run(Thread.java:834) ~[na:na]

17-30-58-483  INFO 3240 --- [com.alibaba.nacos.client.remote.worker] com.alibaba.nacos.common.remote.client   : [a244ca18-c11c-4d0a-90eb-25184f5cc6ca] Fail to connect server, after trying 240 times, last try server is {serverIp = '192.168.10.101', server main port = 8848}, error = unknown
17-31-06-486 ERROR 3240 --- [com.alibaba.nacos.client.remote.worker] c.a.n.c.remote.client.grpc.GrpcClient    : Server check fail, please check server 192.168.10.101 ,port 9848 is available , error ={}

java.util.concurrent.TimeoutException: Waited 3000 milliseconds (plus 106600 nanoseconds delay) for com.alibaba.nacos.shaded.io.grpc.stub.ClientCalls$GrpcFuture@71c001a7[status=PENDING, info=[GrpcFuture{clientCall={delegate={delegate=ClientCallImpl{method=MethodDescriptor{fullMethodName=Request/request, type=UNARY, idempotent=false, safe=false, sampledToLocalTracing=true, requestMarshaller=com.alibaba.nacos.shaded.io.grpc.protobuf.lite.ProtoLiteUtils$MessageMarshaller@24e11377, responseMarshaller=com.alibaba.nacos.shaded.io.grpc.protobuf.lite.ProtoLiteUtils$MessageMarshaller@424f5fa2, schemaDescriptor=com.alibaba.nacos.api.grpc.auto.RequestGrpc$RequestMethodDescriptorSupplier@56847fbc}}}}}]]
	at com.alibaba.nacos.shaded.com.google.common.util.concurrent.AbstractFuture.get(AbstractFuture.java:508) ~[nacos-client-2.0.4.jar:na]
	at com.alibaba.nacos.common.remote.client.grpc.GrpcClient.serverCheck(GrpcClient.java:148) ~[nacos-client-2.0.4.jar:na]
	at com.alibaba.nacos.common.remote.client.grpc.GrpcClient.connectToServer(GrpcClient.java:264) ~[nacos-client-2.0.4.jar:na]
	at com.alibaba.nacos.common.remote.client.RpcClient.reconnect(RpcClient.java:522) ~[nacos-client-2.0.4.jar:na]
	at com.alibaba.nacos.common.remote.client.RpcClient.lambda$start$2(RpcClient.java:370) ~[nacos-client-2.0.4.jar:na]
	at java.base/java.util.concurrent.Executors$RunnableAdapter.call(Executors.java:515) ~[na:na]
	at java.base/java.util.concurrent.FutureTask.run(FutureTask.java:264) ~[na:na]
	at java.base/java.util.concurrent.ScheduledThreadPoolExecutor$ScheduledFutureTask.run(ScheduledThreadPoolExecutor.java:304) ~[na:na]
	at java.base/java.util.concurrent.ThreadPoolExecutor.runWorker(ThreadPoolExecutor.java:1128) ~[na:na]
	at java.base/java.util.concurrent.ThreadPoolExecutor$Worker.run(ThreadPoolExecutor.java:628) ~[na:na]
	at java.base/java.lang.Thread.run(Thread.java:834) ~[na:na]

17-31-06-487  INFO 3240 --- [com.alibaba.nacos.client.remote.worker] com.alibaba.nacos.common.remote.client   : [a244ca18-c11c-4d0a-90eb-25184f5cc6ca] Fail to connect server, after trying 241 times, last try server is {serverIp = '192.168.10.101', server main port = 8848}, error = unknown
17-31-14-503 ERROR 3240 --- [com.alibaba.nacos.client.remote.worker] c.a.n.c.remote.client.grpc.GrpcClient    : Server check fail, please check server 192.168.10.101 ,port 9848 is available , error ={}

java.util.concurrent.TimeoutException: Waited 3000 milliseconds (plus 3 milliseconds, 925800 nanoseconds delay) for com.alibaba.nacos.shaded.io.grpc.stub.ClientCalls$GrpcFuture@76e080a9[status=PENDING, info=[GrpcFuture{clientCall={delegate={delegate=ClientCallImpl{method=MethodDescriptor{fullMethodName=Request/request, type=UNARY, idempotent=false, safe=false, sampledToLocalTracing=true, requestMarshaller=com.alibaba.nacos.shaded.io.grpc.protobuf.lite.ProtoLiteUtils$MessageMarshaller@24e11377, responseMarshaller=com.alibaba.nacos.shaded.io.grpc.protobuf.lite.ProtoLiteUtils$MessageMarshaller@424f5fa2, schemaDescriptor=com.alibaba.nacos.api.grpc.auto.RequestGrpc$RequestMethodDescriptorSupplier@56847fbc}}}}}]]
	at com.alibaba.nacos.shaded.com.google.common.util.concurrent.AbstractFuture.get(AbstractFuture.java:508) ~[nacos-client-2.0.4.jar:na]
	at com.alibaba.nacos.common.remote.client.grpc.GrpcClient.serverCheck(GrpcClient.java:148) ~[nacos-client-2.0.4.jar:na]
	at com.alibaba.nacos.common.remote.client.grpc.GrpcClient.connectToServer(GrpcClient.java:264) ~[nacos-client-2.0.4.jar:na]
	at com.alibaba.nacos.common.remote.client.RpcClient.reconnect(RpcClient.java:522) ~[nacos-client-2.0.4.jar:na]
	at com.alibaba.nacos.common.remote.client.RpcClient.lambda$start$2(RpcClient.java:370) ~[nacos-client-2.0.4.jar:na]
	at java.base/java.util.concurrent.Executors$RunnableAdapter.call(Executors.java:515) ~[na:na]
	at java.base/java.util.concurrent.FutureTask.run(FutureTask.java:264) ~[na:na]
	at java.base/java.util.concurrent.ScheduledThreadPoolExecutor$ScheduledFutureTask.run(ScheduledThreadPoolExecutor.java:304) ~[na:na]
	at java.base/java.util.concurrent.ThreadPoolExecutor.runWorker(ThreadPoolExecutor.java:1128) ~[na:na]
	at java.base/java.util.concurrent.ThreadPoolExecutor$Worker.run(ThreadPoolExecutor.java:628) ~[na:na]
	at java.base/java.lang.Thread.run(Thread.java:834) ~[na:na]

17-31-14-508  INFO 3240 --- [com.alibaba.nacos.client.remote.worker] com.alibaba.nacos.common.remote.client   : [a244ca18-c11c-4d0a-90eb-25184f5cc6ca] Fail to connect server, after trying 242 times, last try server is {serverIp = '192.168.10.101', server main port = 8848}, error = unknown
17-31-22-526 ERROR 3240 --- [com.alibaba.nacos.client.remote.worker] c.a.n.c.remote.client.grpc.GrpcClient    : Server check fail, please check server 192.168.10.101 ,port 9848 is available , error ={}

java.util.concurrent.TimeoutException: Waited 3000 milliseconds (plus 1 milliseconds, 243000 nanoseconds delay) for com.alibaba.nacos.shaded.io.grpc.stub.ClientCalls$GrpcFuture@2cec3065[status=PENDING, info=[GrpcFuture{clientCall={delegate={delegate=ClientCallImpl{method=MethodDescriptor{fullMethodName=Request/request, type=UNARY, idempotent=false, safe=false, sampledToLocalTracing=true, requestMarshaller=com.alibaba.nacos.shaded.io.grpc.protobuf.lite.ProtoLiteUtils$MessageMarshaller@24e11377, responseMarshaller=com.alibaba.nacos.shaded.io.grpc.protobuf.lite.ProtoLiteUtils$MessageMarshaller@424f5fa2, schemaDescriptor=com.alibaba.nacos.api.grpc.auto.RequestGrpc$RequestMethodDescriptorSupplier@56847fbc}}}}}]]
	at com.alibaba.nacos.shaded.com.google.common.util.concurrent.AbstractFuture.get(AbstractFuture.java:508) ~[nacos-client-2.0.4.jar:na]
	at com.alibaba.nacos.common.remote.client.grpc.GrpcClient.serverCheck(GrpcClient.java:148) ~[nacos-client-2.0.4.jar:na]
	at com.alibaba.nacos.common.remote.client.grpc.GrpcClient.connectToServer(GrpcClient.java:264) ~[nacos-client-2.0.4.jar:na]
	at com.alibaba.nacos.common.remote.client.RpcClient.reconnect(RpcClient.java:522) ~[nacos-client-2.0.4.jar:na]
	at com.alibaba.nacos.common.remote.client.RpcClient.lambda$start$2(RpcClient.java:370) ~[nacos-client-2.0.4.jar:na]
	at java.base/java.util.concurrent.Executors$RunnableAdapter.call(Executors.java:515) ~[na:na]
	at java.base/java.util.concurrent.FutureTask.run(FutureTask.java:264) ~[na:na]
	at java.base/java.util.concurrent.ScheduledThreadPoolExecutor$ScheduledFutureTask.run(ScheduledThreadPoolExecutor.java:304) ~[na:na]
	at java.base/java.util.concurrent.ThreadPoolExecutor.runWorker(ThreadPoolExecutor.java:1128) ~[na:na]
	at java.base/java.util.concurrent.ThreadPoolExecutor$Worker.run(ThreadPoolExecutor.java:628) ~[na:na]
	at java.base/java.lang.Thread.run(Thread.java:834) ~[na:na]

17-31-22-528  INFO 3240 --- [com.alibaba.nacos.client.remote.worker] com.alibaba.nacos.common.remote.client   : [a244ca18-c11c-4d0a-90eb-25184f5cc6ca] Fail to connect server, after trying 243 times, last try server is {serverIp = '192.168.10.101', server main port = 8848}, error = unknown
17-31-30-547 ERROR 3240 --- [com.alibaba.nacos.client.remote.worker] c.a.n.c.remote.client.grpc.GrpcClient    : Server check fail, please check server 192.168.10.101 ,port 9848 is available , error ={}

java.util.concurrent.TimeoutException: Waited 3000 milliseconds (plus 13 milliseconds, 981200 nanoseconds delay) for com.alibaba.nacos.shaded.io.grpc.stub.ClientCalls$GrpcFuture@145a4fd0[status=PENDING, info=[GrpcFuture{clientCall={delegate={delegate=ClientCallImpl{method=MethodDescriptor{fullMethodName=Request/request, type=UNARY, idempotent=false, safe=false, sampledToLocalTracing=true, requestMarshaller=com.alibaba.nacos.shaded.io.grpc.protobuf.lite.ProtoLiteUtils$MessageMarshaller@24e11377, responseMarshaller=com.alibaba.nacos.shaded.io.grpc.protobuf.lite.ProtoLiteUtils$MessageMarshaller@424f5fa2, schemaDescriptor=com.alibaba.nacos.api.grpc.auto.RequestGrpc$RequestMethodDescriptorSupplier@56847fbc}}}}}]]
	at com.alibaba.nacos.shaded.com.google.common.util.concurrent.AbstractFuture.get(AbstractFuture.java:508) ~[nacos-client-2.0.4.jar:na]
	at com.alibaba.nacos.common.remote.client.grpc.GrpcClient.serverCheck(GrpcClient.java:148) ~[nacos-client-2.0.4.jar:na]
	at com.alibaba.nacos.common.remote.client.grpc.GrpcClient.connectToServer(GrpcClient.java:264) ~[nacos-client-2.0.4.jar:na]
	at com.alibaba.nacos.common.remote.client.RpcClient.reconnect(RpcClient.java:522) ~[nacos-client-2.0.4.jar:na]
	at com.alibaba.nacos.common.remote.client.RpcClient.lambda$start$2(RpcClient.java:370) ~[nacos-client-2.0.4.jar:na]
	at java.base/java.util.concurrent.Executors$RunnableAdapter.call(Executors.java:515) ~[na:na]
	at java.base/java.util.concurrent.FutureTask.run(FutureTask.java:264) ~[na:na]
	at java.base/java.util.concurrent.ScheduledThreadPoolExecutor$ScheduledFutureTask.run(ScheduledThreadPoolExecutor.java:304) ~[na:na]
	at java.base/java.util.concurrent.ThreadPoolExecutor.runWorker(ThreadPoolExecutor.java:1128) ~[na:na]
	at java.base/java.util.concurrent.ThreadPoolExecutor$Worker.run(ThreadPoolExecutor.java:628) ~[na:na]
	at java.base/java.lang.Thread.run(Thread.java:834) ~[na:na]

17-31-30-549  INFO 3240 --- [com.alibaba.nacos.client.remote.worker] com.alibaba.nacos.common.remote.client   : [a244ca18-c11c-4d0a-90eb-25184f5cc6ca] Fail to connect server, after trying 244 times, last try server is {serverIp = '192.168.10.101', server main port = 8848}, error = unknown
17-31-30-992 ERROR 3240 --- [com.alibaba.nacos.client.naming.updater.0] com.alibaba.nacos.common.remote.client   : Send request fail, request = ServiceQueryRequest{headers={app=unknown}, requestId='null'}, retryTimes = 0, errorMessage = Client not connected, current status:UNHEALTHY
17-31-31-099 ERROR 3240 --- [com.alibaba.nacos.client.naming.updater.0] com.alibaba.nacos.common.remote.client   : Send request fail, request = ServiceQueryRequest{headers={app=unknown}, requestId='null'}, retryTimes = 1, errorMessage = Client not connected, current status:UNHEALTHY
17-31-31-207 ERROR 3240 --- [com.alibaba.nacos.client.naming.updater.0] com.alibaba.nacos.common.remote.client   : Send request fail, request = ServiceQueryRequest{headers={app=unknown}, requestId='null'}, retryTimes = 2, errorMessage = Client not connected, current status:UNHEALTHY
17-31-38-559 ERROR 3240 --- [com.alibaba.nacos.client.remote.worker] c.a.n.c.remote.client.grpc.GrpcClient    : Server check fail, please check server 192.168.10.101 ,port 9848 is available , error ={}

java.util.concurrent.TimeoutException: Waited 3000 milliseconds (plus 5 milliseconds, 413700 nanoseconds delay) for com.alibaba.nacos.shaded.io.grpc.stub.ClientCalls$GrpcFuture@3931cfb9[status=PENDING, info=[GrpcFuture{clientCall={delegate={delegate=ClientCallImpl{method=MethodDescriptor{fullMethodName=Request/request, type=UNARY, idempotent=false, safe=false, sampledToLocalTracing=true, requestMarshaller=com.alibaba.nacos.shaded.io.grpc.protobuf.lite.ProtoLiteUtils$MessageMarshaller@24e11377, responseMarshaller=com.alibaba.nacos.shaded.io.grpc.protobuf.lite.ProtoLiteUtils$MessageMarshaller@424f5fa2, schemaDescriptor=com.alibaba.nacos.api.grpc.auto.RequestGrpc$RequestMethodDescriptorSupplier@56847fbc}}}}}]]
	at com.alibaba.nacos.shaded.com.google.common.util.concurrent.AbstractFuture.get(AbstractFuture.java:508) ~[nacos-client-2.0.4.jar:na]
	at com.alibaba.nacos.common.remote.client.grpc.GrpcClient.serverCheck(GrpcClient.java:148) ~[nacos-client-2.0.4.jar:na]
	at com.alibaba.nacos.common.remote.client.grpc.GrpcClient.connectToServer(GrpcClient.java:264) ~[nacos-client-2.0.4.jar:na]
	at com.alibaba.nacos.common.remote.client.RpcClient.reconnect(RpcClient.java:522) ~[nacos-client-2.0.4.jar:na]
	at com.alibaba.nacos.common.remote.client.RpcClient.lambda$start$2(RpcClient.java:370) ~[nacos-client-2.0.4.jar:na]
	at java.base/java.util.concurrent.Executors$RunnableAdapter.call(Executors.java:515) ~[na:na]
	at java.base/java.util.concurrent.FutureTask.run(FutureTask.java:264) ~[na:na]
	at java.base/java.util.concurrent.ScheduledThreadPoolExecutor$ScheduledFutureTask.run(ScheduledThreadPoolExecutor.java:304) ~[na:na]
	at java.base/java.util.concurrent.ThreadPoolExecutor.runWorker(ThreadPoolExecutor.java:1128) ~[na:na]
	at java.base/java.util.concurrent.ThreadPoolExecutor$Worker.run(ThreadPoolExecutor.java:628) ~[na:na]
	at java.base/java.lang.Thread.run(Thread.java:834) ~[na:na]

17-31-38-560  INFO 3240 --- [com.alibaba.nacos.client.remote.worker] com.alibaba.nacos.common.remote.client   : [a244ca18-c11c-4d0a-90eb-25184f5cc6ca] Fail to connect server, after trying 245 times, last try server is {serverIp = '192.168.10.101', server main port = 8848}, error = unknown
17-31-46-582 ERROR 3240 --- [com.alibaba.nacos.client.remote.worker] c.a.n.c.remote.client.grpc.GrpcClient    : Server check fail, please check server 192.168.10.101 ,port 9848 is available , error ={}

java.util.concurrent.TimeoutException: Waited 3000 milliseconds (plus 15 milliseconds, 512800 nanoseconds delay) for com.alibaba.nacos.shaded.io.grpc.stub.ClientCalls$GrpcFuture@163403e6[status=PENDING, info=[GrpcFuture{clientCall={delegate={delegate=ClientCallImpl{method=MethodDescriptor{fullMethodName=Request/request, type=UNARY, idempotent=false, safe=false, sampledToLocalTracing=true, requestMarshaller=com.alibaba.nacos.shaded.io.grpc.protobuf.lite.ProtoLiteUtils$MessageMarshaller@24e11377, responseMarshaller=com.alibaba.nacos.shaded.io.grpc.protobuf.lite.ProtoLiteUtils$MessageMarshaller@424f5fa2, schemaDescriptor=com.alibaba.nacos.api.grpc.auto.RequestGrpc$RequestMethodDescriptorSupplier@56847fbc}}}}}]]
	at com.alibaba.nacos.shaded.com.google.common.util.concurrent.AbstractFuture.get(AbstractFuture.java:508) ~[nacos-client-2.0.4.jar:na]
	at com.alibaba.nacos.common.remote.client.grpc.GrpcClient.serverCheck(GrpcClient.java:148) ~[nacos-client-2.0.4.jar:na]
	at com.alibaba.nacos.common.remote.client.grpc.GrpcClient.connectToServer(GrpcClient.java:264) ~[nacos-client-2.0.4.jar:na]
	at com.alibaba.nacos.common.remote.client.RpcClient.reconnect(RpcClient.java:522) ~[nacos-client-2.0.4.jar:na]
	at com.alibaba.nacos.common.remote.client.RpcClient.lambda$start$2(RpcClient.java:370) ~[nacos-client-2.0.4.jar:na]
	at java.base/java.util.concurrent.Executors$RunnableAdapter.call(Executors.java:515) ~[na:na]
	at java.base/java.util.concurrent.FutureTask.run(FutureTask.java:264) ~[na:na]
	at java.base/java.util.concurrent.ScheduledThreadPoolExecutor$ScheduledFutureTask.run(ScheduledThreadPoolExecutor.java:304) ~[na:na]
	at java.base/java.util.concurrent.ThreadPoolExecutor.runWorker(ThreadPoolExecutor.java:1128) ~[na:na]
	at java.base/java.util.concurrent.ThreadPoolExecutor$Worker.run(ThreadPoolExecutor.java:628) ~[na:na]
	at java.base/java.lang.Thread.run(Thread.java:834) ~[na:na]

17-31-46-583  INFO 3240 --- [com.alibaba.nacos.client.remote.worker] com.alibaba.nacos.common.remote.client   : [a244ca18-c11c-4d0a-90eb-25184f5cc6ca] Fail to connect server, after trying 246 times, last try server is {serverIp = '192.168.10.101', server main port = 8848}, error = unknown
17-31-54-602 ERROR 3240 --- [com.alibaba.nacos.client.remote.worker] c.a.n.c.remote.client.grpc.GrpcClient    : Server check fail, please check server 192.168.10.101 ,port 9848 is available , error ={}

java.util.concurrent.TimeoutException: Waited 3000 milliseconds (plus 10 milliseconds, 352300 nanoseconds delay) for com.alibaba.nacos.shaded.io.grpc.stub.ClientCalls$GrpcFuture@7a742fd0[status=PENDING, info=[GrpcFuture{clientCall={delegate={delegate=ClientCallImpl{method=MethodDescriptor{fullMethodName=Request/request, type=UNARY, idempotent=false, safe=false, sampledToLocalTracing=true, requestMarshaller=com.alibaba.nacos.shaded.io.grpc.protobuf.lite.ProtoLiteUtils$MessageMarshaller@24e11377, responseMarshaller=com.alibaba.nacos.shaded.io.grpc.protobuf.lite.ProtoLiteUtils$MessageMarshaller@424f5fa2, schemaDescriptor=com.alibaba.nacos.api.grpc.auto.RequestGrpc$RequestMethodDescriptorSupplier@56847fbc}}}}}]]
	at com.alibaba.nacos.shaded.com.google.common.util.concurrent.AbstractFuture.get(AbstractFuture.java:508) ~[nacos-client-2.0.4.jar:na]
	at com.alibaba.nacos.common.remote.client.grpc.GrpcClient.serverCheck(GrpcClient.java:148) ~[nacos-client-2.0.4.jar:na]
	at com.alibaba.nacos.common.remote.client.grpc.GrpcClient.connectToServer(GrpcClient.java:264) ~[nacos-client-2.0.4.jar:na]
	at com.alibaba.nacos.common.remote.client.RpcClient.reconnect(RpcClient.java:522) ~[nacos-client-2.0.4.jar:na]
	at com.alibaba.nacos.common.remote.client.RpcClient.lambda$start$2(RpcClient.java:370) ~[nacos-client-2.0.4.jar:na]
	at java.base/java.util.concurrent.Executors$RunnableAdapter.call(Executors.java:515) ~[na:na]
	at java.base/java.util.concurrent.FutureTask.run(FutureTask.java:264) ~[na:na]
	at java.base/java.util.concurrent.ScheduledThreadPoolExecutor$ScheduledFutureTask.run(ScheduledThreadPoolExecutor.java:304) ~[na:na]
	at java.base/java.util.concurrent.ThreadPoolExecutor.runWorker(ThreadPoolExecutor.java:1128) ~[na:na]
	at java.base/java.util.concurrent.ThreadPoolExecutor$Worker.run(ThreadPoolExecutor.java:628) ~[na:na]
	at java.base/java.lang.Thread.run(Thread.java:834) ~[na:na]

17-31-54-604  INFO 3240 --- [com.alibaba.nacos.client.remote.worker] com.alibaba.nacos.common.remote.client   : [a244ca18-c11c-4d0a-90eb-25184f5cc6ca] Fail to connect server, after trying 247 times, last try server is {serverIp = '192.168.10.101', server main port = 8848}, error = unknown
17-32-02-617 ERROR 3240 --- [com.alibaba.nacos.client.remote.worker] c.a.n.c.remote.client.grpc.GrpcClient    : Server check fail, please check server 192.168.10.101 ,port 9848 is available , error ={}

java.util.concurrent.TimeoutException: Waited 3000 milliseconds (plus 6 milliseconds, 40900 nanoseconds delay) for com.alibaba.nacos.shaded.io.grpc.stub.ClientCalls$GrpcFuture@4a2323e8[status=PENDING, info=[GrpcFuture{clientCall={delegate={delegate=ClientCallImpl{method=MethodDescriptor{fullMethodName=Request/request, type=UNARY, idempotent=false, safe=false, sampledToLocalTracing=true, requestMarshaller=com.alibaba.nacos.shaded.io.grpc.protobuf.lite.ProtoLiteUtils$MessageMarshaller@24e11377, responseMarshaller=com.alibaba.nacos.shaded.io.grpc.protobuf.lite.ProtoLiteUtils$MessageMarshaller@424f5fa2, schemaDescriptor=com.alibaba.nacos.api.grpc.auto.RequestGrpc$RequestMethodDescriptorSupplier@56847fbc}}}}}]]
	at com.alibaba.nacos.shaded.com.google.common.util.concurrent.AbstractFuture.get(AbstractFuture.java:508) ~[nacos-client-2.0.4.jar:na]
	at com.alibaba.nacos.common.remote.client.grpc.GrpcClient.serverCheck(GrpcClient.java:148) ~[nacos-client-2.0.4.jar:na]
	at com.alibaba.nacos.common.remote.client.grpc.GrpcClient.connectToServer(GrpcClient.java:264) ~[nacos-client-2.0.4.jar:na]
	at com.alibaba.nacos.common.remote.client.RpcClient.reconnect(RpcClient.java:522) ~[nacos-client-2.0.4.jar:na]
	at com.alibaba.nacos.common.remote.client.RpcClient.lambda$start$2(RpcClient.java:370) ~[nacos-client-2.0.4.jar:na]
	at java.base/java.util.concurrent.Executors$RunnableAdapter.call(Executors.java:515) ~[na:na]
	at java.base/java.util.concurrent.FutureTask.run(FutureTask.java:264) ~[na:na]
	at java.base/java.util.concurrent.ScheduledThreadPoolExecutor$ScheduledFutureTask.run(ScheduledThreadPoolExecutor.java:304) ~[na:na]
	at java.base/java.util.concurrent.ThreadPoolExecutor.runWorker(ThreadPoolExecutor.java:1128) ~[na:na]
	at java.base/java.util.concurrent.ThreadPoolExecutor$Worker.run(ThreadPoolExecutor.java:628) ~[na:na]
	at java.base/java.lang.Thread.run(Thread.java:834) ~[na:na]

17-32-02-618  INFO 3240 --- [com.alibaba.nacos.client.remote.worker] com.alibaba.nacos.common.remote.client   : [a244ca18-c11c-4d0a-90eb-25184f5cc6ca] Fail to connect server, after trying 248 times, last try server is {serverIp = '192.168.10.101', server main port = 8848}, error = unknown
17-32-10-629 ERROR 3240 --- [com.alibaba.nacos.client.remote.worker] c.a.n.c.remote.client.grpc.GrpcClient    : Server check fail, please check server 192.168.10.101 ,port 9848 is available , error ={}

java.util.concurrent.TimeoutException: Waited 3000 milliseconds (plus 3 milliseconds, 277800 nanoseconds delay) for com.alibaba.nacos.shaded.io.grpc.stub.ClientCalls$GrpcFuture@3c37174f[status=PENDING, info=[GrpcFuture{clientCall={delegate={delegate=ClientCallImpl{method=MethodDescriptor{fullMethodName=Request/request, type=UNARY, idempotent=false, safe=false, sampledToLocalTracing=true, requestMarshaller=com.alibaba.nacos.shaded.io.grpc.protobuf.lite.ProtoLiteUtils$MessageMarshaller@24e11377, responseMarshaller=com.alibaba.nacos.shaded.io.grpc.protobuf.lite.ProtoLiteUtils$MessageMarshaller@424f5fa2, schemaDescriptor=com.alibaba.nacos.api.grpc.auto.RequestGrpc$RequestMethodDescriptorSupplier@56847fbc}}}}}]]
	at com.alibaba.nacos.shaded.com.google.common.util.concurrent.AbstractFuture.get(AbstractFuture.java:508) ~[nacos-client-2.0.4.jar:na]
	at com.alibaba.nacos.common.remote.client.grpc.GrpcClient.serverCheck(GrpcClient.java:148) ~[nacos-client-2.0.4.jar:na]
	at com.alibaba.nacos.common.remote.client.grpc.GrpcClient.connectToServer(GrpcClient.java:264) ~[nacos-client-2.0.4.jar:na]
	at com.alibaba.nacos.common.remote.client.RpcClient.reconnect(RpcClient.java:522) ~[nacos-client-2.0.4.jar:na]
	at com.alibaba.nacos.common.remote.client.RpcClient.lambda$start$2(RpcClient.java:370) ~[nacos-client-2.0.4.jar:na]
	at java.base/java.util.concurrent.Executors$RunnableAdapter.call(Executors.java:515) ~[na:na]
	at java.base/java.util.concurrent.FutureTask.run(FutureTask.java:264) ~[na:na]
	at java.base/java.util.concurrent.ScheduledThreadPoolExecutor$ScheduledFutureTask.run(ScheduledThreadPoolExecutor.java:304) ~[na:na]
	at java.base/java.util.concurrent.ThreadPoolExecutor.runWorker(ThreadPoolExecutor.java:1128) ~[na:na]
	at java.base/java.util.concurrent.ThreadPoolExecutor$Worker.run(ThreadPoolExecutor.java:628) ~[na:na]
	at java.base/java.lang.Thread.run(Thread.java:834) ~[na:na]

17-32-10-631  INFO 3240 --- [com.alibaba.nacos.client.remote.worker] com.alibaba.nacos.common.remote.client   : [a244ca18-c11c-4d0a-90eb-25184f5cc6ca] Fail to connect server, after trying 249 times, last try server is {serverIp = '192.168.10.101', server main port = 8848}, error = unknown
17-32-18-651 ERROR 3240 --- [com.alibaba.nacos.client.remote.worker] c.a.n.c.remote.client.grpc.GrpcClient    : Server check fail, please check server 192.168.10.101 ,port 9848 is available , error ={}

java.util.concurrent.TimeoutException: Waited 3000 milliseconds (plus 2 milliseconds, 203700 nanoseconds delay) for com.alibaba.nacos.shaded.io.grpc.stub.ClientCalls$GrpcFuture@600377c8[status=PENDING, info=[GrpcFuture{clientCall={delegate={delegate=ClientCallImpl{method=MethodDescriptor{fullMethodName=Request/request, type=UNARY, idempotent=false, safe=false, sampledToLocalTracing=true, requestMarshaller=com.alibaba.nacos.shaded.io.grpc.protobuf.lite.ProtoLiteUtils$MessageMarshaller@24e11377, responseMarshaller=com.alibaba.nacos.shaded.io.grpc.protobuf.lite.ProtoLiteUtils$MessageMarshaller@424f5fa2, schemaDescriptor=com.alibaba.nacos.api.grpc.auto.RequestGrpc$RequestMethodDescriptorSupplier@56847fbc}}}}}]]
	at com.alibaba.nacos.shaded.com.google.common.util.concurrent.AbstractFuture.get(AbstractFuture.java:508) ~[nacos-client-2.0.4.jar:na]
	at com.alibaba.nacos.common.remote.client.grpc.GrpcClient.serverCheck(GrpcClient.java:148) ~[nacos-client-2.0.4.jar:na]
	at com.alibaba.nacos.common.remote.client.grpc.GrpcClient.connectToServer(GrpcClient.java:264) ~[nacos-client-2.0.4.jar:na]
	at com.alibaba.nacos.common.remote.client.RpcClient.reconnect(RpcClient.java:522) ~[nacos-client-2.0.4.jar:na]
	at com.alibaba.nacos.common.remote.client.RpcClient.lambda$start$2(RpcClient.java:370) ~[nacos-client-2.0.4.jar:na]
	at java.base/java.util.concurrent.Executors$RunnableAdapter.call(Executors.java:515) ~[na:na]
	at java.base/java.util.concurrent.FutureTask.run(FutureTask.java:264) ~[na:na]
	at java.base/java.util.concurrent.ScheduledThreadPoolExecutor$ScheduledFutureTask.run(ScheduledThreadPoolExecutor.java:304) ~[na:na]
	at java.base/java.util.concurrent.ThreadPoolExecutor.runWorker(ThreadPoolExecutor.java:1128) ~[na:na]
	at java.base/java.util.concurrent.ThreadPoolExecutor$Worker.run(ThreadPoolExecutor.java:628) ~[na:na]
	at java.base/java.lang.Thread.run(Thread.java:834) ~[na:na]

17-32-18-653  INFO 3240 --- [com.alibaba.nacos.client.remote.worker] com.alibaba.nacos.common.remote.client   : [a244ca18-c11c-4d0a-90eb-25184f5cc6ca] Fail to connect server, after trying 250 times, last try server is {serverIp = '192.168.10.101', server main port = 8848}, error = unknown
17-32-26-687 ERROR 3240 --- [com.alibaba.nacos.client.remote.worker] c.a.n.c.remote.client.grpc.GrpcClient    : Server check fail, please check server 192.168.10.101 ,port 9848 is available , error ={}

java.util.concurrent.TimeoutException: Waited 3000 milliseconds (plus 15 milliseconds, 380200 nanoseconds delay) for com.alibaba.nacos.shaded.io.grpc.stub.ClientCalls$GrpcFuture@703b7855[status=PENDING, info=[GrpcFuture{clientCall={delegate={delegate=ClientCallImpl{method=MethodDescriptor{fullMethodName=Request/request, type=UNARY, idempotent=false, safe=false, sampledToLocalTracing=true, requestMarshaller=com.alibaba.nacos.shaded.io.grpc.protobuf.lite.ProtoLiteUtils$MessageMarshaller@24e11377, responseMarshaller=com.alibaba.nacos.shaded.io.grpc.protobuf.lite.ProtoLiteUtils$MessageMarshaller@424f5fa2, schemaDescriptor=com.alibaba.nacos.api.grpc.auto.RequestGrpc$RequestMethodDescriptorSupplier@56847fbc}}}}}]]
	at com.alibaba.nacos.shaded.com.google.common.util.concurrent.AbstractFuture.get(AbstractFuture.java:508) ~[nacos-client-2.0.4.jar:na]
	at com.alibaba.nacos.common.remote.client.grpc.GrpcClient.serverCheck(GrpcClient.java:148) ~[nacos-client-2.0.4.jar:na]
	at com.alibaba.nacos.common.remote.client.grpc.GrpcClient.connectToServer(GrpcClient.java:264) ~[nacos-client-2.0.4.jar:na]
	at com.alibaba.nacos.common.remote.client.RpcClient.reconnect(RpcClient.java:522) ~[nacos-client-2.0.4.jar:na]
	at com.alibaba.nacos.common.remote.client.RpcClient.lambda$start$2(RpcClient.java:370) ~[nacos-client-2.0.4.jar:na]
	at java.base/java.util.concurrent.Executors$RunnableAdapter.call(Executors.java:515) ~[na:na]
	at java.base/java.util.concurrent.FutureTask.run(FutureTask.java:264) ~[na:na]
	at java.base/java.util.concurrent.ScheduledThreadPoolExecutor$ScheduledFutureTask.run(ScheduledThreadPoolExecutor.java:304) ~[na:na]
	at java.base/java.util.concurrent.ThreadPoolExecutor.runWorker(ThreadPoolExecutor.java:1128) ~[na:na]
	at java.base/java.util.concurrent.ThreadPoolExecutor$Worker.run(ThreadPoolExecutor.java:628) ~[na:na]
	at java.base/java.lang.Thread.run(Thread.java:834) ~[na:na]

17-32-26-688  INFO 3240 --- [com.alibaba.nacos.client.remote.worker] com.alibaba.nacos.common.remote.client   : [a244ca18-c11c-4d0a-90eb-25184f5cc6ca] Fail to connect server, after trying 251 times, last try server is {serverIp = '192.168.10.101', server main port = 8848}, error = unknown
17-32-31-324 ERROR 3240 --- [com.alibaba.nacos.client.naming.updater.0] com.alibaba.nacos.common.remote.client   : Send request fail, request = ServiceQueryRequest{headers={app=unknown}, requestId='null'}, retryTimes = 0, errorMessage = Client not connected, current status:UNHEALTHY
17-32-31-430 ERROR 3240 --- [com.alibaba.nacos.client.naming.updater.0] com.alibaba.nacos.common.remote.client   : Send request fail, request = ServiceQueryRequest{headers={app=unknown}, requestId='null'}, retryTimes = 1, errorMessage = Client not connected, current status:UNHEALTHY
17-32-31-538 ERROR 3240 --- [com.alibaba.nacos.client.naming.updater.0] com.alibaba.nacos.common.remote.client   : Send request fail, request = ServiceQueryRequest{headers={app=unknown}, requestId='null'}, retryTimes = 2, errorMessage = Client not connected, current status:UNHEALTHY
17-32-34-698 ERROR 3240 --- [com.alibaba.nacos.client.remote.worker] c.a.n.c.remote.client.grpc.GrpcClient    : Server check fail, please check server 192.168.10.101 ,port 9848 is available , error ={}

java.util.concurrent.TimeoutException: Waited 3000 milliseconds (plus 4 milliseconds, 736400 nanoseconds delay) for com.alibaba.nacos.shaded.io.grpc.stub.ClientCalls$GrpcFuture@234533a0[status=PENDING, info=[GrpcFuture{clientCall={delegate={delegate=ClientCallImpl{method=MethodDescriptor{fullMethodName=Request/request, type=UNARY, idempotent=false, safe=false, sampledToLocalTracing=true, requestMarshaller=com.alibaba.nacos.shaded.io.grpc.protobuf.lite.ProtoLiteUtils$MessageMarshaller@24e11377, responseMarshaller=com.alibaba.nacos.shaded.io.grpc.protobuf.lite.ProtoLiteUtils$MessageMarshaller@424f5fa2, schemaDescriptor=com.alibaba.nacos.api.grpc.auto.RequestGrpc$RequestMethodDescriptorSupplier@56847fbc}}}}}]]
	at com.alibaba.nacos.shaded.com.google.common.util.concurrent.AbstractFuture.get(AbstractFuture.java:508) ~[nacos-client-2.0.4.jar:na]
	at com.alibaba.nacos.common.remote.client.grpc.GrpcClient.serverCheck(GrpcClient.java:148) ~[nacos-client-2.0.4.jar:na]
	at com.alibaba.nacos.common.remote.client.grpc.GrpcClient.connectToServer(GrpcClient.java:264) ~[nacos-client-2.0.4.jar:na]
	at com.alibaba.nacos.common.remote.client.RpcClient.reconnect(RpcClient.java:522) ~[nacos-client-2.0.4.jar:na]
	at com.alibaba.nacos.common.remote.client.RpcClient.lambda$start$2(RpcClient.java:370) ~[nacos-client-2.0.4.jar:na]
	at java.base/java.util.concurrent.Executors$RunnableAdapter.call(Executors.java:515) ~[na:na]
	at java.base/java.util.concurrent.FutureTask.run(FutureTask.java:264) ~[na:na]
	at java.base/java.util.concurrent.ScheduledThreadPoolExecutor$ScheduledFutureTask.run(ScheduledThreadPoolExecutor.java:304) ~[na:na]
	at java.base/java.util.concurrent.ThreadPoolExecutor.runWorker(ThreadPoolExecutor.java:1128) ~[na:na]
	at java.base/java.util.concurrent.ThreadPoolExecutor$Worker.run(ThreadPoolExecutor.java:628) ~[na:na]
	at java.base/java.lang.Thread.run(Thread.java:834) ~[na:na]

17-32-34-700  INFO 3240 --- [com.alibaba.nacos.client.remote.worker] com.alibaba.nacos.common.remote.client   : [a244ca18-c11c-4d0a-90eb-25184f5cc6ca] Fail to connect server, after trying 252 times, last try server is {serverIp = '192.168.10.101', server main port = 8848}, error = unknown
17-32-42-724 ERROR 3240 --- [com.alibaba.nacos.client.remote.worker] c.a.n.c.remote.client.grpc.GrpcClient    : Server check fail, please check server 192.168.10.101 ,port 9848 is available , error ={}

java.util.concurrent.TimeoutException: Waited 3000 milliseconds (plus 14 milliseconds, 823700 nanoseconds delay) for com.alibaba.nacos.shaded.io.grpc.stub.ClientCalls$GrpcFuture@3b9fa10a[status=PENDING, info=[GrpcFuture{clientCall={delegate={delegate=ClientCallImpl{method=MethodDescriptor{fullMethodName=Request/request, type=UNARY, idempotent=false, safe=false, sampledToLocalTracing=true, requestMarshaller=com.alibaba.nacos.shaded.io.grpc.protobuf.lite.ProtoLiteUtils$MessageMarshaller@24e11377, responseMarshaller=com.alibaba.nacos.shaded.io.grpc.protobuf.lite.ProtoLiteUtils$MessageMarshaller@424f5fa2, schemaDescriptor=com.alibaba.nacos.api.grpc.auto.RequestGrpc$RequestMethodDescriptorSupplier@56847fbc}}}}}]]
	at com.alibaba.nacos.shaded.com.google.common.util.concurrent.AbstractFuture.get(AbstractFuture.java:508) ~[nacos-client-2.0.4.jar:na]
	at com.alibaba.nacos.common.remote.client.grpc.GrpcClient.serverCheck(GrpcClient.java:148) ~[nacos-client-2.0.4.jar:na]
	at com.alibaba.nacos.common.remote.client.grpc.GrpcClient.connectToServer(GrpcClient.java:264) ~[nacos-client-2.0.4.jar:na]
	at com.alibaba.nacos.common.remote.client.RpcClient.reconnect(RpcClient.java:522) ~[nacos-client-2.0.4.jar:na]
	at com.alibaba.nacos.common.remote.client.RpcClient.lambda$start$2(RpcClient.java:370) ~[nacos-client-2.0.4.jar:na]
	at java.base/java.util.concurrent.Executors$RunnableAdapter.call(Executors.java:515) ~[na:na]
	at java.base/java.util.concurrent.FutureTask.run(FutureTask.java:264) ~[na:na]
	at java.base/java.util.concurrent.ScheduledThreadPoolExecutor$ScheduledFutureTask.run(ScheduledThreadPoolExecutor.java:304) ~[na:na]
	at java.base/java.util.concurrent.ThreadPoolExecutor.runWorker(ThreadPoolExecutor.java:1128) ~[na:na]
	at java.base/java.util.concurrent.ThreadPoolExecutor$Worker.run(ThreadPoolExecutor.java:628) ~[na:na]
	at java.base/java.lang.Thread.run(Thread.java:834) ~[na:na]

17-32-42-727  INFO 3240 --- [com.alibaba.nacos.client.remote.worker] com.alibaba.nacos.common.remote.client   : [a244ca18-c11c-4d0a-90eb-25184f5cc6ca] Fail to connect server, after trying 253 times, last try server is {serverIp = '192.168.10.101', server main port = 8848}, error = unknown
17-32-50-748 ERROR 3240 --- [com.alibaba.nacos.client.remote.worker] c.a.n.c.remote.client.grpc.GrpcClient    : Server check fail, please check server 192.168.10.101 ,port 9848 is available , error ={}

java.util.concurrent.TimeoutException: Waited 3000 milliseconds (plus 13 milliseconds, 73400 nanoseconds delay) for com.alibaba.nacos.shaded.io.grpc.stub.ClientCalls$GrpcFuture@1c48d338[status=PENDING, info=[GrpcFuture{clientCall={delegate={delegate=ClientCallImpl{method=MethodDescriptor{fullMethodName=Request/request, type=UNARY, idempotent=false, safe=false, sampledToLocalTracing=true, requestMarshaller=com.alibaba.nacos.shaded.io.grpc.protobuf.lite.ProtoLiteUtils$MessageMarshaller@24e11377, responseMarshaller=com.alibaba.nacos.shaded.io.grpc.protobuf.lite.ProtoLiteUtils$MessageMarshaller@424f5fa2, schemaDescriptor=com.alibaba.nacos.api.grpc.auto.RequestGrpc$RequestMethodDescriptorSupplier@56847fbc}}}}}]]
	at com.alibaba.nacos.shaded.com.google.common.util.concurrent.AbstractFuture.get(AbstractFuture.java:508) ~[nacos-client-2.0.4.jar:na]
	at com.alibaba.nacos.common.remote.client.grpc.GrpcClient.serverCheck(GrpcClient.java:148) ~[nacos-client-2.0.4.jar:na]
	at com.alibaba.nacos.common.remote.client.grpc.GrpcClient.connectToServer(GrpcClient.java:264) ~[nacos-client-2.0.4.jar:na]
	at com.alibaba.nacos.common.remote.client.RpcClient.reconnect(RpcClient.java:522) ~[nacos-client-2.0.4.jar:na]
	at com.alibaba.nacos.common.remote.client.RpcClient.lambda$start$2(RpcClient.java:370) ~[nacos-client-2.0.4.jar:na]
	at java.base/java.util.concurrent.Executors$RunnableAdapter.call(Executors.java:515) ~[na:na]
	at java.base/java.util.concurrent.FutureTask.run(FutureTask.java:264) ~[na:na]
	at java.base/java.util.concurrent.ScheduledThreadPoolExecutor$ScheduledFutureTask.run(ScheduledThreadPoolExecutor.java:304) ~[na:na]
	at java.base/java.util.concurrent.ThreadPoolExecutor.runWorker(ThreadPoolExecutor.java:1128) ~[na:na]
	at java.base/java.util.concurrent.ThreadPoolExecutor$Worker.run(ThreadPoolExecutor.java:628) ~[na:na]
	at java.base/java.lang.Thread.run(Thread.java:834) ~[na:na]

17-32-50-749  INFO 3240 --- [com.alibaba.nacos.client.remote.worker] com.alibaba.nacos.common.remote.client   : [a244ca18-c11c-4d0a-90eb-25184f5cc6ca] Fail to connect server, after trying 254 times, last try server is {serverIp = '192.168.10.101', server main port = 8848}, error = unknown
17-32-58-772 ERROR 3240 --- [com.alibaba.nacos.client.remote.worker] c.a.n.c.remote.client.grpc.GrpcClient    : Server check fail, please check server 192.168.10.101 ,port 9848 is available , error ={}

java.util.concurrent.TimeoutException: Waited 3000 milliseconds (plus 3 milliseconds, 621300 nanoseconds delay) for com.alibaba.nacos.shaded.io.grpc.stub.ClientCalls$GrpcFuture@784fb861[status=PENDING, info=[GrpcFuture{clientCall={delegate={delegate=ClientCallImpl{method=MethodDescriptor{fullMethodName=Request/request, type=UNARY, idempotent=false, safe=false, sampledToLocalTracing=true, requestMarshaller=com.alibaba.nacos.shaded.io.grpc.protobuf.lite.ProtoLiteUtils$MessageMarshaller@24e11377, responseMarshaller=com.alibaba.nacos.shaded.io.grpc.protobuf.lite.ProtoLiteUtils$MessageMarshaller@424f5fa2, schemaDescriptor=com.alibaba.nacos.api.grpc.auto.RequestGrpc$RequestMethodDescriptorSupplier@56847fbc}}}}}]]
	at com.alibaba.nacos.shaded.com.google.common.util.concurrent.AbstractFuture.get(AbstractFuture.java:508) ~[nacos-client-2.0.4.jar:na]
	at com.alibaba.nacos.common.remote.client.grpc.GrpcClient.serverCheck(GrpcClient.java:148) ~[nacos-client-2.0.4.jar:na]
	at com.alibaba.nacos.common.remote.client.grpc.GrpcClient.connectToServer(GrpcClient.java:264) ~[nacos-client-2.0.4.jar:na]
	at com.alibaba.nacos.common.remote.client.RpcClient.reconnect(RpcClient.java:522) ~[nacos-client-2.0.4.jar:na]
	at com.alibaba.nacos.common.remote.client.RpcClient.lambda$start$2(RpcClient.java:370) ~[nacos-client-2.0.4.jar:na]
	at java.base/java.util.concurrent.Executors$RunnableAdapter.call(Executors.java:515) ~[na:na]
	at java.base/java.util.concurrent.FutureTask.run(FutureTask.java:264) ~[na:na]
	at java.base/java.util.concurrent.ScheduledThreadPoolExecutor$ScheduledFutureTask.run(ScheduledThreadPoolExecutor.java:304) ~[na:na]
	at java.base/java.util.concurrent.ThreadPoolExecutor.runWorker(ThreadPoolExecutor.java:1128) ~[na:na]
	at java.base/java.util.concurrent.ThreadPoolExecutor$Worker.run(ThreadPoolExecutor.java:628) ~[na:na]
	at java.base/java.lang.Thread.run(Thread.java:834) ~[na:na]

17-32-58-775  INFO 3240 --- [com.alibaba.nacos.client.remote.worker] com.alibaba.nacos.common.remote.client   : [a244ca18-c11c-4d0a-90eb-25184f5cc6ca] Fail to connect server, after trying 255 times, last try server is {serverIp = '192.168.10.101', server main port = 8848}, error = unknown
17-33-06-783 ERROR 3240 --- [com.alibaba.nacos.client.remote.worker] c.a.n.c.remote.client.grpc.GrpcClient    : Server check fail, please check server 192.168.10.101 ,port 9848 is available , error ={}

java.util.concurrent.TimeoutException: Waited 3000 milliseconds (plus 155300 nanoseconds delay) for com.alibaba.nacos.shaded.io.grpc.stub.ClientCalls$GrpcFuture@439e6789[status=PENDING, info=[GrpcFuture{clientCall={delegate={delegate=ClientCallImpl{method=MethodDescriptor{fullMethodName=Request/request, type=UNARY, idempotent=false, safe=false, sampledToLocalTracing=true, requestMarshaller=com.alibaba.nacos.shaded.io.grpc.protobuf.lite.ProtoLiteUtils$MessageMarshaller@24e11377, responseMarshaller=com.alibaba.nacos.shaded.io.grpc.protobuf.lite.ProtoLiteUtils$MessageMarshaller@424f5fa2, schemaDescriptor=com.alibaba.nacos.api.grpc.auto.RequestGrpc$RequestMethodDescriptorSupplier@56847fbc}}}}}]]
	at com.alibaba.nacos.shaded.com.google.common.util.concurrent.AbstractFuture.get(AbstractFuture.java:508) ~[nacos-client-2.0.4.jar:na]
	at com.alibaba.nacos.common.remote.client.grpc.GrpcClient.serverCheck(GrpcClient.java:148) ~[nacos-client-2.0.4.jar:na]
	at com.alibaba.nacos.common.remote.client.grpc.GrpcClient.connectToServer(GrpcClient.java:264) ~[nacos-client-2.0.4.jar:na]
	at com.alibaba.nacos.common.remote.client.RpcClient.reconnect(RpcClient.java:522) ~[nacos-client-2.0.4.jar:na]
	at com.alibaba.nacos.common.remote.client.RpcClient.lambda$start$2(RpcClient.java:370) ~[nacos-client-2.0.4.jar:na]
	at java.base/java.util.concurrent.Executors$RunnableAdapter.call(Executors.java:515) ~[na:na]
	at java.base/java.util.concurrent.FutureTask.run(FutureTask.java:264) ~[na:na]
	at java.base/java.util.concurrent.ScheduledThreadPoolExecutor$ScheduledFutureTask.run(ScheduledThreadPoolExecutor.java:304) ~[na:na]
	at java.base/java.util.concurrent.ThreadPoolExecutor.runWorker(ThreadPoolExecutor.java:1128) ~[na:na]
	at java.base/java.util.concurrent.ThreadPoolExecutor$Worker.run(ThreadPoolExecutor.java:628) ~[na:na]
	at java.base/java.lang.Thread.run(Thread.java:834) ~[na:na]

17-33-06-785  INFO 3240 --- [com.alibaba.nacos.client.remote.worker] com.alibaba.nacos.common.remote.client   : [a244ca18-c11c-4d0a-90eb-25184f5cc6ca] Fail to connect server, after trying 256 times, last try server is {serverIp = '192.168.10.101', server main port = 8848}, error = unknown
17-33-14-796 ERROR 3240 --- [com.alibaba.nacos.client.remote.worker] c.a.n.c.remote.client.grpc.GrpcClient    : Server check fail, please check server 192.168.10.101 ,port 9848 is available , error ={}

java.util.concurrent.TimeoutException: Waited 3000 milliseconds (plus 531200 nanoseconds delay) for com.alibaba.nacos.shaded.io.grpc.stub.ClientCalls$GrpcFuture@13d2fda1[status=PENDING, info=[GrpcFuture{clientCall={delegate={delegate=ClientCallImpl{method=MethodDescriptor{fullMethodName=Request/request, type=UNARY, idempotent=false, safe=false, sampledToLocalTracing=true, requestMarshaller=com.alibaba.nacos.shaded.io.grpc.protobuf.lite.ProtoLiteUtils$MessageMarshaller@24e11377, responseMarshaller=com.alibaba.nacos.shaded.io.grpc.protobuf.lite.ProtoLiteUtils$MessageMarshaller@424f5fa2, schemaDescriptor=com.alibaba.nacos.api.grpc.auto.RequestGrpc$RequestMethodDescriptorSupplier@56847fbc}}}}}]]
	at com.alibaba.nacos.shaded.com.google.common.util.concurrent.AbstractFuture.get(AbstractFuture.java:508) ~[nacos-client-2.0.4.jar:na]
	at com.alibaba.nacos.common.remote.client.grpc.GrpcClient.serverCheck(GrpcClient.java:148) ~[nacos-client-2.0.4.jar:na]
	at com.alibaba.nacos.common.remote.client.grpc.GrpcClient.connectToServer(GrpcClient.java:264) ~[nacos-client-2.0.4.jar:na]
	at com.alibaba.nacos.common.remote.client.RpcClient.reconnect(RpcClient.java:522) ~[nacos-client-2.0.4.jar:na]
	at com.alibaba.nacos.common.remote.client.RpcClient.lambda$start$2(RpcClient.java:370) ~[nacos-client-2.0.4.jar:na]
	at java.base/java.util.concurrent.Executors$RunnableAdapter.call(Executors.java:515) ~[na:na]
	at java.base/java.util.concurrent.FutureTask.run(FutureTask.java:264) ~[na:na]
	at java.base/java.util.concurrent.ScheduledThreadPoolExecutor$ScheduledFutureTask.run(ScheduledThreadPoolExecutor.java:304) ~[na:na]
	at java.base/java.util.concurrent.ThreadPoolExecutor.runWorker(ThreadPoolExecutor.java:1128) ~[na:na]
	at java.base/java.util.concurrent.ThreadPoolExecutor$Worker.run(ThreadPoolExecutor.java:628) ~[na:na]
	at java.base/java.lang.Thread.run(Thread.java:834) ~[na:na]

17-33-14-798  INFO 3240 --- [com.alibaba.nacos.client.remote.worker] com.alibaba.nacos.common.remote.client   : [a244ca18-c11c-4d0a-90eb-25184f5cc6ca] Fail to connect server, after trying 257 times, last try server is {serverIp = '192.168.10.101', server main port = 8848}, error = unknown
17-33-22-813 ERROR 3240 --- [com.alibaba.nacos.client.remote.worker] c.a.n.c.remote.client.grpc.GrpcClient    : Server check fail, please check server 192.168.10.101 ,port 9848 is available , error ={}

java.util.concurrent.TimeoutException: Waited 3000 milliseconds (plus 7 milliseconds, 638000 nanoseconds delay) for com.alibaba.nacos.shaded.io.grpc.stub.ClientCalls$GrpcFuture@2792dc9b[status=PENDING, info=[GrpcFuture{clientCall={delegate={delegate=ClientCallImpl{method=MethodDescriptor{fullMethodName=Request/request, type=UNARY, idempotent=false, safe=false, sampledToLocalTracing=true, requestMarshaller=com.alibaba.nacos.shaded.io.grpc.protobuf.lite.ProtoLiteUtils$MessageMarshaller@24e11377, responseMarshaller=com.alibaba.nacos.shaded.io.grpc.protobuf.lite.ProtoLiteUtils$MessageMarshaller@424f5fa2, schemaDescriptor=com.alibaba.nacos.api.grpc.auto.RequestGrpc$RequestMethodDescriptorSupplier@56847fbc}}}}}]]
	at com.alibaba.nacos.shaded.com.google.common.util.concurrent.AbstractFuture.get(AbstractFuture.java:508) ~[nacos-client-2.0.4.jar:na]
	at com.alibaba.nacos.common.remote.client.grpc.GrpcClient.serverCheck(GrpcClient.java:148) ~[nacos-client-2.0.4.jar:na]
	at com.alibaba.nacos.common.remote.client.grpc.GrpcClient.connectToServer(GrpcClient.java:264) ~[nacos-client-2.0.4.jar:na]
	at com.alibaba.nacos.common.remote.client.RpcClient.reconnect(RpcClient.java:522) ~[nacos-client-2.0.4.jar:na]
	at com.alibaba.nacos.common.remote.client.RpcClient.lambda$start$2(RpcClient.java:370) ~[nacos-client-2.0.4.jar:na]
	at java.base/java.util.concurrent.Executors$RunnableAdapter.call(Executors.java:515) ~[na:na]
	at java.base/java.util.concurrent.FutureTask.run(FutureTask.java:264) ~[na:na]
	at java.base/java.util.concurrent.ScheduledThreadPoolExecutor$ScheduledFutureTask.run(ScheduledThreadPoolExecutor.java:304) ~[na:na]
	at java.base/java.util.concurrent.ThreadPoolExecutor.runWorker(ThreadPoolExecutor.java:1128) ~[na:na]
	at java.base/java.util.concurrent.ThreadPoolExecutor$Worker.run(ThreadPoolExecutor.java:628) ~[na:na]
	at java.base/java.lang.Thread.run(Thread.java:834) ~[na:na]

17-33-22-814  INFO 3240 --- [com.alibaba.nacos.client.remote.worker] com.alibaba.nacos.common.remote.client   : [a244ca18-c11c-4d0a-90eb-25184f5cc6ca] Fail to connect server, after trying 258 times, last try server is {serverIp = '192.168.10.101', server main port = 8848}, error = unknown
17-33-30-823 ERROR 3240 --- [com.alibaba.nacos.client.remote.worker] c.a.n.c.remote.client.grpc.GrpcClient    : Server check fail, please check server 192.168.10.101 ,port 9848 is available , error ={}

java.util.concurrent.TimeoutException: Waited 3000 milliseconds (plus 666600 nanoseconds delay) for com.alibaba.nacos.shaded.io.grpc.stub.ClientCalls$GrpcFuture@1986c8ad[status=PENDING, info=[GrpcFuture{clientCall={delegate={delegate=ClientCallImpl{method=MethodDescriptor{fullMethodName=Request/request, type=UNARY, idempotent=false, safe=false, sampledToLocalTracing=true, requestMarshaller=com.alibaba.nacos.shaded.io.grpc.protobuf.lite.ProtoLiteUtils$MessageMarshaller@24e11377, responseMarshaller=com.alibaba.nacos.shaded.io.grpc.protobuf.lite.ProtoLiteUtils$MessageMarshaller@424f5fa2, schemaDescriptor=com.alibaba.nacos.api.grpc.auto.RequestGrpc$RequestMethodDescriptorSupplier@56847fbc}}}}}]]
	at com.alibaba.nacos.shaded.com.google.common.util.concurrent.AbstractFuture.get(AbstractFuture.java:508) ~[nacos-client-2.0.4.jar:na]
	at com.alibaba.nacos.common.remote.client.grpc.GrpcClient.serverCheck(GrpcClient.java:148) ~[nacos-client-2.0.4.jar:na]
	at com.alibaba.nacos.common.remote.client.grpc.GrpcClient.connectToServer(GrpcClient.java:264) ~[nacos-client-2.0.4.jar:na]
	at com.alibaba.nacos.common.remote.client.RpcClient.reconnect(RpcClient.java:522) ~[nacos-client-2.0.4.jar:na]
	at com.alibaba.nacos.common.remote.client.RpcClient.lambda$start$2(RpcClient.java:370) ~[nacos-client-2.0.4.jar:na]
	at java.base/java.util.concurrent.Executors$RunnableAdapter.call(Executors.java:515) ~[na:na]
	at java.base/java.util.concurrent.FutureTask.run(FutureTask.java:264) ~[na:na]
	at java.base/java.util.concurrent.ScheduledThreadPoolExecutor$ScheduledFutureTask.run(ScheduledThreadPoolExecutor.java:304) ~[na:na]
	at java.base/java.util.concurrent.ThreadPoolExecutor.runWorker(ThreadPoolExecutor.java:1128) ~[na:na]
	at java.base/java.util.concurrent.ThreadPoolExecutor$Worker.run(ThreadPoolExecutor.java:628) ~[na:na]
	at java.base/java.lang.Thread.run(Thread.java:834) ~[na:na]

17-33-30-825  INFO 3240 --- [com.alibaba.nacos.client.remote.worker] com.alibaba.nacos.common.remote.client   : [a244ca18-c11c-4d0a-90eb-25184f5cc6ca] Fail to connect server, after trying 259 times, last try server is {serverIp = '192.168.10.101', server main port = 8848}, error = unknown
17-33-31-655 ERROR 3240 --- [com.alibaba.nacos.client.naming.updater.0] com.alibaba.nacos.common.remote.client   : Send request fail, request = ServiceQueryRequest{headers={app=unknown}, requestId='null'}, retryTimes = 0, errorMessage = Client not connected, current status:UNHEALTHY
17-33-31-764 ERROR 3240 --- [com.alibaba.nacos.client.naming.updater.0] com.alibaba.nacos.common.remote.client   : Send request fail, request = ServiceQueryRequest{headers={app=unknown}, requestId='null'}, retryTimes = 1, errorMessage = Client not connected, current status:UNHEALTHY
17-33-31-871 ERROR 3240 --- [com.alibaba.nacos.client.naming.updater.0] com.alibaba.nacos.common.remote.client   : Send request fail, request = ServiceQueryRequest{headers={app=unknown}, requestId='null'}, retryTimes = 2, errorMessage = Client not connected, current status:UNHEALTHY
17-33-38-832 ERROR 3240 --- [com.alibaba.nacos.client.remote.worker] c.a.n.c.remote.client.grpc.GrpcClient    : Server check fail, please check server 192.168.10.101 ,port 9848 is available , error ={}

java.util.concurrent.TimeoutException: Waited 3000 milliseconds (plus 1 milliseconds, 722200 nanoseconds delay) for com.alibaba.nacos.shaded.io.grpc.stub.ClientCalls$GrpcFuture@7ce1e755[status=PENDING, info=[GrpcFuture{clientCall={delegate={delegate=ClientCallImpl{method=MethodDescriptor{fullMethodName=Request/request, type=UNARY, idempotent=false, safe=false, sampledToLocalTracing=true, requestMarshaller=com.alibaba.nacos.shaded.io.grpc.protobuf.lite.ProtoLiteUtils$MessageMarshaller@24e11377, responseMarshaller=com.alibaba.nacos.shaded.io.grpc.protobuf.lite.ProtoLiteUtils$MessageMarshaller@424f5fa2, schemaDescriptor=com.alibaba.nacos.api.grpc.auto.RequestGrpc$RequestMethodDescriptorSupplier@56847fbc}}}}}]]
	at com.alibaba.nacos.shaded.com.google.common.util.concurrent.AbstractFuture.get(AbstractFuture.java:508) ~[nacos-client-2.0.4.jar:na]
	at com.alibaba.nacos.common.remote.client.grpc.GrpcClient.serverCheck(GrpcClient.java:148) ~[nacos-client-2.0.4.jar:na]
	at com.alibaba.nacos.common.remote.client.grpc.GrpcClient.connectToServer(GrpcClient.java:264) ~[nacos-client-2.0.4.jar:na]
	at com.alibaba.nacos.common.remote.client.RpcClient.reconnect(RpcClient.java:522) ~[nacos-client-2.0.4.jar:na]
	at com.alibaba.nacos.common.remote.client.RpcClient.lambda$start$2(RpcClient.java:370) ~[nacos-client-2.0.4.jar:na]
	at java.base/java.util.concurrent.Executors$RunnableAdapter.call(Executors.java:515) ~[na:na]
	at java.base/java.util.concurrent.FutureTask.run(FutureTask.java:264) ~[na:na]
	at java.base/java.util.concurrent.ScheduledThreadPoolExecutor$ScheduledFutureTask.run(ScheduledThreadPoolExecutor.java:304) ~[na:na]
	at java.base/java.util.concurrent.ThreadPoolExecutor.runWorker(ThreadPoolExecutor.java:1128) ~[na:na]
	at java.base/java.util.concurrent.ThreadPoolExecutor$Worker.run(ThreadPoolExecutor.java:628) ~[na:na]
	at java.base/java.lang.Thread.run(Thread.java:834) ~[na:na]

17-33-38-834  INFO 3240 --- [com.alibaba.nacos.client.remote.worker] com.alibaba.nacos.common.remote.client   : [a244ca18-c11c-4d0a-90eb-25184f5cc6ca] Fail to connect server, after trying 260 times, last try server is {serverIp = '192.168.10.101', server main port = 8848}, error = unknown
17-33-46-847 ERROR 3240 --- [com.alibaba.nacos.client.remote.worker] c.a.n.c.remote.client.grpc.GrpcClient    : Server check fail, please check server 192.168.10.101 ,port 9848 is available , error ={}

java.util.concurrent.TimeoutException: Waited 3000 milliseconds (plus 4 milliseconds, 27900 nanoseconds delay) for com.alibaba.nacos.shaded.io.grpc.stub.ClientCalls$GrpcFuture@66491a58[status=PENDING, info=[GrpcFuture{clientCall={delegate={delegate=ClientCallImpl{method=MethodDescriptor{fullMethodName=Request/request, type=UNARY, idempotent=false, safe=false, sampledToLocalTracing=true, requestMarshaller=com.alibaba.nacos.shaded.io.grpc.protobuf.lite.ProtoLiteUtils$MessageMarshaller@24e11377, responseMarshaller=com.alibaba.nacos.shaded.io.grpc.protobuf.lite.ProtoLiteUtils$MessageMarshaller@424f5fa2, schemaDescriptor=com.alibaba.nacos.api.grpc.auto.RequestGrpc$RequestMethodDescriptorSupplier@56847fbc}}}}}]]
	at com.alibaba.nacos.shaded.com.google.common.util.concurrent.AbstractFuture.get(AbstractFuture.java:508) ~[nacos-client-2.0.4.jar:na]
	at com.alibaba.nacos.common.remote.client.grpc.GrpcClient.serverCheck(GrpcClient.java:148) ~[nacos-client-2.0.4.jar:na]
	at com.alibaba.nacos.common.remote.client.grpc.GrpcClient.connectToServer(GrpcClient.java:264) ~[nacos-client-2.0.4.jar:na]
	at com.alibaba.nacos.common.remote.client.RpcClient.reconnect(RpcClient.java:522) ~[nacos-client-2.0.4.jar:na]
	at com.alibaba.nacos.common.remote.client.RpcClient.lambda$start$2(RpcClient.java:370) ~[nacos-client-2.0.4.jar:na]
	at java.base/java.util.concurrent.Executors$RunnableAdapter.call(Executors.java:515) ~[na:na]
	at java.base/java.util.concurrent.FutureTask.run(FutureTask.java:264) ~[na:na]
	at java.base/java.util.concurrent.ScheduledThreadPoolExecutor$ScheduledFutureTask.run(ScheduledThreadPoolExecutor.java:304) ~[na:na]
	at java.base/java.util.concurrent.ThreadPoolExecutor.runWorker(ThreadPoolExecutor.java:1128) ~[na:na]
	at java.base/java.util.concurrent.ThreadPoolExecutor$Worker.run(ThreadPoolExecutor.java:628) ~[na:na]
	at java.base/java.lang.Thread.run(Thread.java:834) ~[na:na]

17-33-46-849  INFO 3240 --- [com.alibaba.nacos.client.remote.worker] com.alibaba.nacos.common.remote.client   : [a244ca18-c11c-4d0a-90eb-25184f5cc6ca] Fail to connect server, after trying 261 times, last try server is {serverIp = '192.168.10.101', server main port = 8848}, error = unknown
17-33-54-856 ERROR 3240 --- [com.alibaba.nacos.client.remote.worker] c.a.n.c.remote.client.grpc.GrpcClient    : Server check fail, please check server 192.168.10.101 ,port 9848 is available , error ={}

java.util.concurrent.TimeoutException: Waited 3000 milliseconds (plus 2 milliseconds, 274900 nanoseconds delay) for com.alibaba.nacos.shaded.io.grpc.stub.ClientCalls$GrpcFuture@1e4465f1[status=PENDING, info=[GrpcFuture{clientCall={delegate={delegate=ClientCallImpl{method=MethodDescriptor{fullMethodName=Request/request, type=UNARY, idempotent=false, safe=false, sampledToLocalTracing=true, requestMarshaller=com.alibaba.nacos.shaded.io.grpc.protobuf.lite.ProtoLiteUtils$MessageMarshaller@24e11377, responseMarshaller=com.alibaba.nacos.shaded.io.grpc.protobuf.lite.ProtoLiteUtils$MessageMarshaller@424f5fa2, schemaDescriptor=com.alibaba.nacos.api.grpc.auto.RequestGrpc$RequestMethodDescriptorSupplier@56847fbc}}}}}]]
	at com.alibaba.nacos.shaded.com.google.common.util.concurrent.AbstractFuture.get(AbstractFuture.java:508) ~[nacos-client-2.0.4.jar:na]
	at com.alibaba.nacos.common.remote.client.grpc.GrpcClient.serverCheck(GrpcClient.java:148) ~[nacos-client-2.0.4.jar:na]
	at com.alibaba.nacos.common.remote.client.grpc.GrpcClient.connectToServer(GrpcClient.java:264) ~[nacos-client-2.0.4.jar:na]
	at com.alibaba.nacos.common.remote.client.RpcClient.reconnect(RpcClient.java:522) ~[nacos-client-2.0.4.jar:na]
	at com.alibaba.nacos.common.remote.client.RpcClient.lambda$start$2(RpcClient.java:370) ~[nacos-client-2.0.4.jar:na]
	at java.base/java.util.concurrent.Executors$RunnableAdapter.call(Executors.java:515) ~[na:na]
	at java.base/java.util.concurrent.FutureTask.run(FutureTask.java:264) ~[na:na]
	at java.base/java.util.concurrent.ScheduledThreadPoolExecutor$ScheduledFutureTask.run(ScheduledThreadPoolExecutor.java:304) ~[na:na]
	at java.base/java.util.concurrent.ThreadPoolExecutor.runWorker(ThreadPoolExecutor.java:1128) ~[na:na]
	at java.base/java.util.concurrent.ThreadPoolExecutor$Worker.run(ThreadPoolExecutor.java:628) ~[na:na]
	at java.base/java.lang.Thread.run(Thread.java:834) ~[na:na]

17-33-54-857  INFO 3240 --- [com.alibaba.nacos.client.remote.worker] com.alibaba.nacos.common.remote.client   : [a244ca18-c11c-4d0a-90eb-25184f5cc6ca] Fail to connect server, after trying 262 times, last try server is {serverIp = '192.168.10.101', server main port = 8848}, error = unknown
17-34-02-876 ERROR 3240 --- [com.alibaba.nacos.client.remote.worker] c.a.n.c.remote.client.grpc.GrpcClient    : Server check fail, please check server 192.168.10.101 ,port 9848 is available , error ={}

java.util.concurrent.TimeoutException: Waited 3000 milliseconds (plus 10 milliseconds, 814500 nanoseconds delay) for com.alibaba.nacos.shaded.io.grpc.stub.ClientCalls$GrpcFuture@60385ad[status=PENDING, info=[GrpcFuture{clientCall={delegate={delegate=ClientCallImpl{method=MethodDescriptor{fullMethodName=Request/request, type=UNARY, idempotent=false, safe=false, sampledToLocalTracing=true, requestMarshaller=com.alibaba.nacos.shaded.io.grpc.protobuf.lite.ProtoLiteUtils$MessageMarshaller@24e11377, responseMarshaller=com.alibaba.nacos.shaded.io.grpc.protobuf.lite.ProtoLiteUtils$MessageMarshaller@424f5fa2, schemaDescriptor=com.alibaba.nacos.api.grpc.auto.RequestGrpc$RequestMethodDescriptorSupplier@56847fbc}}}}}]]
	at com.alibaba.nacos.shaded.com.google.common.util.concurrent.AbstractFuture.get(AbstractFuture.java:508) ~[nacos-client-2.0.4.jar:na]
	at com.alibaba.nacos.common.remote.client.grpc.GrpcClient.serverCheck(GrpcClient.java:148) ~[nacos-client-2.0.4.jar:na]
	at com.alibaba.nacos.common.remote.client.grpc.GrpcClient.connectToServer(GrpcClient.java:264) ~[nacos-client-2.0.4.jar:na]
	at com.alibaba.nacos.common.remote.client.RpcClient.reconnect(RpcClient.java:522) ~[nacos-client-2.0.4.jar:na]
	at com.alibaba.nacos.common.remote.client.RpcClient.lambda$start$2(RpcClient.java:370) ~[nacos-client-2.0.4.jar:na]
	at java.base/java.util.concurrent.Executors$RunnableAdapter.call(Executors.java:515) ~[na:na]
	at java.base/java.util.concurrent.FutureTask.run(FutureTask.java:264) ~[na:na]
	at java.base/java.util.concurrent.ScheduledThreadPoolExecutor$ScheduledFutureTask.run(ScheduledThreadPoolExecutor.java:304) ~[na:na]
	at java.base/java.util.concurrent.ThreadPoolExecutor.runWorker(ThreadPoolExecutor.java:1128) ~[na:na]
	at java.base/java.util.concurrent.ThreadPoolExecutor$Worker.run(ThreadPoolExecutor.java:628) ~[na:na]
	at java.base/java.lang.Thread.run(Thread.java:834) ~[na:na]

17-34-02-876  INFO 3240 --- [com.alibaba.nacos.client.remote.worker] com.alibaba.nacos.common.remote.client   : [a244ca18-c11c-4d0a-90eb-25184f5cc6ca] Fail to connect server, after trying 263 times, last try server is {serverIp = '192.168.10.101', server main port = 8848}, error = unknown
17-34-10-886 ERROR 3240 --- [com.alibaba.nacos.client.remote.worker] c.a.n.c.remote.client.grpc.GrpcClient    : Server check fail, please check server 192.168.10.101 ,port 9848 is available , error ={}

java.util.concurrent.TimeoutException: Waited 3000 milliseconds (plus 2 milliseconds, 5900 nanoseconds delay) for com.alibaba.nacos.shaded.io.grpc.stub.ClientCalls$GrpcFuture@728d4a36[status=PENDING, info=[GrpcFuture{clientCall={delegate={delegate=ClientCallImpl{method=MethodDescriptor{fullMethodName=Request/request, type=UNARY, idempotent=false, safe=false, sampledToLocalTracing=true, requestMarshaller=com.alibaba.nacos.shaded.io.grpc.protobuf.lite.ProtoLiteUtils$MessageMarshaller@24e11377, responseMarshaller=com.alibaba.nacos.shaded.io.grpc.protobuf.lite.ProtoLiteUtils$MessageMarshaller@424f5fa2, schemaDescriptor=com.alibaba.nacos.api.grpc.auto.RequestGrpc$RequestMethodDescriptorSupplier@56847fbc}}}}}]]
	at com.alibaba.nacos.shaded.com.google.common.util.concurrent.AbstractFuture.get(AbstractFuture.java:508) ~[nacos-client-2.0.4.jar:na]
	at com.alibaba.nacos.common.remote.client.grpc.GrpcClient.serverCheck(GrpcClient.java:148) ~[nacos-client-2.0.4.jar:na]
	at com.alibaba.nacos.common.remote.client.grpc.GrpcClient.connectToServer(GrpcClient.java:264) ~[nacos-client-2.0.4.jar:na]
	at com.alibaba.nacos.common.remote.client.RpcClient.reconnect(RpcClient.java:522) ~[nacos-client-2.0.4.jar:na]
	at com.alibaba.nacos.common.remote.client.RpcClient.lambda$start$2(RpcClient.java:370) ~[nacos-client-2.0.4.jar:na]
	at java.base/java.util.concurrent.Executors$RunnableAdapter.call(Executors.java:515) ~[na:na]
	at java.base/java.util.concurrent.FutureTask.run(FutureTask.java:264) ~[na:na]
	at java.base/java.util.concurrent.ScheduledThreadPoolExecutor$ScheduledFutureTask.run(ScheduledThreadPoolExecutor.java:304) ~[na:na]
	at java.base/java.util.concurrent.ThreadPoolExecutor.runWorker(ThreadPoolExecutor.java:1128) ~[na:na]
	at java.base/java.util.concurrent.ThreadPoolExecutor$Worker.run(ThreadPoolExecutor.java:628) ~[na:na]
	at java.base/java.lang.Thread.run(Thread.java:834) ~[na:na]

17-34-10-887  INFO 3240 --- [com.alibaba.nacos.client.remote.worker] com.alibaba.nacos.common.remote.client   : [a244ca18-c11c-4d0a-90eb-25184f5cc6ca] Fail to connect server, after trying 264 times, last try server is {serverIp = '192.168.10.101', server main port = 8848}, error = unknown
17-34-18-899 ERROR 3240 --- [com.alibaba.nacos.client.remote.worker] c.a.n.c.remote.client.grpc.GrpcClient    : Server check fail, please check server 192.168.10.101 ,port 9848 is available , error ={}

java.util.concurrent.TimeoutException: Waited 3000 milliseconds (plus 1 milliseconds, 636700 nanoseconds delay) for com.alibaba.nacos.shaded.io.grpc.stub.ClientCalls$GrpcFuture@2e709242[status=PENDING, info=[GrpcFuture{clientCall={delegate={delegate=ClientCallImpl{method=MethodDescriptor{fullMethodName=Request/request, type=UNARY, idempotent=false, safe=false, sampledToLocalTracing=true, requestMarshaller=com.alibaba.nacos.shaded.io.grpc.protobuf.lite.ProtoLiteUtils$MessageMarshaller@24e11377, responseMarshaller=com.alibaba.nacos.shaded.io.grpc.protobuf.lite.ProtoLiteUtils$MessageMarshaller@424f5fa2, schemaDescriptor=com.alibaba.nacos.api.grpc.auto.RequestGrpc$RequestMethodDescriptorSupplier@56847fbc}}}}}]]
	at com.alibaba.nacos.shaded.com.google.common.util.concurrent.AbstractFuture.get(AbstractFuture.java:508) ~[nacos-client-2.0.4.jar:na]
	at com.alibaba.nacos.common.remote.client.grpc.GrpcClient.serverCheck(GrpcClient.java:148) ~[nacos-client-2.0.4.jar:na]
	at com.alibaba.nacos.common.remote.client.grpc.GrpcClient.connectToServer(GrpcClient.java:264) ~[nacos-client-2.0.4.jar:na]
	at com.alibaba.nacos.common.remote.client.RpcClient.reconnect(RpcClient.java:522) ~[nacos-client-2.0.4.jar:na]
	at com.alibaba.nacos.common.remote.client.RpcClient.lambda$start$2(RpcClient.java:370) ~[nacos-client-2.0.4.jar:na]
	at java.base/java.util.concurrent.Executors$RunnableAdapter.call(Executors.java:515) ~[na:na]
	at java.base/java.util.concurrent.FutureTask.run(FutureTask.java:264) ~[na:na]
	at java.base/java.util.concurrent.ScheduledThreadPoolExecutor$ScheduledFutureTask.run(ScheduledThreadPoolExecutor.java:304) ~[na:na]
	at java.base/java.util.concurrent.ThreadPoolExecutor.runWorker(ThreadPoolExecutor.java:1128) ~[na:na]
	at java.base/java.util.concurrent.ThreadPoolExecutor$Worker.run(ThreadPoolExecutor.java:628) ~[na:na]
	at java.base/java.lang.Thread.run(Thread.java:834) ~[na:na]

17-34-18-900  INFO 3240 --- [com.alibaba.nacos.client.remote.worker] com.alibaba.nacos.common.remote.client   : [a244ca18-c11c-4d0a-90eb-25184f5cc6ca] Fail to connect server, after trying 265 times, last try server is {serverIp = '192.168.10.101', server main port = 8848}, error = unknown
17-34-26-908 ERROR 3240 --- [com.alibaba.nacos.client.remote.worker] c.a.n.c.remote.client.grpc.GrpcClient    : Server check fail, please check server 192.168.10.101 ,port 9848 is available , error ={}

java.util.concurrent.TimeoutException: Waited 3000 milliseconds (plus 3 milliseconds, 653400 nanoseconds delay) for com.alibaba.nacos.shaded.io.grpc.stub.ClientCalls$GrpcFuture@6f7e88ef[status=PENDING, info=[GrpcFuture{clientCall={delegate={delegate=ClientCallImpl{method=MethodDescriptor{fullMethodName=Request/request, type=UNARY, idempotent=false, safe=false, sampledToLocalTracing=true, requestMarshaller=com.alibaba.nacos.shaded.io.grpc.protobuf.lite.ProtoLiteUtils$MessageMarshaller@24e11377, responseMarshaller=com.alibaba.nacos.shaded.io.grpc.protobuf.lite.ProtoLiteUtils$MessageMarshaller@424f5fa2, schemaDescriptor=com.alibaba.nacos.api.grpc.auto.RequestGrpc$RequestMethodDescriptorSupplier@56847fbc}}}}}]]
	at com.alibaba.nacos.shaded.com.google.common.util.concurrent.AbstractFuture.get(AbstractFuture.java:508) ~[nacos-client-2.0.4.jar:na]
	at com.alibaba.nacos.common.remote.client.grpc.GrpcClient.serverCheck(GrpcClient.java:148) ~[nacos-client-2.0.4.jar:na]
	at com.alibaba.nacos.common.remote.client.grpc.GrpcClient.connectToServer(GrpcClient.java:264) ~[nacos-client-2.0.4.jar:na]
	at com.alibaba.nacos.common.remote.client.RpcClient.reconnect(RpcClient.java:522) ~[nacos-client-2.0.4.jar:na]
	at com.alibaba.nacos.common.remote.client.RpcClient.lambda$start$2(RpcClient.java:370) ~[nacos-client-2.0.4.jar:na]
	at java.base/java.util.concurrent.Executors$RunnableAdapter.call(Executors.java:515) ~[na:na]
	at java.base/java.util.concurrent.FutureTask.run(FutureTask.java:264) ~[na:na]
	at java.base/java.util.concurrent.ScheduledThreadPoolExecutor$ScheduledFutureTask.run(ScheduledThreadPoolExecutor.java:304) ~[na:na]
	at java.base/java.util.concurrent.ThreadPoolExecutor.runWorker(ThreadPoolExecutor.java:1128) ~[na:na]
	at java.base/java.util.concurrent.ThreadPoolExecutor$Worker.run(ThreadPoolExecutor.java:628) ~[na:na]
	at java.base/java.lang.Thread.run(Thread.java:834) ~[na:na]

17-34-26-910  INFO 3240 --- [com.alibaba.nacos.client.remote.worker] com.alibaba.nacos.common.remote.client   : [a244ca18-c11c-4d0a-90eb-25184f5cc6ca] Fail to connect server, after trying 266 times, last try server is {serverIp = '192.168.10.101', server main port = 8848}, error = unknown
17-34-31-987 ERROR 3240 --- [com.alibaba.nacos.client.naming.updater.0] com.alibaba.nacos.common.remote.client   : Send request fail, request = ServiceQueryRequest{headers={app=unknown}, requestId='null'}, retryTimes = 0, errorMessage = Client not connected, current status:UNHEALTHY
17-34-32-095 ERROR 3240 --- [com.alibaba.nacos.client.naming.updater.0] com.alibaba.nacos.common.remote.client   : Send request fail, request = ServiceQueryRequest{headers={app=unknown}, requestId='null'}, retryTimes = 1, errorMessage = Client not connected, current status:UNHEALTHY
17-34-32-203 ERROR 3240 --- [com.alibaba.nacos.client.naming.updater.0] com.alibaba.nacos.common.remote.client   : Send request fail, request = ServiceQueryRequest{headers={app=unknown}, requestId='null'}, retryTimes = 2, errorMessage = Client not connected, current status:UNHEALTHY
17-34-34-943 ERROR 3240 --- [com.alibaba.nacos.client.remote.worker] c.a.n.c.remote.client.grpc.GrpcClient    : Server check fail, please check server 192.168.10.101 ,port 9848 is available , error ={}

java.util.concurrent.TimeoutException: Waited 3000 milliseconds (plus 14 milliseconds, 217100 nanoseconds delay) for com.alibaba.nacos.shaded.io.grpc.stub.ClientCalls$GrpcFuture@1f0551a2[status=PENDING, info=[GrpcFuture{clientCall={delegate={delegate=ClientCallImpl{method=MethodDescriptor{fullMethodName=Request/request, type=UNARY, idempotent=false, safe=false, sampledToLocalTracing=true, requestMarshaller=com.alibaba.nacos.shaded.io.grpc.protobuf.lite.ProtoLiteUtils$MessageMarshaller@24e11377, responseMarshaller=com.alibaba.nacos.shaded.io.grpc.protobuf.lite.ProtoLiteUtils$MessageMarshaller@424f5fa2, schemaDescriptor=com.alibaba.nacos.api.grpc.auto.RequestGrpc$RequestMethodDescriptorSupplier@56847fbc}}}}}]]
	at com.alibaba.nacos.shaded.com.google.common.util.concurrent.AbstractFuture.get(AbstractFuture.java:508) ~[nacos-client-2.0.4.jar:na]
	at com.alibaba.nacos.common.remote.client.grpc.GrpcClient.serverCheck(GrpcClient.java:148) ~[nacos-client-2.0.4.jar:na]
	at com.alibaba.nacos.common.remote.client.grpc.GrpcClient.connectToServer(GrpcClient.java:264) ~[nacos-client-2.0.4.jar:na]
	at com.alibaba.nacos.common.remote.client.RpcClient.reconnect(RpcClient.java:522) ~[nacos-client-2.0.4.jar:na]
	at com.alibaba.nacos.common.remote.client.RpcClient.lambda$start$2(RpcClient.java:370) ~[nacos-client-2.0.4.jar:na]
	at java.base/java.util.concurrent.Executors$RunnableAdapter.call(Executors.java:515) ~[na:na]
	at java.base/java.util.concurrent.FutureTask.run(FutureTask.java:264) ~[na:na]
	at java.base/java.util.concurrent.ScheduledThreadPoolExecutor$ScheduledFutureTask.run(ScheduledThreadPoolExecutor.java:304) ~[na:na]
	at java.base/java.util.concurrent.ThreadPoolExecutor.runWorker(ThreadPoolExecutor.java:1128) ~[na:na]
	at java.base/java.util.concurrent.ThreadPoolExecutor$Worker.run(ThreadPoolExecutor.java:628) ~[na:na]
	at java.base/java.lang.Thread.run(Thread.java:834) ~[na:na]

17-34-34-945  INFO 3240 --- [com.alibaba.nacos.client.remote.worker] com.alibaba.nacos.common.remote.client   : [a244ca18-c11c-4d0a-90eb-25184f5cc6ca] Fail to connect server, after trying 267 times, last try server is {serverIp = '192.168.10.101', server main port = 8848}, error = unknown
17-34-42-954 ERROR 3240 --- [com.alibaba.nacos.client.remote.worker] c.a.n.c.remote.client.grpc.GrpcClient    : Server check fail, please check server 192.168.10.101 ,port 9848 is available , error ={}

java.util.concurrent.TimeoutException: Waited 3000 milliseconds (plus 417600 nanoseconds delay) for com.alibaba.nacos.shaded.io.grpc.stub.ClientCalls$GrpcFuture@7f49c0f8[status=PENDING, info=[GrpcFuture{clientCall={delegate={delegate=ClientCallImpl{method=MethodDescriptor{fullMethodName=Request/request, type=UNARY, idempotent=false, safe=false, sampledToLocalTracing=true, requestMarshaller=com.alibaba.nacos.shaded.io.grpc.protobuf.lite.ProtoLiteUtils$MessageMarshaller@24e11377, responseMarshaller=com.alibaba.nacos.shaded.io.grpc.protobuf.lite.ProtoLiteUtils$MessageMarshaller@424f5fa2, schemaDescriptor=com.alibaba.nacos.api.grpc.auto.RequestGrpc$RequestMethodDescriptorSupplier@56847fbc}}}}}]]
	at com.alibaba.nacos.shaded.com.google.common.util.concurrent.AbstractFuture.get(AbstractFuture.java:508) ~[nacos-client-2.0.4.jar:na]
	at com.alibaba.nacos.common.remote.client.grpc.GrpcClient.serverCheck(GrpcClient.java:148) ~[nacos-client-2.0.4.jar:na]
	at com.alibaba.nacos.common.remote.client.grpc.GrpcClient.connectToServer(GrpcClient.java:264) ~[nacos-client-2.0.4.jar:na]
	at com.alibaba.nacos.common.remote.client.RpcClient.reconnect(RpcClient.java:522) ~[nacos-client-2.0.4.jar:na]
	at com.alibaba.nacos.common.remote.client.RpcClient.lambda$start$2(RpcClient.java:370) ~[nacos-client-2.0.4.jar:na]
	at java.base/java.util.concurrent.Executors$RunnableAdapter.call(Executors.java:515) ~[na:na]
	at java.base/java.util.concurrent.FutureTask.run(FutureTask.java:264) ~[na:na]
	at java.base/java.util.concurrent.ScheduledThreadPoolExecutor$ScheduledFutureTask.run(ScheduledThreadPoolExecutor.java:304) ~[na:na]
	at java.base/java.util.concurrent.ThreadPoolExecutor.runWorker(ThreadPoolExecutor.java:1128) ~[na:na]
	at java.base/java.util.concurrent.ThreadPoolExecutor$Worker.run(ThreadPoolExecutor.java:628) ~[na:na]
	at java.base/java.lang.Thread.run(Thread.java:834) ~[na:na]

17-34-42-955  INFO 3240 --- [com.alibaba.nacos.client.remote.worker] com.alibaba.nacos.common.remote.client   : [a244ca18-c11c-4d0a-90eb-25184f5cc6ca] Fail to connect server, after trying 268 times, last try server is {serverIp = '192.168.10.101', server main port = 8848}, error = unknown
17-34-50-964 ERROR 3240 --- [com.alibaba.nacos.client.remote.worker] c.a.n.c.remote.client.grpc.GrpcClient    : Server check fail, please check server 192.168.10.101 ,port 9848 is available , error ={}

java.util.concurrent.TimeoutException: Waited 3000 milliseconds (plus 817700 nanoseconds delay) for com.alibaba.nacos.shaded.io.grpc.stub.ClientCalls$GrpcFuture@4a215fe3[status=PENDING, info=[GrpcFuture{clientCall={delegate={delegate=ClientCallImpl{method=MethodDescriptor{fullMethodName=Request/request, type=UNARY, idempotent=false, safe=false, sampledToLocalTracing=true, requestMarshaller=com.alibaba.nacos.shaded.io.grpc.protobuf.lite.ProtoLiteUtils$MessageMarshaller@24e11377, responseMarshaller=com.alibaba.nacos.shaded.io.grpc.protobuf.lite.ProtoLiteUtils$MessageMarshaller@424f5fa2, schemaDescriptor=com.alibaba.nacos.api.grpc.auto.RequestGrpc$RequestMethodDescriptorSupplier@56847fbc}}}}}]]
	at com.alibaba.nacos.shaded.com.google.common.util.concurrent.AbstractFuture.get(AbstractFuture.java:508) ~[nacos-client-2.0.4.jar:na]
	at com.alibaba.nacos.common.remote.client.grpc.GrpcClient.serverCheck(GrpcClient.java:148) ~[nacos-client-2.0.4.jar:na]
	at com.alibaba.nacos.common.remote.client.grpc.GrpcClient.connectToServer(GrpcClient.java:264) ~[nacos-client-2.0.4.jar:na]
	at com.alibaba.nacos.common.remote.client.RpcClient.reconnect(RpcClient.java:522) ~[nacos-client-2.0.4.jar:na]
	at com.alibaba.nacos.common.remote.client.RpcClient.lambda$start$2(RpcClient.java:370) ~[nacos-client-2.0.4.jar:na]
	at java.base/java.util.concurrent.Executors$RunnableAdapter.call(Executors.java:515) ~[na:na]
	at java.base/java.util.concurrent.FutureTask.run(FutureTask.java:264) ~[na:na]
	at java.base/java.util.concurrent.ScheduledThreadPoolExecutor$ScheduledFutureTask.run(ScheduledThreadPoolExecutor.java:304) ~[na:na]
	at java.base/java.util.concurrent.ThreadPoolExecutor.runWorker(ThreadPoolExecutor.java:1128) ~[na:na]
	at java.base/java.util.concurrent.ThreadPoolExecutor$Worker.run(ThreadPoolExecutor.java:628) ~[na:na]
	at java.base/java.lang.Thread.run(Thread.java:834) ~[na:na]

17-34-50-965  INFO 3240 --- [com.alibaba.nacos.client.remote.worker] com.alibaba.nacos.common.remote.client   : [a244ca18-c11c-4d0a-90eb-25184f5cc6ca] Fail to connect server, after trying 269 times, last try server is {serverIp = '192.168.10.101', server main port = 8848}, error = unknown
17-34-58-998 ERROR 3240 --- [com.alibaba.nacos.client.remote.worker] c.a.n.c.remote.client.grpc.GrpcClient    : Server check fail, please check server 192.168.10.101 ,port 9848 is available , error ={}

java.util.concurrent.TimeoutException: Waited 3000 milliseconds (plus 13 milliseconds, 601400 nanoseconds delay) for com.alibaba.nacos.shaded.io.grpc.stub.ClientCalls$GrpcFuture@4ea42bd0[status=PENDING, info=[GrpcFuture{clientCall={delegate={delegate=ClientCallImpl{method=MethodDescriptor{fullMethodName=Request/request, type=UNARY, idempotent=false, safe=false, sampledToLocalTracing=true, requestMarshaller=com.alibaba.nacos.shaded.io.grpc.protobuf.lite.ProtoLiteUtils$MessageMarshaller@24e11377, responseMarshaller=com.alibaba.nacos.shaded.io.grpc.protobuf.lite.ProtoLiteUtils$MessageMarshaller@424f5fa2, schemaDescriptor=com.alibaba.nacos.api.grpc.auto.RequestGrpc$RequestMethodDescriptorSupplier@56847fbc}}}}}]]
	at com.alibaba.nacos.shaded.com.google.common.util.concurrent.AbstractFuture.get(AbstractFuture.java:508) ~[nacos-client-2.0.4.jar:na]
	at com.alibaba.nacos.common.remote.client.grpc.GrpcClient.serverCheck(GrpcClient.java:148) ~[nacos-client-2.0.4.jar:na]
	at com.alibaba.nacos.common.remote.client.grpc.GrpcClient.connectToServer(GrpcClient.java:264) ~[nacos-client-2.0.4.jar:na]
	at com.alibaba.nacos.common.remote.client.RpcClient.reconnect(RpcClient.java:522) ~[nacos-client-2.0.4.jar:na]
	at com.alibaba.nacos.common.remote.client.RpcClient.lambda$start$2(RpcClient.java:370) ~[nacos-client-2.0.4.jar:na]
	at java.base/java.util.concurrent.Executors$RunnableAdapter.call(Executors.java:515) ~[na:na]
	at java.base/java.util.concurrent.FutureTask.run(FutureTask.java:264) ~[na:na]
	at java.base/java.util.concurrent.ScheduledThreadPoolExecutor$ScheduledFutureTask.run(ScheduledThreadPoolExecutor.java:304) ~[na:na]
	at java.base/java.util.concurrent.ThreadPoolExecutor.runWorker(ThreadPoolExecutor.java:1128) ~[na:na]
	at java.base/java.util.concurrent.ThreadPoolExecutor$Worker.run(ThreadPoolExecutor.java:628) ~[na:na]
	at java.base/java.lang.Thread.run(Thread.java:834) ~[na:na]

17-34-59-000  INFO 3240 --- [com.alibaba.nacos.client.remote.worker] com.alibaba.nacos.common.remote.client   : [a244ca18-c11c-4d0a-90eb-25184f5cc6ca] Fail to connect server, after trying 270 times, last try server is {serverIp = '192.168.10.101', server main port = 8848}, error = unknown
17-35-07-009 ERROR 3240 --- [com.alibaba.nacos.client.remote.worker] c.a.n.c.remote.client.grpc.GrpcClient    : Server check fail, please check server 192.168.10.101 ,port 9848 is available , error ={}

java.util.concurrent.TimeoutException: Waited 3000 milliseconds (plus 816300 nanoseconds delay) for com.alibaba.nacos.shaded.io.grpc.stub.ClientCalls$GrpcFuture@67697f39[status=PENDING, info=[GrpcFuture{clientCall={delegate={delegate=ClientCallImpl{method=MethodDescriptor{fullMethodName=Request/request, type=UNARY, idempotent=false, safe=false, sampledToLocalTracing=true, requestMarshaller=com.alibaba.nacos.shaded.io.grpc.protobuf.lite.ProtoLiteUtils$MessageMarshaller@24e11377, responseMarshaller=com.alibaba.nacos.shaded.io.grpc.protobuf.lite.ProtoLiteUtils$MessageMarshaller@424f5fa2, schemaDescriptor=com.alibaba.nacos.api.grpc.auto.RequestGrpc$RequestMethodDescriptorSupplier@56847fbc}}}}}]]
	at com.alibaba.nacos.shaded.com.google.common.util.concurrent.AbstractFuture.get(AbstractFuture.java:508) ~[nacos-client-2.0.4.jar:na]
	at com.alibaba.nacos.common.remote.client.grpc.GrpcClient.serverCheck(GrpcClient.java:148) ~[nacos-client-2.0.4.jar:na]
	at com.alibaba.nacos.common.remote.client.grpc.GrpcClient.connectToServer(GrpcClient.java:264) ~[nacos-client-2.0.4.jar:na]
	at com.alibaba.nacos.common.remote.client.RpcClient.reconnect(RpcClient.java:522) ~[nacos-client-2.0.4.jar:na]
	at com.alibaba.nacos.common.remote.client.RpcClient.lambda$start$2(RpcClient.java:370) ~[nacos-client-2.0.4.jar:na]
	at java.base/java.util.concurrent.Executors$RunnableAdapter.call(Executors.java:515) ~[na:na]
	at java.base/java.util.concurrent.FutureTask.run(FutureTask.java:264) ~[na:na]
	at java.base/java.util.concurrent.ScheduledThreadPoolExecutor$ScheduledFutureTask.run(ScheduledThreadPoolExecutor.java:304) ~[na:na]
	at java.base/java.util.concurrent.ThreadPoolExecutor.runWorker(ThreadPoolExecutor.java:1128) ~[na:na]
	at java.base/java.util.concurrent.ThreadPoolExecutor$Worker.run(ThreadPoolExecutor.java:628) ~[na:na]
	at java.base/java.lang.Thread.run(Thread.java:834) ~[na:na]

17-35-07-011  INFO 3240 --- [com.alibaba.nacos.client.remote.worker] com.alibaba.nacos.common.remote.client   : [a244ca18-c11c-4d0a-90eb-25184f5cc6ca] Fail to connect server, after trying 271 times, last try server is {serverIp = '192.168.10.101', server main port = 8848}, error = unknown
17-35-15-021 ERROR 3240 --- [com.alibaba.nacos.client.remote.worker] c.a.n.c.remote.client.grpc.GrpcClient    : Server check fail, please check server 192.168.10.101 ,port 9848 is available , error ={}

java.util.concurrent.TimeoutException: Waited 3000 milliseconds (plus 1 milliseconds, 347900 nanoseconds delay) for com.alibaba.nacos.shaded.io.grpc.stub.ClientCalls$GrpcFuture@2022e8ad[status=PENDING, info=[GrpcFuture{clientCall={delegate={delegate=ClientCallImpl{method=MethodDescriptor{fullMethodName=Request/request, type=UNARY, idempotent=false, safe=false, sampledToLocalTracing=true, requestMarshaller=com.alibaba.nacos.shaded.io.grpc.protobuf.lite.ProtoLiteUtils$MessageMarshaller@24e11377, responseMarshaller=com.alibaba.nacos.shaded.io.grpc.protobuf.lite.ProtoLiteUtils$MessageMarshaller@424f5fa2, schemaDescriptor=com.alibaba.nacos.api.grpc.auto.RequestGrpc$RequestMethodDescriptorSupplier@56847fbc}}}}}]]
	at com.alibaba.nacos.shaded.com.google.common.util.concurrent.AbstractFuture.get(AbstractFuture.java:508) ~[nacos-client-2.0.4.jar:na]
	at com.alibaba.nacos.common.remote.client.grpc.GrpcClient.serverCheck(GrpcClient.java:148) ~[nacos-client-2.0.4.jar:na]
	at com.alibaba.nacos.common.remote.client.grpc.GrpcClient.connectToServer(GrpcClient.java:264) ~[nacos-client-2.0.4.jar:na]
	at com.alibaba.nacos.common.remote.client.RpcClient.reconnect(RpcClient.java:522) ~[nacos-client-2.0.4.jar:na]
	at com.alibaba.nacos.common.remote.client.RpcClient.lambda$start$2(RpcClient.java:370) ~[nacos-client-2.0.4.jar:na]
	at java.base/java.util.concurrent.Executors$RunnableAdapter.call(Executors.java:515) ~[na:na]
	at java.base/java.util.concurrent.FutureTask.run(FutureTask.java:264) ~[na:na]
	at java.base/java.util.concurrent.ScheduledThreadPoolExecutor$ScheduledFutureTask.run(ScheduledThreadPoolExecutor.java:304) ~[na:na]
	at java.base/java.util.concurrent.ThreadPoolExecutor.runWorker(ThreadPoolExecutor.java:1128) ~[na:na]
	at java.base/java.util.concurrent.ThreadPoolExecutor$Worker.run(ThreadPoolExecutor.java:628) ~[na:na]
	at java.base/java.lang.Thread.run(Thread.java:834) ~[na:na]

17-35-15-022  INFO 3240 --- [com.alibaba.nacos.client.remote.worker] com.alibaba.nacos.common.remote.client   : [a244ca18-c11c-4d0a-90eb-25184f5cc6ca] Fail to connect server, after trying 272 times, last try server is {serverIp = '192.168.10.101', server main port = 8848}, error = unknown
17-35-23-040 ERROR 3240 --- [com.alibaba.nacos.client.remote.worker] c.a.n.c.remote.client.grpc.GrpcClient    : Server check fail, please check server 192.168.10.101 ,port 9848 is available , error ={}

java.util.concurrent.TimeoutException: Waited 3000 milliseconds (plus 2 milliseconds, 380200 nanoseconds delay) for com.alibaba.nacos.shaded.io.grpc.stub.ClientCalls$GrpcFuture@77927485[status=PENDING, info=[GrpcFuture{clientCall={delegate={delegate=ClientCallImpl{method=MethodDescriptor{fullMethodName=Request/request, type=UNARY, idempotent=false, safe=false, sampledToLocalTracing=true, requestMarshaller=com.alibaba.nacos.shaded.io.grpc.protobuf.lite.ProtoLiteUtils$MessageMarshaller@24e11377, responseMarshaller=com.alibaba.nacos.shaded.io.grpc.protobuf.lite.ProtoLiteUtils$MessageMarshaller@424f5fa2, schemaDescriptor=com.alibaba.nacos.api.grpc.auto.RequestGrpc$RequestMethodDescriptorSupplier@56847fbc}}}}}]]
	at com.alibaba.nacos.shaded.com.google.common.util.concurrent.AbstractFuture.get(AbstractFuture.java:508) ~[nacos-client-2.0.4.jar:na]
	at com.alibaba.nacos.common.remote.client.grpc.GrpcClient.serverCheck(GrpcClient.java:148) ~[nacos-client-2.0.4.jar:na]
	at com.alibaba.nacos.common.remote.client.grpc.GrpcClient.connectToServer(GrpcClient.java:264) ~[nacos-client-2.0.4.jar:na]
	at com.alibaba.nacos.common.remote.client.RpcClient.reconnect(RpcClient.java:522) ~[nacos-client-2.0.4.jar:na]
	at com.alibaba.nacos.common.remote.client.RpcClient.lambda$start$2(RpcClient.java:370) ~[nacos-client-2.0.4.jar:na]
	at java.base/java.util.concurrent.Executors$RunnableAdapter.call(Executors.java:515) ~[na:na]
	at java.base/java.util.concurrent.FutureTask.run(FutureTask.java:264) ~[na:na]
	at java.base/java.util.concurrent.ScheduledThreadPoolExecutor$ScheduledFutureTask.run(ScheduledThreadPoolExecutor.java:304) ~[na:na]
	at java.base/java.util.concurrent.ThreadPoolExecutor.runWorker(ThreadPoolExecutor.java:1128) ~[na:na]
	at java.base/java.util.concurrent.ThreadPoolExecutor$Worker.run(ThreadPoolExecutor.java:628) ~[na:na]
	at java.base/java.lang.Thread.run(Thread.java:834) ~[na:na]

17-35-23-042  INFO 3240 --- [com.alibaba.nacos.client.remote.worker] com.alibaba.nacos.common.remote.client   : [a244ca18-c11c-4d0a-90eb-25184f5cc6ca] Fail to connect server, after trying 273 times, last try server is {serverIp = '192.168.10.101', server main port = 8848}, error = unknown
17-35-31-060 ERROR 3240 --- [com.alibaba.nacos.client.remote.worker] c.a.n.c.remote.client.grpc.GrpcClient    : Server check fail, please check server 192.168.10.101 ,port 9848 is available , error ={}

java.util.concurrent.TimeoutException: Waited 3000 milliseconds (plus 379700 nanoseconds delay) for com.alibaba.nacos.shaded.io.grpc.stub.ClientCalls$GrpcFuture@53d7f6fd[status=PENDING, info=[GrpcFuture{clientCall={delegate={delegate=ClientCallImpl{method=MethodDescriptor{fullMethodName=Request/request, type=UNARY, idempotent=false, safe=false, sampledToLocalTracing=true, requestMarshaller=com.alibaba.nacos.shaded.io.grpc.protobuf.lite.ProtoLiteUtils$MessageMarshaller@24e11377, responseMarshaller=com.alibaba.nacos.shaded.io.grpc.protobuf.lite.ProtoLiteUtils$MessageMarshaller@424f5fa2, schemaDescriptor=com.alibaba.nacos.api.grpc.auto.RequestGrpc$RequestMethodDescriptorSupplier@56847fbc}}}}}]]
	at com.alibaba.nacos.shaded.com.google.common.util.concurrent.AbstractFuture.get(AbstractFuture.java:508) ~[nacos-client-2.0.4.jar:na]
	at com.alibaba.nacos.common.remote.client.grpc.GrpcClient.serverCheck(GrpcClient.java:148) ~[nacos-client-2.0.4.jar:na]
	at com.alibaba.nacos.common.remote.client.grpc.GrpcClient.connectToServer(GrpcClient.java:264) ~[nacos-client-2.0.4.jar:na]
	at com.alibaba.nacos.common.remote.client.RpcClient.reconnect(RpcClient.java:522) ~[nacos-client-2.0.4.jar:na]
	at com.alibaba.nacos.common.remote.client.RpcClient.lambda$start$2(RpcClient.java:370) ~[nacos-client-2.0.4.jar:na]
	at java.base/java.util.concurrent.Executors$RunnableAdapter.call(Executors.java:515) ~[na:na]
	at java.base/java.util.concurrent.FutureTask.run(FutureTask.java:264) ~[na:na]
	at java.base/java.util.concurrent.ScheduledThreadPoolExecutor$ScheduledFutureTask.run(ScheduledThreadPoolExecutor.java:304) ~[na:na]
	at java.base/java.util.concurrent.ThreadPoolExecutor.runWorker(ThreadPoolExecutor.java:1128) ~[na:na]
	at java.base/java.util.concurrent.ThreadPoolExecutor$Worker.run(ThreadPoolExecutor.java:628) ~[na:na]
	at java.base/java.lang.Thread.run(Thread.java:834) ~[na:na]

17-35-31-062  INFO 3240 --- [com.alibaba.nacos.client.remote.worker] com.alibaba.nacos.common.remote.client   : [a244ca18-c11c-4d0a-90eb-25184f5cc6ca] Fail to connect server, after trying 274 times, last try server is {serverIp = '192.168.10.101', server main port = 8848}, error = unknown
17-35-32-323 ERROR 3240 --- [com.alibaba.nacos.client.naming.updater.0] com.alibaba.nacos.common.remote.client   : Send request fail, request = ServiceQueryRequest{headers={app=unknown}, requestId='null'}, retryTimes = 0, errorMessage = Client not connected, current status:UNHEALTHY
17-35-32-430 ERROR 3240 --- [com.alibaba.nacos.client.naming.updater.0] com.alibaba.nacos.common.remote.client   : Send request fail, request = ServiceQueryRequest{headers={app=unknown}, requestId='null'}, retryTimes = 1, errorMessage = Client not connected, current status:UNHEALTHY
17-35-32-538 ERROR 3240 --- [com.alibaba.nacos.client.naming.updater.0] com.alibaba.nacos.common.remote.client   : Send request fail, request = ServiceQueryRequest{headers={app=unknown}, requestId='null'}, retryTimes = 2, errorMessage = Client not connected, current status:UNHEALTHY
17-35-39-084 ERROR 3240 --- [com.alibaba.nacos.client.remote.worker] c.a.n.c.remote.client.grpc.GrpcClient    : Server check fail, please check server 192.168.10.101 ,port 9848 is available , error ={}

java.util.concurrent.TimeoutException: Waited 3000 milliseconds (plus 14 milliseconds, 327200 nanoseconds delay) for com.alibaba.nacos.shaded.io.grpc.stub.ClientCalls$GrpcFuture@70da639c[status=PENDING, info=[GrpcFuture{clientCall={delegate={delegate=ClientCallImpl{method=MethodDescriptor{fullMethodName=Request/request, type=UNARY, idempotent=false, safe=false, sampledToLocalTracing=true, requestMarshaller=com.alibaba.nacos.shaded.io.grpc.protobuf.lite.ProtoLiteUtils$MessageMarshaller@24e11377, responseMarshaller=com.alibaba.nacos.shaded.io.grpc.protobuf.lite.ProtoLiteUtils$MessageMarshaller@424f5fa2, schemaDescriptor=com.alibaba.nacos.api.grpc.auto.RequestGrpc$RequestMethodDescriptorSupplier@56847fbc}}}}}]]
	at com.alibaba.nacos.shaded.com.google.common.util.concurrent.AbstractFuture.get(AbstractFuture.java:508) ~[nacos-client-2.0.4.jar:na]
	at com.alibaba.nacos.common.remote.client.grpc.GrpcClient.serverCheck(GrpcClient.java:148) ~[nacos-client-2.0.4.jar:na]
	at com.alibaba.nacos.common.remote.client.grpc.GrpcClient.connectToServer(GrpcClient.java:264) ~[nacos-client-2.0.4.jar:na]
	at com.alibaba.nacos.common.remote.client.RpcClient.reconnect(RpcClient.java:522) ~[nacos-client-2.0.4.jar:na]
	at com.alibaba.nacos.common.remote.client.RpcClient.lambda$start$2(RpcClient.java:370) ~[nacos-client-2.0.4.jar:na]
	at java.base/java.util.concurrent.Executors$RunnableAdapter.call(Executors.java:515) ~[na:na]
	at java.base/java.util.concurrent.FutureTask.run(FutureTask.java:264) ~[na:na]
	at java.base/java.util.concurrent.ScheduledThreadPoolExecutor$ScheduledFutureTask.run(ScheduledThreadPoolExecutor.java:304) ~[na:na]
	at java.base/java.util.concurrent.ThreadPoolExecutor.runWorker(ThreadPoolExecutor.java:1128) ~[na:na]
	at java.base/java.util.concurrent.ThreadPoolExecutor$Worker.run(ThreadPoolExecutor.java:628) ~[na:na]
	at java.base/java.lang.Thread.run(Thread.java:834) ~[na:na]

17-35-39-085  INFO 3240 --- [com.alibaba.nacos.client.remote.worker] com.alibaba.nacos.common.remote.client   : [a244ca18-c11c-4d0a-90eb-25184f5cc6ca] Fail to connect server, after trying 275 times, last try server is {serverIp = '192.168.10.101', server main port = 8848}, error = unknown
17-35-47-094 ERROR 3240 --- [com.alibaba.nacos.client.remote.worker] c.a.n.c.remote.client.grpc.GrpcClient    : Server check fail, please check server 192.168.10.101 ,port 9848 is available , error ={}

java.util.concurrent.TimeoutException: Waited 3000 milliseconds (plus 1 milliseconds, 587200 nanoseconds delay) for com.alibaba.nacos.shaded.io.grpc.stub.ClientCalls$GrpcFuture@1cc8ec7c[status=PENDING, info=[GrpcFuture{clientCall={delegate={delegate=ClientCallImpl{method=MethodDescriptor{fullMethodName=Request/request, type=UNARY, idempotent=false, safe=false, sampledToLocalTracing=true, requestMarshaller=com.alibaba.nacos.shaded.io.grpc.protobuf.lite.ProtoLiteUtils$MessageMarshaller@24e11377, responseMarshaller=com.alibaba.nacos.shaded.io.grpc.protobuf.lite.ProtoLiteUtils$MessageMarshaller@424f5fa2, schemaDescriptor=com.alibaba.nacos.api.grpc.auto.RequestGrpc$RequestMethodDescriptorSupplier@56847fbc}}}}}]]
	at com.alibaba.nacos.shaded.com.google.common.util.concurrent.AbstractFuture.get(AbstractFuture.java:508) ~[nacos-client-2.0.4.jar:na]
	at com.alibaba.nacos.common.remote.client.grpc.GrpcClient.serverCheck(GrpcClient.java:148) ~[nacos-client-2.0.4.jar:na]
	at com.alibaba.nacos.common.remote.client.grpc.GrpcClient.connectToServer(GrpcClient.java:264) ~[nacos-client-2.0.4.jar:na]
	at com.alibaba.nacos.common.remote.client.RpcClient.reconnect(RpcClient.java:522) ~[nacos-client-2.0.4.jar:na]
	at com.alibaba.nacos.common.remote.client.RpcClient.lambda$start$2(RpcClient.java:370) ~[nacos-client-2.0.4.jar:na]
	at java.base/java.util.concurrent.Executors$RunnableAdapter.call(Executors.java:515) ~[na:na]
	at java.base/java.util.concurrent.FutureTask.run(FutureTask.java:264) ~[na:na]
	at java.base/java.util.concurrent.ScheduledThreadPoolExecutor$ScheduledFutureTask.run(ScheduledThreadPoolExecutor.java:304) ~[na:na]
	at java.base/java.util.concurrent.ThreadPoolExecutor.runWorker(ThreadPoolExecutor.java:1128) ~[na:na]
	at java.base/java.util.concurrent.ThreadPoolExecutor$Worker.run(ThreadPoolExecutor.java:628) ~[na:na]
	at java.base/java.lang.Thread.run(Thread.java:834) ~[na:na]

17-35-47-096  INFO 3240 --- [com.alibaba.nacos.client.remote.worker] com.alibaba.nacos.common.remote.client   : [a244ca18-c11c-4d0a-90eb-25184f5cc6ca] Fail to connect server, after trying 276 times, last try server is {serverIp = '192.168.10.101', server main port = 8848}, error = unknown
17-35-55-116 ERROR 3240 --- [com.alibaba.nacos.client.remote.worker] c.a.n.c.remote.client.grpc.GrpcClient    : Server check fail, please check server 192.168.10.101 ,port 9848 is available , error ={}

java.util.concurrent.TimeoutException: Waited 3000 milliseconds (plus 3 milliseconds, 484100 nanoseconds delay) for com.alibaba.nacos.shaded.io.grpc.stub.ClientCalls$GrpcFuture@11d2a32c[status=PENDING, info=[GrpcFuture{clientCall={delegate={delegate=ClientCallImpl{method=MethodDescriptor{fullMethodName=Request/request, type=UNARY, idempotent=false, safe=false, sampledToLocalTracing=true, requestMarshaller=com.alibaba.nacos.shaded.io.grpc.protobuf.lite.ProtoLiteUtils$MessageMarshaller@24e11377, responseMarshaller=com.alibaba.nacos.shaded.io.grpc.protobuf.lite.ProtoLiteUtils$MessageMarshaller@424f5fa2, schemaDescriptor=com.alibaba.nacos.api.grpc.auto.RequestGrpc$RequestMethodDescriptorSupplier@56847fbc}}}}}]]
	at com.alibaba.nacos.shaded.com.google.common.util.concurrent.AbstractFuture.get(AbstractFuture.java:508) ~[nacos-client-2.0.4.jar:na]
	at com.alibaba.nacos.common.remote.client.grpc.GrpcClient.serverCheck(GrpcClient.java:148) ~[nacos-client-2.0.4.jar:na]
	at com.alibaba.nacos.common.remote.client.grpc.GrpcClient.connectToServer(GrpcClient.java:264) ~[nacos-client-2.0.4.jar:na]
	at com.alibaba.nacos.common.remote.client.RpcClient.reconnect(RpcClient.java:522) ~[nacos-client-2.0.4.jar:na]
	at com.alibaba.nacos.common.remote.client.RpcClient.lambda$start$2(RpcClient.java:370) ~[nacos-client-2.0.4.jar:na]
	at java.base/java.util.concurrent.Executors$RunnableAdapter.call(Executors.java:515) ~[na:na]
	at java.base/java.util.concurrent.FutureTask.run(FutureTask.java:264) ~[na:na]
	at java.base/java.util.concurrent.ScheduledThreadPoolExecutor$ScheduledFutureTask.run(ScheduledThreadPoolExecutor.java:304) ~[na:na]
	at java.base/java.util.concurrent.ThreadPoolExecutor.runWorker(ThreadPoolExecutor.java:1128) ~[na:na]
	at java.base/java.util.concurrent.ThreadPoolExecutor$Worker.run(ThreadPoolExecutor.java:628) ~[na:na]
	at java.base/java.lang.Thread.run(Thread.java:834) ~[na:na]

17-35-55-119  INFO 3240 --- [com.alibaba.nacos.client.remote.worker] com.alibaba.nacos.common.remote.client   : [a244ca18-c11c-4d0a-90eb-25184f5cc6ca] Fail to connect server, after trying 277 times, last try server is {serverIp = '192.168.10.101', server main port = 8848}, error = unknown
17-36-03-139 ERROR 3240 --- [com.alibaba.nacos.client.remote.worker] c.a.n.c.remote.client.grpc.GrpcClient    : Server check fail, please check server 192.168.10.101 ,port 9848 is available , error ={}

java.util.concurrent.TimeoutException: Waited 3000 milliseconds (plus 14 milliseconds, 957600 nanoseconds delay) for com.alibaba.nacos.shaded.io.grpc.stub.ClientCalls$GrpcFuture@7f304b46[status=PENDING, info=[GrpcFuture{clientCall={delegate={delegate=ClientCallImpl{method=MethodDescriptor{fullMethodName=Request/request, type=UNARY, idempotent=false, safe=false, sampledToLocalTracing=true, requestMarshaller=com.alibaba.nacos.shaded.io.grpc.protobuf.lite.ProtoLiteUtils$MessageMarshaller@24e11377, responseMarshaller=com.alibaba.nacos.shaded.io.grpc.protobuf.lite.ProtoLiteUtils$MessageMarshaller@424f5fa2, schemaDescriptor=com.alibaba.nacos.api.grpc.auto.RequestGrpc$RequestMethodDescriptorSupplier@56847fbc}}}}}]]
	at com.alibaba.nacos.shaded.com.google.common.util.concurrent.AbstractFuture.get(AbstractFuture.java:508) ~[nacos-client-2.0.4.jar:na]
	at com.alibaba.nacos.common.remote.client.grpc.GrpcClient.serverCheck(GrpcClient.java:148) ~[nacos-client-2.0.4.jar:na]
	at com.alibaba.nacos.common.remote.client.grpc.GrpcClient.connectToServer(GrpcClient.java:264) ~[nacos-client-2.0.4.jar:na]
	at com.alibaba.nacos.common.remote.client.RpcClient.reconnect(RpcClient.java:522) ~[nacos-client-2.0.4.jar:na]
	at com.alibaba.nacos.common.remote.client.RpcClient.lambda$start$2(RpcClient.java:370) ~[nacos-client-2.0.4.jar:na]
	at java.base/java.util.concurrent.Executors$RunnableAdapter.call(Executors.java:515) ~[na:na]
	at java.base/java.util.concurrent.FutureTask.run(FutureTask.java:264) ~[na:na]
	at java.base/java.util.concurrent.ScheduledThreadPoolExecutor$ScheduledFutureTask.run(ScheduledThreadPoolExecutor.java:304) ~[na:na]
	at java.base/java.util.concurrent.ThreadPoolExecutor.runWorker(ThreadPoolExecutor.java:1128) ~[na:na]
	at java.base/java.util.concurrent.ThreadPoolExecutor$Worker.run(ThreadPoolExecutor.java:628) ~[na:na]
	at java.base/java.lang.Thread.run(Thread.java:834) ~[na:na]

17-36-03-141  INFO 3240 --- [com.alibaba.nacos.client.remote.worker] com.alibaba.nacos.common.remote.client   : [a244ca18-c11c-4d0a-90eb-25184f5cc6ca] Fail to connect server, after trying 278 times, last try server is {serverIp = '192.168.10.101', server main port = 8848}, error = unknown
17-36-11-148 ERROR 3240 --- [com.alibaba.nacos.client.remote.worker] c.a.n.c.remote.client.grpc.GrpcClient    : Server check fail, please check server 192.168.10.101 ,port 9848 is available , error ={}

java.util.concurrent.TimeoutException: Waited 3000 milliseconds (plus 3 milliseconds, 741800 nanoseconds delay) for com.alibaba.nacos.shaded.io.grpc.stub.ClientCalls$GrpcFuture@6d59ac36[status=PENDING, info=[GrpcFuture{clientCall={delegate={delegate=ClientCallImpl{method=MethodDescriptor{fullMethodName=Request/request, type=UNARY, idempotent=false, safe=false, sampledToLocalTracing=true, requestMarshaller=com.alibaba.nacos.shaded.io.grpc.protobuf.lite.ProtoLiteUtils$MessageMarshaller@24e11377, responseMarshaller=com.alibaba.nacos.shaded.io.grpc.protobuf.lite.ProtoLiteUtils$MessageMarshaller@424f5fa2, schemaDescriptor=com.alibaba.nacos.api.grpc.auto.RequestGrpc$RequestMethodDescriptorSupplier@56847fbc}}}}}]]
	at com.alibaba.nacos.shaded.com.google.common.util.concurrent.AbstractFuture.get(AbstractFuture.java:508) ~[nacos-client-2.0.4.jar:na]
	at com.alibaba.nacos.common.remote.client.grpc.GrpcClient.serverCheck(GrpcClient.java:148) ~[nacos-client-2.0.4.jar:na]
	at com.alibaba.nacos.common.remote.client.grpc.GrpcClient.connectToServer(GrpcClient.java:264) ~[nacos-client-2.0.4.jar:na]
	at com.alibaba.nacos.common.remote.client.RpcClient.reconnect(RpcClient.java:522) ~[nacos-client-2.0.4.jar:na]
	at com.alibaba.nacos.common.remote.client.RpcClient.lambda$start$2(RpcClient.java:370) ~[nacos-client-2.0.4.jar:na]
	at java.base/java.util.concurrent.Executors$RunnableAdapter.call(Executors.java:515) ~[na:na]
	at java.base/java.util.concurrent.FutureTask.run(FutureTask.java:264) ~[na:na]
	at java.base/java.util.concurrent.ScheduledThreadPoolExecutor$ScheduledFutureTask.run(ScheduledThreadPoolExecutor.java:304) ~[na:na]
	at java.base/java.util.concurrent.ThreadPoolExecutor.runWorker(ThreadPoolExecutor.java:1128) ~[na:na]
	at java.base/java.util.concurrent.ThreadPoolExecutor$Worker.run(ThreadPoolExecutor.java:628) ~[na:na]
	at java.base/java.lang.Thread.run(Thread.java:834) ~[na:na]

17-36-11-150  INFO 3240 --- [com.alibaba.nacos.client.remote.worker] com.alibaba.nacos.common.remote.client   : [a244ca18-c11c-4d0a-90eb-25184f5cc6ca] Fail to connect server, after trying 279 times, last try server is {serverIp = '192.168.10.101', server main port = 8848}, error = unknown
17-36-19-162 ERROR 3240 --- [com.alibaba.nacos.client.remote.worker] c.a.n.c.remote.client.grpc.GrpcClient    : Server check fail, please check server 192.168.10.101 ,port 9848 is available , error ={}

java.util.concurrent.TimeoutException: Waited 3000 milliseconds (plus 2 milliseconds, 502900 nanoseconds delay) for com.alibaba.nacos.shaded.io.grpc.stub.ClientCalls$GrpcFuture@784e19e6[status=PENDING, info=[GrpcFuture{clientCall={delegate={delegate=ClientCallImpl{method=MethodDescriptor{fullMethodName=Request/request, type=UNARY, idempotent=false, safe=false, sampledToLocalTracing=true, requestMarshaller=com.alibaba.nacos.shaded.io.grpc.protobuf.lite.ProtoLiteUtils$MessageMarshaller@24e11377, responseMarshaller=com.alibaba.nacos.shaded.io.grpc.protobuf.lite.ProtoLiteUtils$MessageMarshaller@424f5fa2, schemaDescriptor=com.alibaba.nacos.api.grpc.auto.RequestGrpc$RequestMethodDescriptorSupplier@56847fbc}}}}}]]
	at com.alibaba.nacos.shaded.com.google.common.util.concurrent.AbstractFuture.get(AbstractFuture.java:508) ~[nacos-client-2.0.4.jar:na]
	at com.alibaba.nacos.common.remote.client.grpc.GrpcClient.serverCheck(GrpcClient.java:148) ~[nacos-client-2.0.4.jar:na]
	at com.alibaba.nacos.common.remote.client.grpc.GrpcClient.connectToServer(GrpcClient.java:264) ~[nacos-client-2.0.4.jar:na]
	at com.alibaba.nacos.common.remote.client.RpcClient.reconnect(RpcClient.java:522) ~[nacos-client-2.0.4.jar:na]
	at com.alibaba.nacos.common.remote.client.RpcClient.lambda$start$2(RpcClient.java:370) ~[nacos-client-2.0.4.jar:na]
	at java.base/java.util.concurrent.Executors$RunnableAdapter.call(Executors.java:515) ~[na:na]
	at java.base/java.util.concurrent.FutureTask.run(FutureTask.java:264) ~[na:na]
	at java.base/java.util.concurrent.ScheduledThreadPoolExecutor$ScheduledFutureTask.run(ScheduledThreadPoolExecutor.java:304) ~[na:na]
	at java.base/java.util.concurrent.ThreadPoolExecutor.runWorker(ThreadPoolExecutor.java:1128) ~[na:na]
	at java.base/java.util.concurrent.ThreadPoolExecutor$Worker.run(ThreadPoolExecutor.java:628) ~[na:na]
	at java.base/java.lang.Thread.run(Thread.java:834) ~[na:na]

17-36-19-164  INFO 3240 --- [com.alibaba.nacos.client.remote.worker] com.alibaba.nacos.common.remote.client   : [a244ca18-c11c-4d0a-90eb-25184f5cc6ca] Fail to connect server, after trying 280 times, last try server is {serverIp = '192.168.10.101', server main port = 8848}, error = unknown
17-36-27-182 ERROR 3240 --- [com.alibaba.nacos.client.remote.worker] c.a.n.c.remote.client.grpc.GrpcClient    : Server check fail, please check server 192.168.10.101 ,port 9848 is available , error ={}

java.util.concurrent.TimeoutException: Waited 3000 milliseconds (plus 15 milliseconds, 292500 nanoseconds delay) for com.alibaba.nacos.shaded.io.grpc.stub.ClientCalls$GrpcFuture@125089c6[status=PENDING, info=[GrpcFuture{clientCall={delegate={delegate=ClientCallImpl{method=MethodDescriptor{fullMethodName=Request/request, type=UNARY, idempotent=false, safe=false, sampledToLocalTracing=true, requestMarshaller=com.alibaba.nacos.shaded.io.grpc.protobuf.lite.ProtoLiteUtils$MessageMarshaller@24e11377, responseMarshaller=com.alibaba.nacos.shaded.io.grpc.protobuf.lite.ProtoLiteUtils$MessageMarshaller@424f5fa2, schemaDescriptor=com.alibaba.nacos.api.grpc.auto.RequestGrpc$RequestMethodDescriptorSupplier@56847fbc}}}}}]]
	at com.alibaba.nacos.shaded.com.google.common.util.concurrent.AbstractFuture.get(AbstractFuture.java:508) ~[nacos-client-2.0.4.jar:na]
	at com.alibaba.nacos.common.remote.client.grpc.GrpcClient.serverCheck(GrpcClient.java:148) ~[nacos-client-2.0.4.jar:na]
	at com.alibaba.nacos.common.remote.client.grpc.GrpcClient.connectToServer(GrpcClient.java:264) ~[nacos-client-2.0.4.jar:na]
	at com.alibaba.nacos.common.remote.client.RpcClient.reconnect(RpcClient.java:522) ~[nacos-client-2.0.4.jar:na]
	at com.alibaba.nacos.common.remote.client.RpcClient.lambda$start$2(RpcClient.java:370) ~[nacos-client-2.0.4.jar:na]
	at java.base/java.util.concurrent.Executors$RunnableAdapter.call(Executors.java:515) ~[na:na]
	at java.base/java.util.concurrent.FutureTask.run(FutureTask.java:264) ~[na:na]
	at java.base/java.util.concurrent.ScheduledThreadPoolExecutor$ScheduledFutureTask.run(ScheduledThreadPoolExecutor.java:304) ~[na:na]
	at java.base/java.util.concurrent.ThreadPoolExecutor.runWorker(ThreadPoolExecutor.java:1128) ~[na:na]
	at java.base/java.util.concurrent.ThreadPoolExecutor$Worker.run(ThreadPoolExecutor.java:628) ~[na:na]
	at java.base/java.lang.Thread.run(Thread.java:834) ~[na:na]

17-36-27-184  INFO 3240 --- [com.alibaba.nacos.client.remote.worker] com.alibaba.nacos.common.remote.client   : [a244ca18-c11c-4d0a-90eb-25184f5cc6ca] Fail to connect server, after trying 281 times, last try server is {serverIp = '192.168.10.101', server main port = 8848}, error = unknown
17-36-32-649 ERROR 3240 --- [com.alibaba.nacos.client.naming.updater.0] com.alibaba.nacos.common.remote.client   : Send request fail, request = ServiceQueryRequest{headers={app=unknown}, requestId='null'}, retryTimes = 0, errorMessage = Client not connected, current status:UNHEALTHY
17-36-32-757 ERROR 3240 --- [com.alibaba.nacos.client.naming.updater.0] com.alibaba.nacos.common.remote.client   : Send request fail, request = ServiceQueryRequest{headers={app=unknown}, requestId='null'}, retryTimes = 1, errorMessage = Client not connected, current status:UNHEALTHY
17-36-32-865 ERROR 3240 --- [com.alibaba.nacos.client.naming.updater.0] com.alibaba.nacos.common.remote.client   : Send request fail, request = ServiceQueryRequest{headers={app=unknown}, requestId='null'}, retryTimes = 2, errorMessage = Client not connected, current status:UNHEALTHY
17-36-35-191 ERROR 3240 --- [com.alibaba.nacos.client.remote.worker] c.a.n.c.remote.client.grpc.GrpcClient    : Server check fail, please check server 192.168.10.101 ,port 9848 is available , error ={}

java.util.concurrent.TimeoutException: Waited 3000 milliseconds (plus 1 milliseconds, 683500 nanoseconds delay) for com.alibaba.nacos.shaded.io.grpc.stub.ClientCalls$GrpcFuture@15347608[status=PENDING, info=[GrpcFuture{clientCall={delegate={delegate=ClientCallImpl{method=MethodDescriptor{fullMethodName=Request/request, type=UNARY, idempotent=false, safe=false, sampledToLocalTracing=true, requestMarshaller=com.alibaba.nacos.shaded.io.grpc.protobuf.lite.ProtoLiteUtils$MessageMarshaller@24e11377, responseMarshaller=com.alibaba.nacos.shaded.io.grpc.protobuf.lite.ProtoLiteUtils$MessageMarshaller@424f5fa2, schemaDescriptor=com.alibaba.nacos.api.grpc.auto.RequestGrpc$RequestMethodDescriptorSupplier@56847fbc}}}}}]]
	at com.alibaba.nacos.shaded.com.google.common.util.concurrent.AbstractFuture.get(AbstractFuture.java:508) ~[nacos-client-2.0.4.jar:na]
	at com.alibaba.nacos.common.remote.client.grpc.GrpcClient.serverCheck(GrpcClient.java:148) ~[nacos-client-2.0.4.jar:na]
	at com.alibaba.nacos.common.remote.client.grpc.GrpcClient.connectToServer(GrpcClient.java:264) ~[nacos-client-2.0.4.jar:na]
	at com.alibaba.nacos.common.remote.client.RpcClient.reconnect(RpcClient.java:522) ~[nacos-client-2.0.4.jar:na]
	at com.alibaba.nacos.common.remote.client.RpcClient.lambda$start$2(RpcClient.java:370) ~[nacos-client-2.0.4.jar:na]
	at java.base/java.util.concurrent.Executors$RunnableAdapter.call(Executors.java:515) ~[na:na]
	at java.base/java.util.concurrent.FutureTask.run(FutureTask.java:264) ~[na:na]
	at java.base/java.util.concurrent.ScheduledThreadPoolExecutor$ScheduledFutureTask.run(ScheduledThreadPoolExecutor.java:304) ~[na:na]
	at java.base/java.util.concurrent.ThreadPoolExecutor.runWorker(ThreadPoolExecutor.java:1128) ~[na:na]
	at java.base/java.util.concurrent.ThreadPoolExecutor$Worker.run(ThreadPoolExecutor.java:628) ~[na:na]
	at java.base/java.lang.Thread.run(Thread.java:834) ~[na:na]

17-36-35-193  INFO 3240 --- [com.alibaba.nacos.client.remote.worker] com.alibaba.nacos.common.remote.client   : [a244ca18-c11c-4d0a-90eb-25184f5cc6ca] Fail to connect server, after trying 282 times, last try server is {serverIp = '192.168.10.101', server main port = 8848}, error = unknown
17-36-43-212 ERROR 3240 --- [com.alibaba.nacos.client.remote.worker] c.a.n.c.remote.client.grpc.GrpcClient    : Server check fail, please check server 192.168.10.101 ,port 9848 is available , error ={}

java.util.concurrent.TimeoutException: Waited 3000 milliseconds (plus 1 milliseconds, 264100 nanoseconds delay) for com.alibaba.nacos.shaded.io.grpc.stub.ClientCalls$GrpcFuture@6b47512d[status=PENDING, info=[GrpcFuture{clientCall={delegate={delegate=ClientCallImpl{method=MethodDescriptor{fullMethodName=Request/request, type=UNARY, idempotent=false, safe=false, sampledToLocalTracing=true, requestMarshaller=com.alibaba.nacos.shaded.io.grpc.protobuf.lite.ProtoLiteUtils$MessageMarshaller@24e11377, responseMarshaller=com.alibaba.nacos.shaded.io.grpc.protobuf.lite.ProtoLiteUtils$MessageMarshaller@424f5fa2, schemaDescriptor=com.alibaba.nacos.api.grpc.auto.RequestGrpc$RequestMethodDescriptorSupplier@56847fbc}}}}}]]
	at com.alibaba.nacos.shaded.com.google.common.util.concurrent.AbstractFuture.get(AbstractFuture.java:508) ~[nacos-client-2.0.4.jar:na]
	at com.alibaba.nacos.common.remote.client.grpc.GrpcClient.serverCheck(GrpcClient.java:148) ~[nacos-client-2.0.4.jar:na]
	at com.alibaba.nacos.common.remote.client.grpc.GrpcClient.connectToServer(GrpcClient.java:264) ~[nacos-client-2.0.4.jar:na]
	at com.alibaba.nacos.common.remote.client.RpcClient.reconnect(RpcClient.java:522) ~[nacos-client-2.0.4.jar:na]
	at com.alibaba.nacos.common.remote.client.RpcClient.lambda$start$2(RpcClient.java:370) ~[nacos-client-2.0.4.jar:na]
	at java.base/java.util.concurrent.Executors$RunnableAdapter.call(Executors.java:515) ~[na:na]
	at java.base/java.util.concurrent.FutureTask.run(FutureTask.java:264) ~[na:na]
	at java.base/java.util.concurrent.ScheduledThreadPoolExecutor$ScheduledFutureTask.run(ScheduledThreadPoolExecutor.java:304) ~[na:na]
	at java.base/java.util.concurrent.ThreadPoolExecutor.runWorker(ThreadPoolExecutor.java:1128) ~[na:na]
	at java.base/java.util.concurrent.ThreadPoolExecutor$Worker.run(ThreadPoolExecutor.java:628) ~[na:na]
	at java.base/java.lang.Thread.run(Thread.java:834) ~[na:na]

17-36-43-214  INFO 3240 --- [com.alibaba.nacos.client.remote.worker] com.alibaba.nacos.common.remote.client   : [a244ca18-c11c-4d0a-90eb-25184f5cc6ca] Fail to connect server, after trying 283 times, last try server is {serverIp = '192.168.10.101', server main port = 8848}, error = unknown
17-36-51-234 ERROR 3240 --- [com.alibaba.nacos.client.remote.worker] c.a.n.c.remote.client.grpc.GrpcClient    : Server check fail, please check server 192.168.10.101 ,port 9848 is available , error ={}

java.util.concurrent.TimeoutException: Waited 3000 milliseconds (plus 14 milliseconds, 902200 nanoseconds delay) for com.alibaba.nacos.shaded.io.grpc.stub.ClientCalls$GrpcFuture@38b302bc[status=PENDING, info=[GrpcFuture{clientCall={delegate={delegate=ClientCallImpl{method=MethodDescriptor{fullMethodName=Request/request, type=UNARY, idempotent=false, safe=false, sampledToLocalTracing=true, requestMarshaller=com.alibaba.nacos.shaded.io.grpc.protobuf.lite.ProtoLiteUtils$MessageMarshaller@24e11377, responseMarshaller=com.alibaba.nacos.shaded.io.grpc.protobuf.lite.ProtoLiteUtils$MessageMarshaller@424f5fa2, schemaDescriptor=com.alibaba.nacos.api.grpc.auto.RequestGrpc$RequestMethodDescriptorSupplier@56847fbc}}}}}]]
	at com.alibaba.nacos.shaded.com.google.common.util.concurrent.AbstractFuture.get(AbstractFuture.java:508) ~[nacos-client-2.0.4.jar:na]
	at com.alibaba.nacos.common.remote.client.grpc.GrpcClient.serverCheck(GrpcClient.java:148) ~[nacos-client-2.0.4.jar:na]
	at com.alibaba.nacos.common.remote.client.grpc.GrpcClient.connectToServer(GrpcClient.java:264) ~[nacos-client-2.0.4.jar:na]
	at com.alibaba.nacos.common.remote.client.RpcClient.reconnect(RpcClient.java:522) ~[nacos-client-2.0.4.jar:na]
	at com.alibaba.nacos.common.remote.client.RpcClient.lambda$start$2(RpcClient.java:370) ~[nacos-client-2.0.4.jar:na]
	at java.base/java.util.concurrent.Executors$RunnableAdapter.call(Executors.java:515) ~[na:na]
	at java.base/java.util.concurrent.FutureTask.run(FutureTask.java:264) ~[na:na]
	at java.base/java.util.concurrent.ScheduledThreadPoolExecutor$ScheduledFutureTask.run(ScheduledThreadPoolExecutor.java:304) ~[na:na]
	at java.base/java.util.concurrent.ThreadPoolExecutor.runWorker(ThreadPoolExecutor.java:1128) ~[na:na]
	at java.base/java.util.concurrent.ThreadPoolExecutor$Worker.run(ThreadPoolExecutor.java:628) ~[na:na]
	at java.base/java.lang.Thread.run(Thread.java:834) ~[na:na]

17-36-51-236  INFO 3240 --- [com.alibaba.nacos.client.remote.worker] com.alibaba.nacos.common.remote.client   : [a244ca18-c11c-4d0a-90eb-25184f5cc6ca] Fail to connect server, after trying 284 times, last try server is {serverIp = '192.168.10.101', server main port = 8848}, error = unknown
17-36-59-247 ERROR 3240 --- [com.alibaba.nacos.client.remote.worker] c.a.n.c.remote.client.grpc.GrpcClient    : Server check fail, please check server 192.168.10.101 ,port 9848 is available , error ={}

java.util.concurrent.TimeoutException: Waited 3000 milliseconds (plus 1 milliseconds, 874100 nanoseconds delay) for com.alibaba.nacos.shaded.io.grpc.stub.ClientCalls$GrpcFuture@512e9e8a[status=PENDING, info=[GrpcFuture{clientCall={delegate={delegate=ClientCallImpl{method=MethodDescriptor{fullMethodName=Request/request, type=UNARY, idempotent=false, safe=false, sampledToLocalTracing=true, requestMarshaller=com.alibaba.nacos.shaded.io.grpc.protobuf.lite.ProtoLiteUtils$MessageMarshaller@24e11377, responseMarshaller=com.alibaba.nacos.shaded.io.grpc.protobuf.lite.ProtoLiteUtils$MessageMarshaller@424f5fa2, schemaDescriptor=com.alibaba.nacos.api.grpc.auto.RequestGrpc$RequestMethodDescriptorSupplier@56847fbc}}}}}]]
	at com.alibaba.nacos.shaded.com.google.common.util.concurrent.AbstractFuture.get(AbstractFuture.java:508) ~[nacos-client-2.0.4.jar:na]
	at com.alibaba.nacos.common.remote.client.grpc.GrpcClient.serverCheck(GrpcClient.java:148) ~[nacos-client-2.0.4.jar:na]
	at com.alibaba.nacos.common.remote.client.grpc.GrpcClient.connectToServer(GrpcClient.java:264) ~[nacos-client-2.0.4.jar:na]
	at com.alibaba.nacos.common.remote.client.RpcClient.reconnect(RpcClient.java:522) ~[nacos-client-2.0.4.jar:na]
	at com.alibaba.nacos.common.remote.client.RpcClient.lambda$start$2(RpcClient.java:370) ~[nacos-client-2.0.4.jar:na]
	at java.base/java.util.concurrent.Executors$RunnableAdapter.call(Executors.java:515) ~[na:na]
	at java.base/java.util.concurrent.FutureTask.run(FutureTask.java:264) ~[na:na]
	at java.base/java.util.concurrent.ScheduledThreadPoolExecutor$ScheduledFutureTask.run(ScheduledThreadPoolExecutor.java:304) ~[na:na]
	at java.base/java.util.concurrent.ThreadPoolExecutor.runWorker(ThreadPoolExecutor.java:1128) ~[na:na]
	at java.base/java.util.concurrent.ThreadPoolExecutor$Worker.run(ThreadPoolExecutor.java:628) ~[na:na]
	at java.base/java.lang.Thread.run(Thread.java:834) ~[na:na]

17-36-59-250  INFO 3240 --- [com.alibaba.nacos.client.remote.worker] com.alibaba.nacos.common.remote.client   : [a244ca18-c11c-4d0a-90eb-25184f5cc6ca] Fail to connect server, after trying 285 times, last try server is {serverIp = '192.168.10.101', server main port = 8848}, error = unknown
17-37-07-261 ERROR 3240 --- [com.alibaba.nacos.client.remote.worker] c.a.n.c.remote.client.grpc.GrpcClient    : Server check fail, please check server 192.168.10.101 ,port 9848 is available , error ={}

java.util.concurrent.TimeoutException: Waited 3000 milliseconds (plus 2 milliseconds, 8100 nanoseconds delay) for com.alibaba.nacos.shaded.io.grpc.stub.ClientCalls$GrpcFuture@56743551[status=PENDING, info=[GrpcFuture{clientCall={delegate={delegate=ClientCallImpl{method=MethodDescriptor{fullMethodName=Request/request, type=UNARY, idempotent=false, safe=false, sampledToLocalTracing=true, requestMarshaller=com.alibaba.nacos.shaded.io.grpc.protobuf.lite.ProtoLiteUtils$MessageMarshaller@24e11377, responseMarshaller=com.alibaba.nacos.shaded.io.grpc.protobuf.lite.ProtoLiteUtils$MessageMarshaller@424f5fa2, schemaDescriptor=com.alibaba.nacos.api.grpc.auto.RequestGrpc$RequestMethodDescriptorSupplier@56847fbc}}}}}]]
	at com.alibaba.nacos.shaded.com.google.common.util.concurrent.AbstractFuture.get(AbstractFuture.java:508) ~[nacos-client-2.0.4.jar:na]
	at com.alibaba.nacos.common.remote.client.grpc.GrpcClient.serverCheck(GrpcClient.java:148) ~[nacos-client-2.0.4.jar:na]
	at com.alibaba.nacos.common.remote.client.grpc.GrpcClient.connectToServer(GrpcClient.java:264) ~[nacos-client-2.0.4.jar:na]
	at com.alibaba.nacos.common.remote.client.RpcClient.reconnect(RpcClient.java:522) ~[nacos-client-2.0.4.jar:na]
	at com.alibaba.nacos.common.remote.client.RpcClient.lambda$start$2(RpcClient.java:370) ~[nacos-client-2.0.4.jar:na]
	at java.base/java.util.concurrent.Executors$RunnableAdapter.call(Executors.java:515) ~[na:na]
	at java.base/java.util.concurrent.FutureTask.run(FutureTask.java:264) ~[na:na]
	at java.base/java.util.concurrent.ScheduledThreadPoolExecutor$ScheduledFutureTask.run(ScheduledThreadPoolExecutor.java:304) ~[na:na]
	at java.base/java.util.concurrent.ThreadPoolExecutor.runWorker(ThreadPoolExecutor.java:1128) ~[na:na]
	at java.base/java.util.concurrent.ThreadPoolExecutor$Worker.run(ThreadPoolExecutor.java:628) ~[na:na]
	at java.base/java.lang.Thread.run(Thread.java:834) ~[na:na]

17-37-07-263  INFO 3240 --- [com.alibaba.nacos.client.remote.worker] com.alibaba.nacos.common.remote.client   : [a244ca18-c11c-4d0a-90eb-25184f5cc6ca] Fail to connect server, after trying 286 times, last try server is {serverIp = '192.168.10.101', server main port = 8848}, error = unknown
17-37-15-296 ERROR 3240 --- [com.alibaba.nacos.client.remote.worker] c.a.n.c.remote.client.grpc.GrpcClient    : Server check fail, please check server 192.168.10.101 ,port 9848 is available , error ={}

java.util.concurrent.TimeoutException: Waited 3000 milliseconds (plus 13 milliseconds, 665700 nanoseconds delay) for com.alibaba.nacos.shaded.io.grpc.stub.ClientCalls$GrpcFuture@a6c4f10[status=PENDING, info=[GrpcFuture{clientCall={delegate={delegate=ClientCallImpl{method=MethodDescriptor{fullMethodName=Request/request, type=UNARY, idempotent=false, safe=false, sampledToLocalTracing=true, requestMarshaller=com.alibaba.nacos.shaded.io.grpc.protobuf.lite.ProtoLiteUtils$MessageMarshaller@24e11377, responseMarshaller=com.alibaba.nacos.shaded.io.grpc.protobuf.lite.ProtoLiteUtils$MessageMarshaller@424f5fa2, schemaDescriptor=com.alibaba.nacos.api.grpc.auto.RequestGrpc$RequestMethodDescriptorSupplier@56847fbc}}}}}]]
	at com.alibaba.nacos.shaded.com.google.common.util.concurrent.AbstractFuture.get(AbstractFuture.java:508) ~[nacos-client-2.0.4.jar:na]
	at com.alibaba.nacos.common.remote.client.grpc.GrpcClient.serverCheck(GrpcClient.java:148) ~[nacos-client-2.0.4.jar:na]
	at com.alibaba.nacos.common.remote.client.grpc.GrpcClient.connectToServer(GrpcClient.java:264) ~[nacos-client-2.0.4.jar:na]
	at com.alibaba.nacos.common.remote.client.RpcClient.reconnect(RpcClient.java:522) ~[nacos-client-2.0.4.jar:na]
	at com.alibaba.nacos.common.remote.client.RpcClient.lambda$start$2(RpcClient.java:370) ~[nacos-client-2.0.4.jar:na]
	at java.base/java.util.concurrent.Executors$RunnableAdapter.call(Executors.java:515) ~[na:na]
	at java.base/java.util.concurrent.FutureTask.run(FutureTask.java:264) ~[na:na]
	at java.base/java.util.concurrent.ScheduledThreadPoolExecutor$ScheduledFutureTask.run(ScheduledThreadPoolExecutor.java:304) ~[na:na]
	at java.base/java.util.concurrent.ThreadPoolExecutor.runWorker(ThreadPoolExecutor.java:1128) ~[na:na]
	at java.base/java.util.concurrent.ThreadPoolExecutor$Worker.run(ThreadPoolExecutor.java:628) ~[na:na]
	at java.base/java.lang.Thread.run(Thread.java:834) ~[na:na]

17-37-15-298  INFO 3240 --- [com.alibaba.nacos.client.remote.worker] com.alibaba.nacos.common.remote.client   : [a244ca18-c11c-4d0a-90eb-25184f5cc6ca] Fail to connect server, after trying 287 times, last try server is {serverIp = '192.168.10.101', server main port = 8848}, error = unknown
17-37-23-316 ERROR 3240 --- [com.alibaba.nacos.client.remote.worker] c.a.n.c.remote.client.grpc.GrpcClient    : Server check fail, please check server 192.168.10.101 ,port 9848 is available , error ={}

java.util.concurrent.TimeoutException: Waited 3000 milliseconds (plus 872500 nanoseconds delay) for com.alibaba.nacos.shaded.io.grpc.stub.ClientCalls$GrpcFuture@6eca7ed1[status=PENDING, info=[GrpcFuture{clientCall={delegate={delegate=ClientCallImpl{method=MethodDescriptor{fullMethodName=Request/request, type=UNARY, idempotent=false, safe=false, sampledToLocalTracing=true, requestMarshaller=com.alibaba.nacos.shaded.io.grpc.protobuf.lite.ProtoLiteUtils$MessageMarshaller@24e11377, responseMarshaller=com.alibaba.nacos.shaded.io.grpc.protobuf.lite.ProtoLiteUtils$MessageMarshaller@424f5fa2, schemaDescriptor=com.alibaba.nacos.api.grpc.auto.RequestGrpc$RequestMethodDescriptorSupplier@56847fbc}}}}}]]
	at com.alibaba.nacos.shaded.com.google.common.util.concurrent.AbstractFuture.get(AbstractFuture.java:508) ~[nacos-client-2.0.4.jar:na]
	at com.alibaba.nacos.common.remote.client.grpc.GrpcClient.serverCheck(GrpcClient.java:148) ~[nacos-client-2.0.4.jar:na]
	at com.alibaba.nacos.common.remote.client.grpc.GrpcClient.connectToServer(GrpcClient.java:264) ~[nacos-client-2.0.4.jar:na]
	at com.alibaba.nacos.common.remote.client.RpcClient.reconnect(RpcClient.java:522) ~[nacos-client-2.0.4.jar:na]
	at com.alibaba.nacos.common.remote.client.RpcClient.lambda$start$2(RpcClient.java:370) ~[nacos-client-2.0.4.jar:na]
	at java.base/java.util.concurrent.Executors$RunnableAdapter.call(Executors.java:515) ~[na:na]
	at java.base/java.util.concurrent.FutureTask.run(FutureTask.java:264) ~[na:na]
	at java.base/java.util.concurrent.ScheduledThreadPoolExecutor$ScheduledFutureTask.run(ScheduledThreadPoolExecutor.java:304) ~[na:na]
	at java.base/java.util.concurrent.ThreadPoolExecutor.runWorker(ThreadPoolExecutor.java:1128) ~[na:na]
	at java.base/java.util.concurrent.ThreadPoolExecutor$Worker.run(ThreadPoolExecutor.java:628) ~[na:na]
	at java.base/java.lang.Thread.run(Thread.java:834) ~[na:na]

17-37-23-318  INFO 3240 --- [com.alibaba.nacos.client.remote.worker] com.alibaba.nacos.common.remote.client   : [a244ca18-c11c-4d0a-90eb-25184f5cc6ca] Fail to connect server, after trying 288 times, last try server is {serverIp = '192.168.10.101', server main port = 8848}, error = unknown
17-37-31-324 ERROR 3240 --- [com.alibaba.nacos.client.remote.worker] c.a.n.c.remote.client.grpc.GrpcClient    : Server check fail, please check server 192.168.10.101 ,port 9848 is available , error ={}

java.util.concurrent.TimeoutException: Waited 3000 milliseconds (plus 1 milliseconds, 696400 nanoseconds delay) for com.alibaba.nacos.shaded.io.grpc.stub.ClientCalls$GrpcFuture@41cb967b[status=PENDING, info=[GrpcFuture{clientCall={delegate={delegate=ClientCallImpl{method=MethodDescriptor{fullMethodName=Request/request, type=UNARY, idempotent=false, safe=false, sampledToLocalTracing=true, requestMarshaller=com.alibaba.nacos.shaded.io.grpc.protobuf.lite.ProtoLiteUtils$MessageMarshaller@24e11377, responseMarshaller=com.alibaba.nacos.shaded.io.grpc.protobuf.lite.ProtoLiteUtils$MessageMarshaller@424f5fa2, schemaDescriptor=com.alibaba.nacos.api.grpc.auto.RequestGrpc$RequestMethodDescriptorSupplier@56847fbc}}}}}]]
	at com.alibaba.nacos.shaded.com.google.common.util.concurrent.AbstractFuture.get(AbstractFuture.java:508) ~[nacos-client-2.0.4.jar:na]
	at com.alibaba.nacos.common.remote.client.grpc.GrpcClient.serverCheck(GrpcClient.java:148) ~[nacos-client-2.0.4.jar:na]
	at com.alibaba.nacos.common.remote.client.grpc.GrpcClient.connectToServer(GrpcClient.java:264) ~[nacos-client-2.0.4.jar:na]
	at com.alibaba.nacos.common.remote.client.RpcClient.reconnect(RpcClient.java:522) ~[nacos-client-2.0.4.jar:na]
	at com.alibaba.nacos.common.remote.client.RpcClient.lambda$start$2(RpcClient.java:370) ~[nacos-client-2.0.4.jar:na]
	at java.base/java.util.concurrent.Executors$RunnableAdapter.call(Executors.java:515) ~[na:na]
	at java.base/java.util.concurrent.FutureTask.run(FutureTask.java:264) ~[na:na]
	at java.base/java.util.concurrent.ScheduledThreadPoolExecutor$ScheduledFutureTask.run(ScheduledThreadPoolExecutor.java:304) ~[na:na]
	at java.base/java.util.concurrent.ThreadPoolExecutor.runWorker(ThreadPoolExecutor.java:1128) ~[na:na]
	at java.base/java.util.concurrent.ThreadPoolExecutor$Worker.run(ThreadPoolExecutor.java:628) ~[na:na]
	at java.base/java.lang.Thread.run(Thread.java:834) ~[na:na]

17-37-31-325  INFO 3240 --- [com.alibaba.nacos.client.remote.worker] com.alibaba.nacos.common.remote.client   : [a244ca18-c11c-4d0a-90eb-25184f5cc6ca] Fail to connect server, after trying 289 times, last try server is {serverIp = '192.168.10.101', server main port = 8848}, error = unknown
17-37-32-987 ERROR 3240 --- [com.alibaba.nacos.client.naming.updater.0] com.alibaba.nacos.common.remote.client   : Send request fail, request = ServiceQueryRequest{headers={app=unknown}, requestId='null'}, retryTimes = 0, errorMessage = Client not connected, current status:UNHEALTHY
17-37-33-095 ERROR 3240 --- [com.alibaba.nacos.client.naming.updater.0] com.alibaba.nacos.common.remote.client   : Send request fail, request = ServiceQueryRequest{headers={app=unknown}, requestId='null'}, retryTimes = 1, errorMessage = Client not connected, current status:UNHEALTHY
17-37-33-202 ERROR 3240 --- [com.alibaba.nacos.client.naming.updater.0] com.alibaba.nacos.common.remote.client   : Send request fail, request = ServiceQueryRequest{headers={app=unknown}, requestId='null'}, retryTimes = 2, errorMessage = Client not connected, current status:UNHEALTHY
17-37-39-347 ERROR 3240 --- [com.alibaba.nacos.client.remote.worker] c.a.n.c.remote.client.grpc.GrpcClient    : Server check fail, please check server 192.168.10.101 ,port 9848 is available , error ={}

java.util.concurrent.TimeoutException: Waited 3000 milliseconds (plus 12 milliseconds, 850000 nanoseconds delay) for com.alibaba.nacos.shaded.io.grpc.stub.ClientCalls$GrpcFuture@58d5b1d9[status=PENDING, info=[GrpcFuture{clientCall={delegate={delegate=ClientCallImpl{method=MethodDescriptor{fullMethodName=Request/request, type=UNARY, idempotent=false, safe=false, sampledToLocalTracing=true, requestMarshaller=com.alibaba.nacos.shaded.io.grpc.protobuf.lite.ProtoLiteUtils$MessageMarshaller@24e11377, responseMarshaller=com.alibaba.nacos.shaded.io.grpc.protobuf.lite.ProtoLiteUtils$MessageMarshaller@424f5fa2, schemaDescriptor=com.alibaba.nacos.api.grpc.auto.RequestGrpc$RequestMethodDescriptorSupplier@56847fbc}}}}}]]
	at com.alibaba.nacos.shaded.com.google.common.util.concurrent.AbstractFuture.get(AbstractFuture.java:508) ~[nacos-client-2.0.4.jar:na]
	at com.alibaba.nacos.common.remote.client.grpc.GrpcClient.serverCheck(GrpcClient.java:148) ~[nacos-client-2.0.4.jar:na]
	at com.alibaba.nacos.common.remote.client.grpc.GrpcClient.connectToServer(GrpcClient.java:264) ~[nacos-client-2.0.4.jar:na]
	at com.alibaba.nacos.common.remote.client.RpcClient.reconnect(RpcClient.java:522) ~[nacos-client-2.0.4.jar:na]
	at com.alibaba.nacos.common.remote.client.RpcClient.lambda$start$2(RpcClient.java:370) ~[nacos-client-2.0.4.jar:na]
	at java.base/java.util.concurrent.Executors$RunnableAdapter.call(Executors.java:515) ~[na:na]
	at java.base/java.util.concurrent.FutureTask.run(FutureTask.java:264) ~[na:na]
	at java.base/java.util.concurrent.ScheduledThreadPoolExecutor$ScheduledFutureTask.run(ScheduledThreadPoolExecutor.java:304) ~[na:na]
	at java.base/java.util.concurrent.ThreadPoolExecutor.runWorker(ThreadPoolExecutor.java:1128) ~[na:na]
	at java.base/java.util.concurrent.ThreadPoolExecutor$Worker.run(ThreadPoolExecutor.java:628) ~[na:na]
	at java.base/java.lang.Thread.run(Thread.java:834) ~[na:na]

17-37-39-349  INFO 3240 --- [com.alibaba.nacos.client.remote.worker] com.alibaba.nacos.common.remote.client   : [a244ca18-c11c-4d0a-90eb-25184f5cc6ca] Fail to connect server, after trying 290 times, last try server is {serverIp = '192.168.10.101', server main port = 8848}, error = unknown
17-37-47-357 ERROR 3240 --- [com.alibaba.nacos.client.remote.worker] c.a.n.c.remote.client.grpc.GrpcClient    : Server check fail, please check server 192.168.10.101 ,port 9848 is available , error ={}

java.util.concurrent.TimeoutException: Waited 3000 milliseconds (plus 1 milliseconds, 311400 nanoseconds delay) for com.alibaba.nacos.shaded.io.grpc.stub.ClientCalls$GrpcFuture@57ec4881[status=PENDING, info=[GrpcFuture{clientCall={delegate={delegate=ClientCallImpl{method=MethodDescriptor{fullMethodName=Request/request, type=UNARY, idempotent=false, safe=false, sampledToLocalTracing=true, requestMarshaller=com.alibaba.nacos.shaded.io.grpc.protobuf.lite.ProtoLiteUtils$MessageMarshaller@24e11377, responseMarshaller=com.alibaba.nacos.shaded.io.grpc.protobuf.lite.ProtoLiteUtils$MessageMarshaller@424f5fa2, schemaDescriptor=com.alibaba.nacos.api.grpc.auto.RequestGrpc$RequestMethodDescriptorSupplier@56847fbc}}}}}]]
	at com.alibaba.nacos.shaded.com.google.common.util.concurrent.AbstractFuture.get(AbstractFuture.java:508) ~[nacos-client-2.0.4.jar:na]
	at com.alibaba.nacos.common.remote.client.grpc.GrpcClient.serverCheck(GrpcClient.java:148) ~[nacos-client-2.0.4.jar:na]
	at com.alibaba.nacos.common.remote.client.grpc.GrpcClient.connectToServer(GrpcClient.java:264) ~[nacos-client-2.0.4.jar:na]
	at com.alibaba.nacos.common.remote.client.RpcClient.reconnect(RpcClient.java:522) ~[nacos-client-2.0.4.jar:na]
	at com.alibaba.nacos.common.remote.client.RpcClient.lambda$start$2(RpcClient.java:370) ~[nacos-client-2.0.4.jar:na]
	at java.base/java.util.concurrent.Executors$RunnableAdapter.call(Executors.java:515) ~[na:na]
	at java.base/java.util.concurrent.FutureTask.run(FutureTask.java:264) ~[na:na]
	at java.base/java.util.concurrent.ScheduledThreadPoolExecutor$ScheduledFutureTask.run(ScheduledThreadPoolExecutor.java:304) ~[na:na]
	at java.base/java.util.concurrent.ThreadPoolExecutor.runWorker(ThreadPoolExecutor.java:1128) ~[na:na]
	at java.base/java.util.concurrent.ThreadPoolExecutor$Worker.run(ThreadPoolExecutor.java:628) ~[na:na]
	at java.base/java.lang.Thread.run(Thread.java:834) ~[na:na]

17-37-47-358  INFO 3240 --- [com.alibaba.nacos.client.remote.worker] com.alibaba.nacos.common.remote.client   : [a244ca18-c11c-4d0a-90eb-25184f5cc6ca] Fail to connect server, after trying 291 times, last try server is {serverIp = '192.168.10.101', server main port = 8848}, error = unknown
17-37-55-366 ERROR 3240 --- [com.alibaba.nacos.client.remote.worker] c.a.n.c.remote.client.grpc.GrpcClient    : Server check fail, please check server 192.168.10.101 ,port 9848 is available , error ={}

java.util.concurrent.TimeoutException: Waited 3000 milliseconds (plus 4 milliseconds, 318200 nanoseconds delay) for com.alibaba.nacos.shaded.io.grpc.stub.ClientCalls$GrpcFuture@6960dfb5[status=PENDING, info=[GrpcFuture{clientCall={delegate={delegate=ClientCallImpl{method=MethodDescriptor{fullMethodName=Request/request, type=UNARY, idempotent=false, safe=false, sampledToLocalTracing=true, requestMarshaller=com.alibaba.nacos.shaded.io.grpc.protobuf.lite.ProtoLiteUtils$MessageMarshaller@24e11377, responseMarshaller=com.alibaba.nacos.shaded.io.grpc.protobuf.lite.ProtoLiteUtils$MessageMarshaller@424f5fa2, schemaDescriptor=com.alibaba.nacos.api.grpc.auto.RequestGrpc$RequestMethodDescriptorSupplier@56847fbc}}}}}]]
	at com.alibaba.nacos.shaded.com.google.common.util.concurrent.AbstractFuture.get(AbstractFuture.java:508) ~[nacos-client-2.0.4.jar:na]
	at com.alibaba.nacos.common.remote.client.grpc.GrpcClient.serverCheck(GrpcClient.java:148) ~[nacos-client-2.0.4.jar:na]
	at com.alibaba.nacos.common.remote.client.grpc.GrpcClient.connectToServer(GrpcClient.java:264) ~[nacos-client-2.0.4.jar:na]
	at com.alibaba.nacos.common.remote.client.RpcClient.reconnect(RpcClient.java:522) ~[nacos-client-2.0.4.jar:na]
	at com.alibaba.nacos.common.remote.client.RpcClient.lambda$start$2(RpcClient.java:370) ~[nacos-client-2.0.4.jar:na]
	at java.base/java.util.concurrent.Executors$RunnableAdapter.call(Executors.java:515) ~[na:na]
	at java.base/java.util.concurrent.FutureTask.run(FutureTask.java:264) ~[na:na]
	at java.base/java.util.concurrent.ScheduledThreadPoolExecutor$ScheduledFutureTask.run(ScheduledThreadPoolExecutor.java:304) ~[na:na]
	at java.base/java.util.concurrent.ThreadPoolExecutor.runWorker(ThreadPoolExecutor.java:1128) ~[na:na]
	at java.base/java.util.concurrent.ThreadPoolExecutor$Worker.run(ThreadPoolExecutor.java:628) ~[na:na]
	at java.base/java.lang.Thread.run(Thread.java:834) ~[na:na]

17-37-55-369  INFO 3240 --- [com.alibaba.nacos.client.remote.worker] com.alibaba.nacos.common.remote.client   : [a244ca18-c11c-4d0a-90eb-25184f5cc6ca] Fail to connect server, after trying 292 times, last try server is {serverIp = '192.168.10.101', server main port = 8848}, error = unknown
17-38-03-384 ERROR 3240 --- [com.alibaba.nacos.client.remote.worker] c.a.n.c.remote.client.grpc.GrpcClient    : Server check fail, please check server 192.168.10.101 ,port 9848 is available , error ={}

java.util.concurrent.TimeoutException: Waited 3000 milliseconds (plus 699500 nanoseconds delay) for com.alibaba.nacos.shaded.io.grpc.stub.ClientCalls$GrpcFuture@53a2be81[status=PENDING, info=[GrpcFuture{clientCall={delegate={delegate=ClientCallImpl{method=MethodDescriptor{fullMethodName=Request/request, type=UNARY, idempotent=false, safe=false, sampledToLocalTracing=true, requestMarshaller=com.alibaba.nacos.shaded.io.grpc.protobuf.lite.ProtoLiteUtils$MessageMarshaller@24e11377, responseMarshaller=com.alibaba.nacos.shaded.io.grpc.protobuf.lite.ProtoLiteUtils$MessageMarshaller@424f5fa2, schemaDescriptor=com.alibaba.nacos.api.grpc.auto.RequestGrpc$RequestMethodDescriptorSupplier@56847fbc}}}}}]]
	at com.alibaba.nacos.shaded.com.google.common.util.concurrent.AbstractFuture.get(AbstractFuture.java:508) ~[nacos-client-2.0.4.jar:na]
	at com.alibaba.nacos.common.remote.client.grpc.GrpcClient.serverCheck(GrpcClient.java:148) ~[nacos-client-2.0.4.jar:na]
	at com.alibaba.nacos.common.remote.client.grpc.GrpcClient.connectToServer(GrpcClient.java:264) ~[nacos-client-2.0.4.jar:na]
	at com.alibaba.nacos.common.remote.client.RpcClient.reconnect(RpcClient.java:522) ~[nacos-client-2.0.4.jar:na]
	at com.alibaba.nacos.common.remote.client.RpcClient.lambda$start$2(RpcClient.java:370) ~[nacos-client-2.0.4.jar:na]
	at java.base/java.util.concurrent.Executors$RunnableAdapter.call(Executors.java:515) ~[na:na]
	at java.base/java.util.concurrent.FutureTask.run(FutureTask.java:264) ~[na:na]
	at java.base/java.util.concurrent.ScheduledThreadPoolExecutor$ScheduledFutureTask.run(ScheduledThreadPoolExecutor.java:304) ~[na:na]
	at java.base/java.util.concurrent.ThreadPoolExecutor.runWorker(ThreadPoolExecutor.java:1128) ~[na:na]
	at java.base/java.util.concurrent.ThreadPoolExecutor$Worker.run(ThreadPoolExecutor.java:628) ~[na:na]
	at java.base/java.lang.Thread.run(Thread.java:834) ~[na:na]

17-38-03-386  INFO 3240 --- [com.alibaba.nacos.client.remote.worker] com.alibaba.nacos.common.remote.client   : [a244ca18-c11c-4d0a-90eb-25184f5cc6ca] Fail to connect server, after trying 293 times, last try server is {serverIp = '192.168.10.101', server main port = 8848}, error = unknown
17-38-11-412 ERROR 3240 --- [com.alibaba.nacos.client.remote.worker] c.a.n.c.remote.client.grpc.GrpcClient    : Server check fail, please check server 192.168.10.101 ,port 9848 is available , error ={}

java.util.concurrent.TimeoutException: Waited 3000 milliseconds (plus 13 milliseconds, 872600 nanoseconds delay) for com.alibaba.nacos.shaded.io.grpc.stub.ClientCalls$GrpcFuture@e67b949[status=PENDING, info=[GrpcFuture{clientCall={delegate={delegate=ClientCallImpl{method=MethodDescriptor{fullMethodName=Request/request, type=UNARY, idempotent=false, safe=false, sampledToLocalTracing=true, requestMarshaller=com.alibaba.nacos.shaded.io.grpc.protobuf.lite.ProtoLiteUtils$MessageMarshaller@24e11377, responseMarshaller=com.alibaba.nacos.shaded.io.grpc.protobuf.lite.ProtoLiteUtils$MessageMarshaller@424f5fa2, schemaDescriptor=com.alibaba.nacos.api.grpc.auto.RequestGrpc$RequestMethodDescriptorSupplier@56847fbc}}}}}]]
	at com.alibaba.nacos.shaded.com.google.common.util.concurrent.AbstractFuture.get(AbstractFuture.java:508) ~[nacos-client-2.0.4.jar:na]
	at com.alibaba.nacos.common.remote.client.grpc.GrpcClient.serverCheck(GrpcClient.java:148) ~[nacos-client-2.0.4.jar:na]
	at com.alibaba.nacos.common.remote.client.grpc.GrpcClient.connectToServer(GrpcClient.java:264) ~[nacos-client-2.0.4.jar:na]
	at com.alibaba.nacos.common.remote.client.RpcClient.reconnect(RpcClient.java:522) ~[nacos-client-2.0.4.jar:na]
	at com.alibaba.nacos.common.remote.client.RpcClient.lambda$start$2(RpcClient.java:370) ~[nacos-client-2.0.4.jar:na]
	at java.base/java.util.concurrent.Executors$RunnableAdapter.call(Executors.java:515) ~[na:na]
	at java.base/java.util.concurrent.FutureTask.run(FutureTask.java:264) ~[na:na]
	at java.base/java.util.concurrent.ScheduledThreadPoolExecutor$ScheduledFutureTask.run(ScheduledThreadPoolExecutor.java:304) ~[na:na]
	at java.base/java.util.concurrent.ThreadPoolExecutor.runWorker(ThreadPoolExecutor.java:1128) ~[na:na]
	at java.base/java.util.concurrent.ThreadPoolExecutor$Worker.run(ThreadPoolExecutor.java:628) ~[na:na]
	at java.base/java.lang.Thread.run(Thread.java:834) ~[na:na]

17-38-11-414  INFO 3240 --- [com.alibaba.nacos.client.remote.worker] com.alibaba.nacos.common.remote.client   : [a244ca18-c11c-4d0a-90eb-25184f5cc6ca] Fail to connect server, after trying 294 times, last try server is {serverIp = '192.168.10.101', server main port = 8848}, error = unknown
17-38-19-439 ERROR 3240 --- [com.alibaba.nacos.client.remote.worker] c.a.n.c.remote.client.grpc.GrpcClient    : Server check fail, please check server 192.168.10.101 ,port 9848 is available , error ={}

java.util.concurrent.TimeoutException: Waited 3000 milliseconds (plus 4 milliseconds, 882600 nanoseconds delay) for com.alibaba.nacos.shaded.io.grpc.stub.ClientCalls$GrpcFuture@712f7e7[status=PENDING, info=[GrpcFuture{clientCall={delegate={delegate=ClientCallImpl{method=MethodDescriptor{fullMethodName=Request/request, type=UNARY, idempotent=false, safe=false, sampledToLocalTracing=true, requestMarshaller=com.alibaba.nacos.shaded.io.grpc.protobuf.lite.ProtoLiteUtils$MessageMarshaller@24e11377, responseMarshaller=com.alibaba.nacos.shaded.io.grpc.protobuf.lite.ProtoLiteUtils$MessageMarshaller@424f5fa2, schemaDescriptor=com.alibaba.nacos.api.grpc.auto.RequestGrpc$RequestMethodDescriptorSupplier@56847fbc}}}}}]]
	at com.alibaba.nacos.shaded.com.google.common.util.concurrent.AbstractFuture.get(AbstractFuture.java:508) ~[nacos-client-2.0.4.jar:na]
	at com.alibaba.nacos.common.remote.client.grpc.GrpcClient.serverCheck(GrpcClient.java:148) ~[nacos-client-2.0.4.jar:na]
	at com.alibaba.nacos.common.remote.client.grpc.GrpcClient.connectToServer(GrpcClient.java:264) ~[nacos-client-2.0.4.jar:na]
	at com.alibaba.nacos.common.remote.client.RpcClient.reconnect(RpcClient.java:522) ~[nacos-client-2.0.4.jar:na]
	at com.alibaba.nacos.common.remote.client.RpcClient.lambda$start$2(RpcClient.java:370) ~[nacos-client-2.0.4.jar:na]
	at java.base/java.util.concurrent.Executors$RunnableAdapter.call(Executors.java:515) ~[na:na]
	at java.base/java.util.concurrent.FutureTask.run(FutureTask.java:264) ~[na:na]
	at java.base/java.util.concurrent.ScheduledThreadPoolExecutor$ScheduledFutureTask.run(ScheduledThreadPoolExecutor.java:304) ~[na:na]
	at java.base/java.util.concurrent.ThreadPoolExecutor.runWorker(ThreadPoolExecutor.java:1128) ~[na:na]
	at java.base/java.util.concurrent.ThreadPoolExecutor$Worker.run(ThreadPoolExecutor.java:628) ~[na:na]
	at java.base/java.lang.Thread.run(Thread.java:834) ~[na:na]

17-38-19-441  INFO 3240 --- [com.alibaba.nacos.client.remote.worker] com.alibaba.nacos.common.remote.client   : [a244ca18-c11c-4d0a-90eb-25184f5cc6ca] Fail to connect server, after trying 295 times, last try server is {serverIp = '192.168.10.101', server main port = 8848}, error = unknown
17-38-27-452 ERROR 3240 --- [com.alibaba.nacos.client.remote.worker] c.a.n.c.remote.client.grpc.GrpcClient    : Server check fail, please check server 192.168.10.101 ,port 9848 is available , error ={}

java.util.concurrent.TimeoutException: Waited 3000 milliseconds (plus 2 milliseconds, 212900 nanoseconds delay) for com.alibaba.nacos.shaded.io.grpc.stub.ClientCalls$GrpcFuture@12b731a2[status=PENDING, info=[GrpcFuture{clientCall={delegate={delegate=ClientCallImpl{method=MethodDescriptor{fullMethodName=Request/request, type=UNARY, idempotent=false, safe=false, sampledToLocalTracing=true, requestMarshaller=com.alibaba.nacos.shaded.io.grpc.protobuf.lite.ProtoLiteUtils$MessageMarshaller@24e11377, responseMarshaller=com.alibaba.nacos.shaded.io.grpc.protobuf.lite.ProtoLiteUtils$MessageMarshaller@424f5fa2, schemaDescriptor=com.alibaba.nacos.api.grpc.auto.RequestGrpc$RequestMethodDescriptorSupplier@56847fbc}}}}}]]
	at com.alibaba.nacos.shaded.com.google.common.util.concurrent.AbstractFuture.get(AbstractFuture.java:508) ~[nacos-client-2.0.4.jar:na]
	at com.alibaba.nacos.common.remote.client.grpc.GrpcClient.serverCheck(GrpcClient.java:148) ~[nacos-client-2.0.4.jar:na]
	at com.alibaba.nacos.common.remote.client.grpc.GrpcClient.connectToServer(GrpcClient.java:264) ~[nacos-client-2.0.4.jar:na]
	at com.alibaba.nacos.common.remote.client.RpcClient.reconnect(RpcClient.java:522) ~[nacos-client-2.0.4.jar:na]
	at com.alibaba.nacos.common.remote.client.RpcClient.lambda$start$2(RpcClient.java:370) ~[nacos-client-2.0.4.jar:na]
	at java.base/java.util.concurrent.Executors$RunnableAdapter.call(Executors.java:515) ~[na:na]
	at java.base/java.util.concurrent.FutureTask.run(FutureTask.java:264) ~[na:na]
	at java.base/java.util.concurrent.ScheduledThreadPoolExecutor$ScheduledFutureTask.run(ScheduledThreadPoolExecutor.java:304) ~[na:na]
	at java.base/java.util.concurrent.ThreadPoolExecutor.runWorker(ThreadPoolExecutor.java:1128) ~[na:na]
	at java.base/java.util.concurrent.ThreadPoolExecutor$Worker.run(ThreadPoolExecutor.java:628) ~[na:na]
	at java.base/java.lang.Thread.run(Thread.java:834) ~[na:na]

17-38-27-454  INFO 3240 --- [com.alibaba.nacos.client.remote.worker] com.alibaba.nacos.common.remote.client   : [a244ca18-c11c-4d0a-90eb-25184f5cc6ca] Fail to connect server, after trying 296 times, last try server is {serverIp = '192.168.10.101', server main port = 8848}, error = unknown
17-38-33-323 ERROR 3240 --- [com.alibaba.nacos.client.naming.updater.0] com.alibaba.nacos.common.remote.client   : Send request fail, request = ServiceQueryRequest{headers={app=unknown}, requestId='null'}, retryTimes = 0, errorMessage = Client not connected, current status:UNHEALTHY
17-38-33-431 ERROR 3240 --- [com.alibaba.nacos.client.naming.updater.0] com.alibaba.nacos.common.remote.client   : Send request fail, request = ServiceQueryRequest{headers={app=unknown}, requestId='null'}, retryTimes = 1, errorMessage = Client not connected, current status:UNHEALTHY
17-38-33-539 ERROR 3240 --- [com.alibaba.nacos.client.naming.updater.0] com.alibaba.nacos.common.remote.client   : Send request fail, request = ServiceQueryRequest{headers={app=unknown}, requestId='null'}, retryTimes = 2, errorMessage = Client not connected, current status:UNHEALTHY
17-38-35-467 ERROR 3240 --- [com.alibaba.nacos.client.remote.worker] c.a.n.c.remote.client.grpc.GrpcClient    : Server check fail, please check server 192.168.10.101 ,port 9848 is available , error ={}

java.util.concurrent.TimeoutException: Waited 3000 milliseconds (plus 1 milliseconds, 113600 nanoseconds delay) for com.alibaba.nacos.shaded.io.grpc.stub.ClientCalls$GrpcFuture@291ca6cf[status=PENDING, info=[GrpcFuture{clientCall={delegate={delegate=ClientCallImpl{method=MethodDescriptor{fullMethodName=Request/request, type=UNARY, idempotent=false, safe=false, sampledToLocalTracing=true, requestMarshaller=com.alibaba.nacos.shaded.io.grpc.protobuf.lite.ProtoLiteUtils$MessageMarshaller@24e11377, responseMarshaller=com.alibaba.nacos.shaded.io.grpc.protobuf.lite.ProtoLiteUtils$MessageMarshaller@424f5fa2, schemaDescriptor=com.alibaba.nacos.api.grpc.auto.RequestGrpc$RequestMethodDescriptorSupplier@56847fbc}}}}}]]
	at com.alibaba.nacos.shaded.com.google.common.util.concurrent.AbstractFuture.get(AbstractFuture.java:508) ~[nacos-client-2.0.4.jar:na]
	at com.alibaba.nacos.common.remote.client.grpc.GrpcClient.serverCheck(GrpcClient.java:148) ~[nacos-client-2.0.4.jar:na]
	at com.alibaba.nacos.common.remote.client.grpc.GrpcClient.connectToServer(GrpcClient.java:264) ~[nacos-client-2.0.4.jar:na]
	at com.alibaba.nacos.common.remote.client.RpcClient.reconnect(RpcClient.java:522) ~[nacos-client-2.0.4.jar:na]
	at com.alibaba.nacos.common.remote.client.RpcClient.lambda$start$2(RpcClient.java:370) ~[nacos-client-2.0.4.jar:na]
	at java.base/java.util.concurrent.Executors$RunnableAdapter.call(Executors.java:515) ~[na:na]
	at java.base/java.util.concurrent.FutureTask.run(FutureTask.java:264) ~[na:na]
	at java.base/java.util.concurrent.ScheduledThreadPoolExecutor$ScheduledFutureTask.run(ScheduledThreadPoolExecutor.java:304) ~[na:na]
	at java.base/java.util.concurrent.ThreadPoolExecutor.runWorker(ThreadPoolExecutor.java:1128) ~[na:na]
	at java.base/java.util.concurrent.ThreadPoolExecutor$Worker.run(ThreadPoolExecutor.java:628) ~[na:na]
	at java.base/java.lang.Thread.run(Thread.java:834) ~[na:na]

17-38-35-469  INFO 3240 --- [com.alibaba.nacos.client.remote.worker] com.alibaba.nacos.common.remote.client   : [a244ca18-c11c-4d0a-90eb-25184f5cc6ca] Fail to connect server, after trying 297 times, last try server is {serverIp = '192.168.10.101', server main port = 8848}, error = unknown
17-38-43-500 ERROR 3240 --- [com.alibaba.nacos.client.remote.worker] c.a.n.c.remote.client.grpc.GrpcClient    : Server check fail, please check server 192.168.10.101 ,port 9848 is available , error ={}

java.util.concurrent.TimeoutException: Waited 3000 milliseconds (plus 12 milliseconds, 87800 nanoseconds delay) for com.alibaba.nacos.shaded.io.grpc.stub.ClientCalls$GrpcFuture@7d807c4a[status=PENDING, info=[GrpcFuture{clientCall={delegate={delegate=ClientCallImpl{method=MethodDescriptor{fullMethodName=Request/request, type=UNARY, idempotent=false, safe=false, sampledToLocalTracing=true, requestMarshaller=com.alibaba.nacos.shaded.io.grpc.protobuf.lite.ProtoLiteUtils$MessageMarshaller@24e11377, responseMarshaller=com.alibaba.nacos.shaded.io.grpc.protobuf.lite.ProtoLiteUtils$MessageMarshaller@424f5fa2, schemaDescriptor=com.alibaba.nacos.api.grpc.auto.RequestGrpc$RequestMethodDescriptorSupplier@56847fbc}}}}}]]
	at com.alibaba.nacos.shaded.com.google.common.util.concurrent.AbstractFuture.get(AbstractFuture.java:508) ~[nacos-client-2.0.4.jar:na]
	at com.alibaba.nacos.common.remote.client.grpc.GrpcClient.serverCheck(GrpcClient.java:148) ~[nacos-client-2.0.4.jar:na]
	at com.alibaba.nacos.common.remote.client.grpc.GrpcClient.connectToServer(GrpcClient.java:264) ~[nacos-client-2.0.4.jar:na]
	at com.alibaba.nacos.common.remote.client.RpcClient.reconnect(RpcClient.java:522) ~[nacos-client-2.0.4.jar:na]
	at com.alibaba.nacos.common.remote.client.RpcClient.lambda$start$2(RpcClient.java:370) ~[nacos-client-2.0.4.jar:na]
	at java.base/java.util.concurrent.Executors$RunnableAdapter.call(Executors.java:515) ~[na:na]
	at java.base/java.util.concurrent.FutureTask.run(FutureTask.java:264) ~[na:na]
	at java.base/java.util.concurrent.ScheduledThreadPoolExecutor$ScheduledFutureTask.run(ScheduledThreadPoolExecutor.java:304) ~[na:na]
	at java.base/java.util.concurrent.ThreadPoolExecutor.runWorker(ThreadPoolExecutor.java:1128) ~[na:na]
	at java.base/java.util.concurrent.ThreadPoolExecutor$Worker.run(ThreadPoolExecutor.java:628) ~[na:na]
	at java.base/java.lang.Thread.run(Thread.java:834) ~[na:na]

17-38-43-502  INFO 3240 --- [com.alibaba.nacos.client.remote.worker] com.alibaba.nacos.common.remote.client   : [a244ca18-c11c-4d0a-90eb-25184f5cc6ca] Fail to connect server, after trying 298 times, last try server is {serverIp = '192.168.10.101', server main port = 8848}, error = unknown
17-38-51-522 ERROR 3240 --- [com.alibaba.nacos.client.remote.worker] c.a.n.c.remote.client.grpc.GrpcClient    : Server check fail, please check server 192.168.10.101 ,port 9848 is available , error ={}

java.util.concurrent.TimeoutException: Waited 3000 milliseconds (plus 2 milliseconds, 264600 nanoseconds delay) for com.alibaba.nacos.shaded.io.grpc.stub.ClientCalls$GrpcFuture@6b99446b[status=PENDING, info=[GrpcFuture{clientCall={delegate={delegate=ClientCallImpl{method=MethodDescriptor{fullMethodName=Request/request, type=UNARY, idempotent=false, safe=false, sampledToLocalTracing=true, requestMarshaller=com.alibaba.nacos.shaded.io.grpc.protobuf.lite.ProtoLiteUtils$MessageMarshaller@24e11377, responseMarshaller=com.alibaba.nacos.shaded.io.grpc.protobuf.lite.ProtoLiteUtils$MessageMarshaller@424f5fa2, schemaDescriptor=com.alibaba.nacos.api.grpc.auto.RequestGrpc$RequestMethodDescriptorSupplier@56847fbc}}}}}]]
	at com.alibaba.nacos.shaded.com.google.common.util.concurrent.AbstractFuture.get(AbstractFuture.java:508) ~[nacos-client-2.0.4.jar:na]
	at com.alibaba.nacos.common.remote.client.grpc.GrpcClient.serverCheck(GrpcClient.java:148) ~[nacos-client-2.0.4.jar:na]
	at com.alibaba.nacos.common.remote.client.grpc.GrpcClient.connectToServer(GrpcClient.java:264) ~[nacos-client-2.0.4.jar:na]
	at com.alibaba.nacos.common.remote.client.RpcClient.reconnect(RpcClient.java:522) ~[nacos-client-2.0.4.jar:na]
	at com.alibaba.nacos.common.remote.client.RpcClient.lambda$start$2(RpcClient.java:370) ~[nacos-client-2.0.4.jar:na]
	at java.base/java.util.concurrent.Executors$RunnableAdapter.call(Executors.java:515) ~[na:na]
	at java.base/java.util.concurrent.FutureTask.run(FutureTask.java:264) ~[na:na]
	at java.base/java.util.concurrent.ScheduledThreadPoolExecutor$ScheduledFutureTask.run(ScheduledThreadPoolExecutor.java:304) ~[na:na]
	at java.base/java.util.concurrent.ThreadPoolExecutor.runWorker(ThreadPoolExecutor.java:1128) ~[na:na]
	at java.base/java.util.concurrent.ThreadPoolExecutor$Worker.run(ThreadPoolExecutor.java:628) ~[na:na]
	at java.base/java.lang.Thread.run(Thread.java:834) ~[na:na]

17-38-51-524  INFO 3240 --- [com.alibaba.nacos.client.remote.worker] com.alibaba.nacos.common.remote.client   : [a244ca18-c11c-4d0a-90eb-25184f5cc6ca] Fail to connect server, after trying 299 times, last try server is {serverIp = '192.168.10.101', server main port = 8848}, error = unknown
17-38-59-540 ERROR 3240 --- [com.alibaba.nacos.client.remote.worker] c.a.n.c.remote.client.grpc.GrpcClient    : Server check fail, please check server 192.168.10.101 ,port 9848 is available , error ={}

java.util.concurrent.TimeoutException: Waited 3000 milliseconds (plus 11 milliseconds, 422600 nanoseconds delay) for com.alibaba.nacos.shaded.io.grpc.stub.ClientCalls$GrpcFuture@375c2ce4[status=PENDING, info=[GrpcFuture{clientCall={delegate={delegate=ClientCallImpl{method=MethodDescriptor{fullMethodName=Request/request, type=UNARY, idempotent=false, safe=false, sampledToLocalTracing=true, requestMarshaller=com.alibaba.nacos.shaded.io.grpc.protobuf.lite.ProtoLiteUtils$MessageMarshaller@24e11377, responseMarshaller=com.alibaba.nacos.shaded.io.grpc.protobuf.lite.ProtoLiteUtils$MessageMarshaller@424f5fa2, schemaDescriptor=com.alibaba.nacos.api.grpc.auto.RequestGrpc$RequestMethodDescriptorSupplier@56847fbc}}}}}]]
	at com.alibaba.nacos.shaded.com.google.common.util.concurrent.AbstractFuture.get(AbstractFuture.java:508) ~[nacos-client-2.0.4.jar:na]
	at com.alibaba.nacos.common.remote.client.grpc.GrpcClient.serverCheck(GrpcClient.java:148) ~[nacos-client-2.0.4.jar:na]
	at com.alibaba.nacos.common.remote.client.grpc.GrpcClient.connectToServer(GrpcClient.java:264) ~[nacos-client-2.0.4.jar:na]
	at com.alibaba.nacos.common.remote.client.RpcClient.reconnect(RpcClient.java:522) ~[nacos-client-2.0.4.jar:na]
	at com.alibaba.nacos.common.remote.client.RpcClient.lambda$start$2(RpcClient.java:370) ~[nacos-client-2.0.4.jar:na]
	at java.base/java.util.concurrent.Executors$RunnableAdapter.call(Executors.java:515) ~[na:na]
	at java.base/java.util.concurrent.FutureTask.run(FutureTask.java:264) ~[na:na]
	at java.base/java.util.concurrent.ScheduledThreadPoolExecutor$ScheduledFutureTask.run(ScheduledThreadPoolExecutor.java:304) ~[na:na]
	at java.base/java.util.concurrent.ThreadPoolExecutor.runWorker(ThreadPoolExecutor.java:1128) ~[na:na]
	at java.base/java.util.concurrent.ThreadPoolExecutor$Worker.run(ThreadPoolExecutor.java:628) ~[na:na]
	at java.base/java.lang.Thread.run(Thread.java:834) ~[na:na]

17-38-59-541  INFO 3240 --- [com.alibaba.nacos.client.remote.worker] com.alibaba.nacos.common.remote.client   : [a244ca18-c11c-4d0a-90eb-25184f5cc6ca] Fail to connect server, after trying 300 times, last try server is {serverIp = '192.168.10.101', server main port = 8848}, error = unknown
17-39-07-560 ERROR 3240 --- [com.alibaba.nacos.client.remote.worker] c.a.n.c.remote.client.grpc.GrpcClient    : Server check fail, please check server 192.168.10.101 ,port 9848 is available , error ={}

java.util.concurrent.TimeoutException: Waited 3000 milliseconds (plus 13 milliseconds, 742400 nanoseconds delay) for com.alibaba.nacos.shaded.io.grpc.stub.ClientCalls$GrpcFuture@52f2091[status=PENDING, info=[GrpcFuture{clientCall={delegate={delegate=ClientCallImpl{method=MethodDescriptor{fullMethodName=Request/request, type=UNARY, idempotent=false, safe=false, sampledToLocalTracing=true, requestMarshaller=com.alibaba.nacos.shaded.io.grpc.protobuf.lite.ProtoLiteUtils$MessageMarshaller@24e11377, responseMarshaller=com.alibaba.nacos.shaded.io.grpc.protobuf.lite.ProtoLiteUtils$MessageMarshaller@424f5fa2, schemaDescriptor=com.alibaba.nacos.api.grpc.auto.RequestGrpc$RequestMethodDescriptorSupplier@56847fbc}}}}}]]
	at com.alibaba.nacos.shaded.com.google.common.util.concurrent.AbstractFuture.get(AbstractFuture.java:508) ~[nacos-client-2.0.4.jar:na]
	at com.alibaba.nacos.common.remote.client.grpc.GrpcClient.serverCheck(GrpcClient.java:148) ~[nacos-client-2.0.4.jar:na]
	at com.alibaba.nacos.common.remote.client.grpc.GrpcClient.connectToServer(GrpcClient.java:264) ~[nacos-client-2.0.4.jar:na]
	at com.alibaba.nacos.common.remote.client.RpcClient.reconnect(RpcClient.java:522) ~[nacos-client-2.0.4.jar:na]
	at com.alibaba.nacos.common.remote.client.RpcClient.lambda$start$2(RpcClient.java:370) ~[nacos-client-2.0.4.jar:na]
	at java.base/java.util.concurrent.Executors$RunnableAdapter.call(Executors.java:515) ~[na:na]
	at java.base/java.util.concurrent.FutureTask.run(FutureTask.java:264) ~[na:na]
	at java.base/java.util.concurrent.ScheduledThreadPoolExecutor$ScheduledFutureTask.run(ScheduledThreadPoolExecutor.java:304) ~[na:na]
	at java.base/java.util.concurrent.ThreadPoolExecutor.runWorker(ThreadPoolExecutor.java:1128) ~[na:na]
	at java.base/java.util.concurrent.ThreadPoolExecutor$Worker.run(ThreadPoolExecutor.java:628) ~[na:na]
	at java.base/java.lang.Thread.run(Thread.java:834) ~[na:na]

17-39-07-562  INFO 3240 --- [com.alibaba.nacos.client.remote.worker] com.alibaba.nacos.common.remote.client   : [a244ca18-c11c-4d0a-90eb-25184f5cc6ca] Fail to connect server, after trying 301 times, last try server is {serverIp = '192.168.10.101', server main port = 8848}, error = unknown
17-39-15-595 ERROR 3240 --- [com.alibaba.nacos.client.remote.worker] c.a.n.c.remote.client.grpc.GrpcClient    : Server check fail, please check server 192.168.10.101 ,port 9848 is available , error ={}

java.util.concurrent.TimeoutException: Waited 3000 milliseconds (plus 13 milliseconds, 203400 nanoseconds delay) for com.alibaba.nacos.shaded.io.grpc.stub.ClientCalls$GrpcFuture@75a7664[status=PENDING, info=[GrpcFuture{clientCall={delegate={delegate=ClientCallImpl{method=MethodDescriptor{fullMethodName=Request/request, type=UNARY, idempotent=false, safe=false, sampledToLocalTracing=true, requestMarshaller=com.alibaba.nacos.shaded.io.grpc.protobuf.lite.ProtoLiteUtils$MessageMarshaller@24e11377, responseMarshaller=com.alibaba.nacos.shaded.io.grpc.protobuf.lite.ProtoLiteUtils$MessageMarshaller@424f5fa2, schemaDescriptor=com.alibaba.nacos.api.grpc.auto.RequestGrpc$RequestMethodDescriptorSupplier@56847fbc}}}}}]]
	at com.alibaba.nacos.shaded.com.google.common.util.concurrent.AbstractFuture.get(AbstractFuture.java:508) ~[nacos-client-2.0.4.jar:na]
	at com.alibaba.nacos.common.remote.client.grpc.GrpcClient.serverCheck(GrpcClient.java:148) ~[nacos-client-2.0.4.jar:na]
	at com.alibaba.nacos.common.remote.client.grpc.GrpcClient.connectToServer(GrpcClient.java:264) ~[nacos-client-2.0.4.jar:na]
	at com.alibaba.nacos.common.remote.client.RpcClient.reconnect(RpcClient.java:522) ~[nacos-client-2.0.4.jar:na]
	at com.alibaba.nacos.common.remote.client.RpcClient.lambda$start$2(RpcClient.java:370) ~[nacos-client-2.0.4.jar:na]
	at java.base/java.util.concurrent.Executors$RunnableAdapter.call(Executors.java:515) ~[na:na]
	at java.base/java.util.concurrent.FutureTask.run(FutureTask.java:264) ~[na:na]
	at java.base/java.util.concurrent.ScheduledThreadPoolExecutor$ScheduledFutureTask.run(ScheduledThreadPoolExecutor.java:304) ~[na:na]
	at java.base/java.util.concurrent.ThreadPoolExecutor.runWorker(ThreadPoolExecutor.java:1128) ~[na:na]
	at java.base/java.util.concurrent.ThreadPoolExecutor$Worker.run(ThreadPoolExecutor.java:628) ~[na:na]
	at java.base/java.lang.Thread.run(Thread.java:834) ~[na:na]

17-39-15-596  INFO 3240 --- [com.alibaba.nacos.client.remote.worker] com.alibaba.nacos.common.remote.client   : [a244ca18-c11c-4d0a-90eb-25184f5cc6ca] Fail to connect server, after trying 302 times, last try server is {serverIp = '192.168.10.101', server main port = 8848}, error = unknown
17-39-23-629 ERROR 3240 --- [com.alibaba.nacos.client.remote.worker] c.a.n.c.remote.client.grpc.GrpcClient    : Server check fail, please check server 192.168.10.101 ,port 9848 is available , error ={}

java.util.concurrent.TimeoutException: Waited 3000 milliseconds (plus 15 milliseconds, 564000 nanoseconds delay) for com.alibaba.nacos.shaded.io.grpc.stub.ClientCalls$GrpcFuture@2de14f33[status=PENDING, info=[GrpcFuture{clientCall={delegate={delegate=ClientCallImpl{method=MethodDescriptor{fullMethodName=Request/request, type=UNARY, idempotent=false, safe=false, sampledToLocalTracing=true, requestMarshaller=com.alibaba.nacos.shaded.io.grpc.protobuf.lite.ProtoLiteUtils$MessageMarshaller@24e11377, responseMarshaller=com.alibaba.nacos.shaded.io.grpc.protobuf.lite.ProtoLiteUtils$MessageMarshaller@424f5fa2, schemaDescriptor=com.alibaba.nacos.api.grpc.auto.RequestGrpc$RequestMethodDescriptorSupplier@56847fbc}}}}}]]
	at com.alibaba.nacos.shaded.com.google.common.util.concurrent.AbstractFuture.get(AbstractFuture.java:508) ~[nacos-client-2.0.4.jar:na]
	at com.alibaba.nacos.common.remote.client.grpc.GrpcClient.serverCheck(GrpcClient.java:148) ~[nacos-client-2.0.4.jar:na]
	at com.alibaba.nacos.common.remote.client.grpc.GrpcClient.connectToServer(GrpcClient.java:264) ~[nacos-client-2.0.4.jar:na]
	at com.alibaba.nacos.common.remote.client.RpcClient.reconnect(RpcClient.java:522) ~[nacos-client-2.0.4.jar:na]
	at com.alibaba.nacos.common.remote.client.RpcClient.lambda$start$2(RpcClient.java:370) ~[nacos-client-2.0.4.jar:na]
	at java.base/java.util.concurrent.Executors$RunnableAdapter.call(Executors.java:515) ~[na:na]
	at java.base/java.util.concurrent.FutureTask.run(FutureTask.java:264) ~[na:na]
	at java.base/java.util.concurrent.ScheduledThreadPoolExecutor$ScheduledFutureTask.run(ScheduledThreadPoolExecutor.java:304) ~[na:na]
	at java.base/java.util.concurrent.ThreadPoolExecutor.runWorker(ThreadPoolExecutor.java:1128) ~[na:na]
	at java.base/java.util.concurrent.ThreadPoolExecutor$Worker.run(ThreadPoolExecutor.java:628) ~[na:na]
	at java.base/java.lang.Thread.run(Thread.java:834) ~[na:na]

17-39-23-631  INFO 3240 --- [com.alibaba.nacos.client.remote.worker] com.alibaba.nacos.common.remote.client   : [a244ca18-c11c-4d0a-90eb-25184f5cc6ca] Fail to connect server, after trying 303 times, last try server is {serverIp = '192.168.10.101', server main port = 8848}, error = unknown
17-39-31-662 ERROR 3240 --- [com.alibaba.nacos.client.remote.worker] c.a.n.c.remote.client.grpc.GrpcClient    : Server check fail, please check server 192.168.10.101 ,port 9848 is available , error ={}

java.util.concurrent.TimeoutException: Waited 3000 milliseconds (plus 13 milliseconds, 464900 nanoseconds delay) for com.alibaba.nacos.shaded.io.grpc.stub.ClientCalls$GrpcFuture@5f2e9ce6[status=PENDING, info=[GrpcFuture{clientCall={delegate={delegate=ClientCallImpl{method=MethodDescriptor{fullMethodName=Request/request, type=UNARY, idempotent=false, safe=false, sampledToLocalTracing=true, requestMarshaller=com.alibaba.nacos.shaded.io.grpc.protobuf.lite.ProtoLiteUtils$MessageMarshaller@24e11377, responseMarshaller=com.alibaba.nacos.shaded.io.grpc.protobuf.lite.ProtoLiteUtils$MessageMarshaller@424f5fa2, schemaDescriptor=com.alibaba.nacos.api.grpc.auto.RequestGrpc$RequestMethodDescriptorSupplier@56847fbc}}}}}]]
	at com.alibaba.nacos.shaded.com.google.common.util.concurrent.AbstractFuture.get(AbstractFuture.java:508) ~[nacos-client-2.0.4.jar:na]
	at com.alibaba.nacos.common.remote.client.grpc.GrpcClient.serverCheck(GrpcClient.java:148) ~[nacos-client-2.0.4.jar:na]
	at com.alibaba.nacos.common.remote.client.grpc.GrpcClient.connectToServer(GrpcClient.java:264) ~[nacos-client-2.0.4.jar:na]
	at com.alibaba.nacos.common.remote.client.RpcClient.reconnect(RpcClient.java:522) ~[nacos-client-2.0.4.jar:na]
	at com.alibaba.nacos.common.remote.client.RpcClient.lambda$start$2(RpcClient.java:370) ~[nacos-client-2.0.4.jar:na]
	at java.base/java.util.concurrent.Executors$RunnableAdapter.call(Executors.java:515) ~[na:na]
	at java.base/java.util.concurrent.FutureTask.run(FutureTask.java:264) ~[na:na]
	at java.base/java.util.concurrent.ScheduledThreadPoolExecutor$ScheduledFutureTask.run(ScheduledThreadPoolExecutor.java:304) ~[na:na]
	at java.base/java.util.concurrent.ThreadPoolExecutor.runWorker(ThreadPoolExecutor.java:1128) ~[na:na]
	at java.base/java.util.concurrent.ThreadPoolExecutor$Worker.run(ThreadPoolExecutor.java:628) ~[na:na]
	at java.base/java.lang.Thread.run(Thread.java:834) ~[na:na]

17-39-31-664  INFO 3240 --- [com.alibaba.nacos.client.remote.worker] com.alibaba.nacos.common.remote.client   : [a244ca18-c11c-4d0a-90eb-25184f5cc6ca] Fail to connect server, after trying 304 times, last try server is {serverIp = '192.168.10.101', server main port = 8848}, error = unknown
17-39-33-649 ERROR 3240 --- [com.alibaba.nacos.client.naming.updater.0] com.alibaba.nacos.common.remote.client   : Send request fail, request = ServiceQueryRequest{headers={app=unknown}, requestId='null'}, retryTimes = 0, errorMessage = Client not connected, current status:UNHEALTHY
17-39-33-756 ERROR 3240 --- [com.alibaba.nacos.client.naming.updater.0] com.alibaba.nacos.common.remote.client   : Send request fail, request = ServiceQueryRequest{headers={app=unknown}, requestId='null'}, retryTimes = 1, errorMessage = Client not connected, current status:UNHEALTHY
17-39-33-865 ERROR 3240 --- [com.alibaba.nacos.client.naming.updater.0] com.alibaba.nacos.common.remote.client   : Send request fail, request = ServiceQueryRequest{headers={app=unknown}, requestId='null'}, retryTimes = 2, errorMessage = Client not connected, current status:UNHEALTHY
17-39-39-682 ERROR 3240 --- [com.alibaba.nacos.client.remote.worker] c.a.n.c.remote.client.grpc.GrpcClient    : Server check fail, please check server 192.168.10.101 ,port 9848 is available , error ={}

java.util.concurrent.TimeoutException: Waited 3000 milliseconds (plus 8 milliseconds, 251800 nanoseconds delay) for com.alibaba.nacos.shaded.io.grpc.stub.ClientCalls$GrpcFuture@3af5f355[status=PENDING, info=[GrpcFuture{clientCall={delegate={delegate=ClientCallImpl{method=MethodDescriptor{fullMethodName=Request/request, type=UNARY, idempotent=false, safe=false, sampledToLocalTracing=true, requestMarshaller=com.alibaba.nacos.shaded.io.grpc.protobuf.lite.ProtoLiteUtils$MessageMarshaller@24e11377, responseMarshaller=com.alibaba.nacos.shaded.io.grpc.protobuf.lite.ProtoLiteUtils$MessageMarshaller@424f5fa2, schemaDescriptor=com.alibaba.nacos.api.grpc.auto.RequestGrpc$RequestMethodDescriptorSupplier@56847fbc}}}}}]]
	at com.alibaba.nacos.shaded.com.google.common.util.concurrent.AbstractFuture.get(AbstractFuture.java:508) ~[nacos-client-2.0.4.jar:na]
	at com.alibaba.nacos.common.remote.client.grpc.GrpcClient.serverCheck(GrpcClient.java:148) ~[nacos-client-2.0.4.jar:na]
	at com.alibaba.nacos.common.remote.client.grpc.GrpcClient.connectToServer(GrpcClient.java:264) ~[nacos-client-2.0.4.jar:na]
	at com.alibaba.nacos.common.remote.client.RpcClient.reconnect(RpcClient.java:522) ~[nacos-client-2.0.4.jar:na]
	at com.alibaba.nacos.common.remote.client.RpcClient.lambda$start$2(RpcClient.java:370) ~[nacos-client-2.0.4.jar:na]
	at java.base/java.util.concurrent.Executors$RunnableAdapter.call(Executors.java:515) ~[na:na]
	at java.base/java.util.concurrent.FutureTask.run(FutureTask.java:264) ~[na:na]
	at java.base/java.util.concurrent.ScheduledThreadPoolExecutor$ScheduledFutureTask.run(ScheduledThreadPoolExecutor.java:304) ~[na:na]
	at java.base/java.util.concurrent.ThreadPoolExecutor.runWorker(ThreadPoolExecutor.java:1128) ~[na:na]
	at java.base/java.util.concurrent.ThreadPoolExecutor$Worker.run(ThreadPoolExecutor.java:628) ~[na:na]
	at java.base/java.lang.Thread.run(Thread.java:834) ~[na:na]

17-39-39-683  INFO 3240 --- [com.alibaba.nacos.client.remote.worker] com.alibaba.nacos.common.remote.client   : [a244ca18-c11c-4d0a-90eb-25184f5cc6ca] Fail to connect server, after trying 305 times, last try server is {serverIp = '192.168.10.101', server main port = 8848}, error = unknown
17-39-47-699 ERROR 3240 --- [com.alibaba.nacos.client.remote.worker] c.a.n.c.remote.client.grpc.GrpcClient    : Server check fail, please check server 192.168.10.101 ,port 9848 is available , error ={}

java.util.concurrent.TimeoutException: Waited 3000 milliseconds (plus 636000 nanoseconds delay) for com.alibaba.nacos.shaded.io.grpc.stub.ClientCalls$GrpcFuture@43da43bd[status=PENDING, info=[GrpcFuture{clientCall={delegate={delegate=ClientCallImpl{method=MethodDescriptor{fullMethodName=Request/request, type=UNARY, idempotent=false, safe=false, sampledToLocalTracing=true, requestMarshaller=com.alibaba.nacos.shaded.io.grpc.protobuf.lite.ProtoLiteUtils$MessageMarshaller@24e11377, responseMarshaller=com.alibaba.nacos.shaded.io.grpc.protobuf.lite.ProtoLiteUtils$MessageMarshaller@424f5fa2, schemaDescriptor=com.alibaba.nacos.api.grpc.auto.RequestGrpc$RequestMethodDescriptorSupplier@56847fbc}}}}}]]
	at com.alibaba.nacos.shaded.com.google.common.util.concurrent.AbstractFuture.get(AbstractFuture.java:508) ~[nacos-client-2.0.4.jar:na]
	at com.alibaba.nacos.common.remote.client.grpc.GrpcClient.serverCheck(GrpcClient.java:148) ~[nacos-client-2.0.4.jar:na]
	at com.alibaba.nacos.common.remote.client.grpc.GrpcClient.connectToServer(GrpcClient.java:264) ~[nacos-client-2.0.4.jar:na]
	at com.alibaba.nacos.common.remote.client.RpcClient.reconnect(RpcClient.java:522) ~[nacos-client-2.0.4.jar:na]
	at com.alibaba.nacos.common.remote.client.RpcClient.lambda$start$2(RpcClient.java:370) ~[nacos-client-2.0.4.jar:na]
	at java.base/java.util.concurrent.Executors$RunnableAdapter.call(Executors.java:515) ~[na:na]
	at java.base/java.util.concurrent.FutureTask.run(FutureTask.java:264) ~[na:na]
	at java.base/java.util.concurrent.ScheduledThreadPoolExecutor$ScheduledFutureTask.run(ScheduledThreadPoolExecutor.java:304) ~[na:na]
	at java.base/java.util.concurrent.ThreadPoolExecutor.runWorker(ThreadPoolExecutor.java:1128) ~[na:na]
	at java.base/java.util.concurrent.ThreadPoolExecutor$Worker.run(ThreadPoolExecutor.java:628) ~[na:na]
	at java.base/java.lang.Thread.run(Thread.java:834) ~[na:na]

17-39-47-700  INFO 3240 --- [com.alibaba.nacos.client.remote.worker] com.alibaba.nacos.common.remote.client   : [a244ca18-c11c-4d0a-90eb-25184f5cc6ca] Fail to connect server, after trying 306 times, last try server is {serverIp = '192.168.10.101', server main port = 8848}, error = unknown
17-39-55-734 ERROR 3240 --- [com.alibaba.nacos.client.remote.worker] c.a.n.c.remote.client.grpc.GrpcClient    : Server check fail, please check server 192.168.10.101 ,port 9848 is available , error ={}

java.util.concurrent.TimeoutException: Waited 3000 milliseconds (plus 15 milliseconds, 43800 nanoseconds delay) for com.alibaba.nacos.shaded.io.grpc.stub.ClientCalls$GrpcFuture@6dda5446[status=PENDING, info=[GrpcFuture{clientCall={delegate={delegate=ClientCallImpl{method=MethodDescriptor{fullMethodName=Request/request, type=UNARY, idempotent=false, safe=false, sampledToLocalTracing=true, requestMarshaller=com.alibaba.nacos.shaded.io.grpc.protobuf.lite.ProtoLiteUtils$MessageMarshaller@24e11377, responseMarshaller=com.alibaba.nacos.shaded.io.grpc.protobuf.lite.ProtoLiteUtils$MessageMarshaller@424f5fa2, schemaDescriptor=com.alibaba.nacos.api.grpc.auto.RequestGrpc$RequestMethodDescriptorSupplier@56847fbc}}}}}]]
	at com.alibaba.nacos.shaded.com.google.common.util.concurrent.AbstractFuture.get(AbstractFuture.java:508) ~[nacos-client-2.0.4.jar:na]
	at com.alibaba.nacos.common.remote.client.grpc.GrpcClient.serverCheck(GrpcClient.java:148) ~[nacos-client-2.0.4.jar:na]
	at com.alibaba.nacos.common.remote.client.grpc.GrpcClient.connectToServer(GrpcClient.java:264) ~[nacos-client-2.0.4.jar:na]
	at com.alibaba.nacos.common.remote.client.RpcClient.reconnect(RpcClient.java:522) ~[nacos-client-2.0.4.jar:na]
	at com.alibaba.nacos.common.remote.client.RpcClient.lambda$start$2(RpcClient.java:370) ~[nacos-client-2.0.4.jar:na]
	at java.base/java.util.concurrent.Executors$RunnableAdapter.call(Executors.java:515) ~[na:na]
	at java.base/java.util.concurrent.FutureTask.run(FutureTask.java:264) ~[na:na]
	at java.base/java.util.concurrent.ScheduledThreadPoolExecutor$ScheduledFutureTask.run(ScheduledThreadPoolExecutor.java:304) ~[na:na]
	at java.base/java.util.concurrent.ThreadPoolExecutor.runWorker(ThreadPoolExecutor.java:1128) ~[na:na]
	at java.base/java.util.concurrent.ThreadPoolExecutor$Worker.run(ThreadPoolExecutor.java:628) ~[na:na]
	at java.base/java.lang.Thread.run(Thread.java:834) ~[na:na]

17-39-55-736  INFO 3240 --- [com.alibaba.nacos.client.remote.worker] com.alibaba.nacos.common.remote.client   : [a244ca18-c11c-4d0a-90eb-25184f5cc6ca] Fail to connect server, after trying 307 times, last try server is {serverIp = '192.168.10.101', server main port = 8848}, error = unknown
17-40-03-763 ERROR 3240 --- [com.alibaba.nacos.client.remote.worker] c.a.n.c.remote.client.grpc.GrpcClient    : Server check fail, please check server 192.168.10.101 ,port 9848 is available , error ={}

java.util.concurrent.TimeoutException: Waited 3000 milliseconds (plus 10 milliseconds, 540600 nanoseconds delay) for com.alibaba.nacos.shaded.io.grpc.stub.ClientCalls$GrpcFuture@257ebfe[status=PENDING, info=[GrpcFuture{clientCall={delegate={delegate=ClientCallImpl{method=MethodDescriptor{fullMethodName=Request/request, type=UNARY, idempotent=false, safe=false, sampledToLocalTracing=true, requestMarshaller=com.alibaba.nacos.shaded.io.grpc.protobuf.lite.ProtoLiteUtils$MessageMarshaller@24e11377, responseMarshaller=com.alibaba.nacos.shaded.io.grpc.protobuf.lite.ProtoLiteUtils$MessageMarshaller@424f5fa2, schemaDescriptor=com.alibaba.nacos.api.grpc.auto.RequestGrpc$RequestMethodDescriptorSupplier@56847fbc}}}}}]]
	at com.alibaba.nacos.shaded.com.google.common.util.concurrent.AbstractFuture.get(AbstractFuture.java:508) ~[nacos-client-2.0.4.jar:na]
	at com.alibaba.nacos.common.remote.client.grpc.GrpcClient.serverCheck(GrpcClient.java:148) ~[nacos-client-2.0.4.jar:na]
	at com.alibaba.nacos.common.remote.client.grpc.GrpcClient.connectToServer(GrpcClient.java:264) ~[nacos-client-2.0.4.jar:na]
	at com.alibaba.nacos.common.remote.client.RpcClient.reconnect(RpcClient.java:522) ~[nacos-client-2.0.4.jar:na]
	at com.alibaba.nacos.common.remote.client.RpcClient.lambda$start$2(RpcClient.java:370) ~[nacos-client-2.0.4.jar:na]
	at java.base/java.util.concurrent.Executors$RunnableAdapter.call(Executors.java:515) ~[na:na]
	at java.base/java.util.concurrent.FutureTask.run(FutureTask.java:264) ~[na:na]
	at java.base/java.util.concurrent.ScheduledThreadPoolExecutor$ScheduledFutureTask.run(ScheduledThreadPoolExecutor.java:304) ~[na:na]
	at java.base/java.util.concurrent.ThreadPoolExecutor.runWorker(ThreadPoolExecutor.java:1128) ~[na:na]
	at java.base/java.util.concurrent.ThreadPoolExecutor$Worker.run(ThreadPoolExecutor.java:628) ~[na:na]
	at java.base/java.lang.Thread.run(Thread.java:834) ~[na:na]

17-40-03-765  INFO 3240 --- [com.alibaba.nacos.client.remote.worker] com.alibaba.nacos.common.remote.client   : [a244ca18-c11c-4d0a-90eb-25184f5cc6ca] Fail to connect server, after trying 308 times, last try server is {serverIp = '192.168.10.101', server main port = 8848}, error = unknown
17-40-11-768 ERROR 3240 --- [com.alibaba.nacos.client.remote.worker] c.a.n.c.remote.client.grpc.GrpcClient    : Server check fail, please check server 192.168.10.101 ,port 9848 is available , error ={}

java.util.concurrent.TimeoutException: Waited 3000 milliseconds (plus 656900 nanoseconds delay) for com.alibaba.nacos.shaded.io.grpc.stub.ClientCalls$GrpcFuture@2d8ac6a5[status=PENDING, info=[GrpcFuture{clientCall={delegate={delegate=ClientCallImpl{method=MethodDescriptor{fullMethodName=Request/request, type=UNARY, idempotent=false, safe=false, sampledToLocalTracing=true, requestMarshaller=com.alibaba.nacos.shaded.io.grpc.protobuf.lite.ProtoLiteUtils$MessageMarshaller@24e11377, responseMarshaller=com.alibaba.nacos.shaded.io.grpc.protobuf.lite.ProtoLiteUtils$MessageMarshaller@424f5fa2, schemaDescriptor=com.alibaba.nacos.api.grpc.auto.RequestGrpc$RequestMethodDescriptorSupplier@56847fbc}}}}}]]
	at com.alibaba.nacos.shaded.com.google.common.util.concurrent.AbstractFuture.get(AbstractFuture.java:508) ~[nacos-client-2.0.4.jar:na]
	at com.alibaba.nacos.common.remote.client.grpc.GrpcClient.serverCheck(GrpcClient.java:148) ~[nacos-client-2.0.4.jar:na]
	at com.alibaba.nacos.common.remote.client.grpc.GrpcClient.connectToServer(GrpcClient.java:264) ~[nacos-client-2.0.4.jar:na]
	at com.alibaba.nacos.common.remote.client.RpcClient.reconnect(RpcClient.java:522) ~[nacos-client-2.0.4.jar:na]
	at com.alibaba.nacos.common.remote.client.RpcClient.lambda$start$2(RpcClient.java:370) ~[nacos-client-2.0.4.jar:na]
	at java.base/java.util.concurrent.Executors$RunnableAdapter.call(Executors.java:515) ~[na:na]
	at java.base/java.util.concurrent.FutureTask.run(FutureTask.java:264) ~[na:na]
	at java.base/java.util.concurrent.ScheduledThreadPoolExecutor$ScheduledFutureTask.run(ScheduledThreadPoolExecutor.java:304) ~[na:na]
	at java.base/java.util.concurrent.ThreadPoolExecutor.runWorker(ThreadPoolExecutor.java:1128) ~[na:na]
	at java.base/java.util.concurrent.ThreadPoolExecutor$Worker.run(ThreadPoolExecutor.java:628) ~[na:na]
	at java.base/java.lang.Thread.run(Thread.java:834) ~[na:na]

17-40-11-770  INFO 3240 --- [com.alibaba.nacos.client.remote.worker] com.alibaba.nacos.common.remote.client   : [a244ca18-c11c-4d0a-90eb-25184f5cc6ca] Fail to connect server, after trying 309 times, last try server is {serverIp = '192.168.10.101', server main port = 8848}, error = unknown
17-40-19-800 ERROR 3240 --- [com.alibaba.nacos.client.remote.worker] c.a.n.c.remote.client.grpc.GrpcClient    : Server check fail, please check server 192.168.10.101 ,port 9848 is available , error ={}

java.util.concurrent.TimeoutException: Waited 3000 milliseconds (plus 13 milliseconds, 480600 nanoseconds delay) for com.alibaba.nacos.shaded.io.grpc.stub.ClientCalls$GrpcFuture@2780f1e[status=PENDING, info=[GrpcFuture{clientCall={delegate={delegate=ClientCallImpl{method=MethodDescriptor{fullMethodName=Request/request, type=UNARY, idempotent=false, safe=false, sampledToLocalTracing=true, requestMarshaller=com.alibaba.nacos.shaded.io.grpc.protobuf.lite.ProtoLiteUtils$MessageMarshaller@24e11377, responseMarshaller=com.alibaba.nacos.shaded.io.grpc.protobuf.lite.ProtoLiteUtils$MessageMarshaller@424f5fa2, schemaDescriptor=com.alibaba.nacos.api.grpc.auto.RequestGrpc$RequestMethodDescriptorSupplier@56847fbc}}}}}]]
	at com.alibaba.nacos.shaded.com.google.common.util.concurrent.AbstractFuture.get(AbstractFuture.java:508) ~[nacos-client-2.0.4.jar:na]
	at com.alibaba.nacos.common.remote.client.grpc.GrpcClient.serverCheck(GrpcClient.java:148) ~[nacos-client-2.0.4.jar:na]
	at com.alibaba.nacos.common.remote.client.grpc.GrpcClient.connectToServer(GrpcClient.java:264) ~[nacos-client-2.0.4.jar:na]
	at com.alibaba.nacos.common.remote.client.RpcClient.reconnect(RpcClient.java:522) ~[nacos-client-2.0.4.jar:na]
	at com.alibaba.nacos.common.remote.client.RpcClient.lambda$start$2(RpcClient.java:370) ~[nacos-client-2.0.4.jar:na]
	at java.base/java.util.concurrent.Executors$RunnableAdapter.call(Executors.java:515) ~[na:na]
	at java.base/java.util.concurrent.FutureTask.run(FutureTask.java:264) ~[na:na]
	at java.base/java.util.concurrent.ScheduledThreadPoolExecutor$ScheduledFutureTask.run(ScheduledThreadPoolExecutor.java:304) ~[na:na]
	at java.base/java.util.concurrent.ThreadPoolExecutor.runWorker(ThreadPoolExecutor.java:1128) ~[na:na]
	at java.base/java.util.concurrent.ThreadPoolExecutor$Worker.run(ThreadPoolExecutor.java:628) ~[na:na]
	at java.base/java.lang.Thread.run(Thread.java:834) ~[na:na]

17-40-19-802  INFO 3240 --- [com.alibaba.nacos.client.remote.worker] com.alibaba.nacos.common.remote.client   : [a244ca18-c11c-4d0a-90eb-25184f5cc6ca] Fail to connect server, after trying 310 times, last try server is {serverIp = '192.168.10.101', server main port = 8848}, error = unknown
17-40-27-831 ERROR 3240 --- [com.alibaba.nacos.client.remote.worker] c.a.n.c.remote.client.grpc.GrpcClient    : Server check fail, please check server 192.168.10.101 ,port 9848 is available , error ={}

java.util.concurrent.TimeoutException: Waited 3000 milliseconds (plus 15 milliseconds, 176700 nanoseconds delay) for com.alibaba.nacos.shaded.io.grpc.stub.ClientCalls$GrpcFuture@348b8e03[status=PENDING, info=[GrpcFuture{clientCall={delegate={delegate=ClientCallImpl{method=MethodDescriptor{fullMethodName=Request/request, type=UNARY, idempotent=false, safe=false, sampledToLocalTracing=true, requestMarshaller=com.alibaba.nacos.shaded.io.grpc.protobuf.lite.ProtoLiteUtils$MessageMarshaller@24e11377, responseMarshaller=com.alibaba.nacos.shaded.io.grpc.protobuf.lite.ProtoLiteUtils$MessageMarshaller@424f5fa2, schemaDescriptor=com.alibaba.nacos.api.grpc.auto.RequestGrpc$RequestMethodDescriptorSupplier@56847fbc}}}}}]]
	at com.alibaba.nacos.shaded.com.google.common.util.concurrent.AbstractFuture.get(AbstractFuture.java:508) ~[nacos-client-2.0.4.jar:na]
	at com.alibaba.nacos.common.remote.client.grpc.GrpcClient.serverCheck(GrpcClient.java:148) ~[nacos-client-2.0.4.jar:na]
	at com.alibaba.nacos.common.remote.client.grpc.GrpcClient.connectToServer(GrpcClient.java:264) ~[nacos-client-2.0.4.jar:na]
	at com.alibaba.nacos.common.remote.client.RpcClient.reconnect(RpcClient.java:522) ~[nacos-client-2.0.4.jar:na]
	at com.alibaba.nacos.common.remote.client.RpcClient.lambda$start$2(RpcClient.java:370) ~[nacos-client-2.0.4.jar:na]
	at java.base/java.util.concurrent.Executors$RunnableAdapter.call(Executors.java:515) ~[na:na]
	at java.base/java.util.concurrent.FutureTask.run(FutureTask.java:264) ~[na:na]
	at java.base/java.util.concurrent.ScheduledThreadPoolExecutor$ScheduledFutureTask.run(ScheduledThreadPoolExecutor.java:304) ~[na:na]
	at java.base/java.util.concurrent.ThreadPoolExecutor.runWorker(ThreadPoolExecutor.java:1128) ~[na:na]
	at java.base/java.util.concurrent.ThreadPoolExecutor$Worker.run(ThreadPoolExecutor.java:628) ~[na:na]
	at java.base/java.lang.Thread.run(Thread.java:834) ~[na:na]

17-40-27-833  INFO 3240 --- [com.alibaba.nacos.client.remote.worker] com.alibaba.nacos.common.remote.client   : [a244ca18-c11c-4d0a-90eb-25184f5cc6ca] Fail to connect server, after trying 311 times, last try server is {serverIp = '192.168.10.101', server main port = 8848}, error = unknown
17-40-33-985 ERROR 3240 --- [com.alibaba.nacos.client.naming.updater.0] com.alibaba.nacos.common.remote.client   : Send request fail, request = ServiceQueryRequest{headers={app=unknown}, requestId='null'}, retryTimes = 0, errorMessage = Client not connected, current status:UNHEALTHY
17-40-34-092 ERROR 3240 --- [com.alibaba.nacos.client.naming.updater.0] com.alibaba.nacos.common.remote.client   : Send request fail, request = ServiceQueryRequest{headers={app=unknown}, requestId='null'}, retryTimes = 1, errorMessage = Client not connected, current status:UNHEALTHY
17-40-34-200 ERROR 3240 --- [com.alibaba.nacos.client.naming.updater.0] com.alibaba.nacos.common.remote.client   : Send request fail, request = ServiceQueryRequest{headers={app=unknown}, requestId='null'}, retryTimes = 2, errorMessage = Client not connected, current status:UNHEALTHY
17-40-35-861 ERROR 3240 --- [com.alibaba.nacos.client.remote.worker] c.a.n.c.remote.client.grpc.GrpcClient    : Server check fail, please check server 192.168.10.101 ,port 9848 is available , error ={}

java.util.concurrent.TimeoutException: Waited 3000 milliseconds (plus 14 milliseconds, 702100 nanoseconds delay) for com.alibaba.nacos.shaded.io.grpc.stub.ClientCalls$GrpcFuture@14e345ed[status=PENDING, info=[GrpcFuture{clientCall={delegate={delegate=ClientCallImpl{method=MethodDescriptor{fullMethodName=Request/request, type=UNARY, idempotent=false, safe=false, sampledToLocalTracing=true, requestMarshaller=com.alibaba.nacos.shaded.io.grpc.protobuf.lite.ProtoLiteUtils$MessageMarshaller@24e11377, responseMarshaller=com.alibaba.nacos.shaded.io.grpc.protobuf.lite.ProtoLiteUtils$MessageMarshaller@424f5fa2, schemaDescriptor=com.alibaba.nacos.api.grpc.auto.RequestGrpc$RequestMethodDescriptorSupplier@56847fbc}}}}}]]
	at com.alibaba.nacos.shaded.com.google.common.util.concurrent.AbstractFuture.get(AbstractFuture.java:508) ~[nacos-client-2.0.4.jar:na]
	at com.alibaba.nacos.common.remote.client.grpc.GrpcClient.serverCheck(GrpcClient.java:148) ~[nacos-client-2.0.4.jar:na]
	at com.alibaba.nacos.common.remote.client.grpc.GrpcClient.connectToServer(GrpcClient.java:264) ~[nacos-client-2.0.4.jar:na]
	at com.alibaba.nacos.common.remote.client.RpcClient.reconnect(RpcClient.java:522) ~[nacos-client-2.0.4.jar:na]
	at com.alibaba.nacos.common.remote.client.RpcClient.lambda$start$2(RpcClient.java:370) ~[nacos-client-2.0.4.jar:na]
	at java.base/java.util.concurrent.Executors$RunnableAdapter.call(Executors.java:515) ~[na:na]
	at java.base/java.util.concurrent.FutureTask.run(FutureTask.java:264) ~[na:na]
	at java.base/java.util.concurrent.ScheduledThreadPoolExecutor$ScheduledFutureTask.run(ScheduledThreadPoolExecutor.java:304) ~[na:na]
	at java.base/java.util.concurrent.ThreadPoolExecutor.runWorker(ThreadPoolExecutor.java:1128) ~[na:na]
	at java.base/java.util.concurrent.ThreadPoolExecutor$Worker.run(ThreadPoolExecutor.java:628) ~[na:na]
	at java.base/java.lang.Thread.run(Thread.java:834) ~[na:na]

17-40-35-862  INFO 3240 --- [com.alibaba.nacos.client.remote.worker] com.alibaba.nacos.common.remote.client   : [a244ca18-c11c-4d0a-90eb-25184f5cc6ca] Fail to connect server, after trying 312 times, last try server is {serverIp = '192.168.10.101', server main port = 8848}, error = unknown
17-40-43-889 ERROR 3240 --- [com.alibaba.nacos.client.remote.worker] c.a.n.c.remote.client.grpc.GrpcClient    : Server check fail, please check server 192.168.10.101 ,port 9848 is available , error ={}

java.util.concurrent.TimeoutException: Waited 3000 milliseconds (plus 13 milliseconds, 255400 nanoseconds delay) for com.alibaba.nacos.shaded.io.grpc.stub.ClientCalls$GrpcFuture@66fea294[status=PENDING, info=[GrpcFuture{clientCall={delegate={delegate=ClientCallImpl{method=MethodDescriptor{fullMethodName=Request/request, type=UNARY, idempotent=false, safe=false, sampledToLocalTracing=true, requestMarshaller=com.alibaba.nacos.shaded.io.grpc.protobuf.lite.ProtoLiteUtils$MessageMarshaller@24e11377, responseMarshaller=com.alibaba.nacos.shaded.io.grpc.protobuf.lite.ProtoLiteUtils$MessageMarshaller@424f5fa2, schemaDescriptor=com.alibaba.nacos.api.grpc.auto.RequestGrpc$RequestMethodDescriptorSupplier@56847fbc}}}}}]]
	at com.alibaba.nacos.shaded.com.google.common.util.concurrent.AbstractFuture.get(AbstractFuture.java:508) ~[nacos-client-2.0.4.jar:na]
	at com.alibaba.nacos.common.remote.client.grpc.GrpcClient.serverCheck(GrpcClient.java:148) ~[nacos-client-2.0.4.jar:na]
	at com.alibaba.nacos.common.remote.client.grpc.GrpcClient.connectToServer(GrpcClient.java:264) ~[nacos-client-2.0.4.jar:na]
	at com.alibaba.nacos.common.remote.client.RpcClient.reconnect(RpcClient.java:522) ~[nacos-client-2.0.4.jar:na]
	at com.alibaba.nacos.common.remote.client.RpcClient.lambda$start$2(RpcClient.java:370) ~[nacos-client-2.0.4.jar:na]
	at java.base/java.util.concurrent.Executors$RunnableAdapter.call(Executors.java:515) ~[na:na]
	at java.base/java.util.concurrent.FutureTask.run(FutureTask.java:264) ~[na:na]
	at java.base/java.util.concurrent.ScheduledThreadPoolExecutor$ScheduledFutureTask.run(ScheduledThreadPoolExecutor.java:304) ~[na:na]
	at java.base/java.util.concurrent.ThreadPoolExecutor.runWorker(ThreadPoolExecutor.java:1128) ~[na:na]
	at java.base/java.util.concurrent.ThreadPoolExecutor$Worker.run(ThreadPoolExecutor.java:628) ~[na:na]
	at java.base/java.lang.Thread.run(Thread.java:834) ~[na:na]

17-40-43-891  INFO 3240 --- [com.alibaba.nacos.client.remote.worker] com.alibaba.nacos.common.remote.client   : [a244ca18-c11c-4d0a-90eb-25184f5cc6ca] Fail to connect server, after trying 313 times, last try server is {serverIp = '192.168.10.101', server main port = 8848}, error = unknown
17-40-51-919 ERROR 3240 --- [com.alibaba.nacos.client.remote.worker] c.a.n.c.remote.client.grpc.GrpcClient    : Server check fail, please check server 192.168.10.101 ,port 9848 is available , error ={}

java.util.concurrent.TimeoutException: Waited 3000 milliseconds (plus 13 milliseconds, 414900 nanoseconds delay) for com.alibaba.nacos.shaded.io.grpc.stub.ClientCalls$GrpcFuture@50a74abc[status=PENDING, info=[GrpcFuture{clientCall={delegate={delegate=ClientCallImpl{method=MethodDescriptor{fullMethodName=Request/request, type=UNARY, idempotent=false, safe=false, sampledToLocalTracing=true, requestMarshaller=com.alibaba.nacos.shaded.io.grpc.protobuf.lite.ProtoLiteUtils$MessageMarshaller@24e11377, responseMarshaller=com.alibaba.nacos.shaded.io.grpc.protobuf.lite.ProtoLiteUtils$MessageMarshaller@424f5fa2, schemaDescriptor=com.alibaba.nacos.api.grpc.auto.RequestGrpc$RequestMethodDescriptorSupplier@56847fbc}}}}}]]
	at com.alibaba.nacos.shaded.com.google.common.util.concurrent.AbstractFuture.get(AbstractFuture.java:508) ~[nacos-client-2.0.4.jar:na]
	at com.alibaba.nacos.common.remote.client.grpc.GrpcClient.serverCheck(GrpcClient.java:148) ~[nacos-client-2.0.4.jar:na]
	at com.alibaba.nacos.common.remote.client.grpc.GrpcClient.connectToServer(GrpcClient.java:264) ~[nacos-client-2.0.4.jar:na]
	at com.alibaba.nacos.common.remote.client.RpcClient.reconnect(RpcClient.java:522) ~[nacos-client-2.0.4.jar:na]
	at com.alibaba.nacos.common.remote.client.RpcClient.lambda$start$2(RpcClient.java:370) ~[nacos-client-2.0.4.jar:na]
	at java.base/java.util.concurrent.Executors$RunnableAdapter.call(Executors.java:515) ~[na:na]
	at java.base/java.util.concurrent.FutureTask.run(FutureTask.java:264) ~[na:na]
	at java.base/java.util.concurrent.ScheduledThreadPoolExecutor$ScheduledFutureTask.run(ScheduledThreadPoolExecutor.java:304) ~[na:na]
	at java.base/java.util.concurrent.ThreadPoolExecutor.runWorker(ThreadPoolExecutor.java:1128) ~[na:na]
	at java.base/java.util.concurrent.ThreadPoolExecutor$Worker.run(ThreadPoolExecutor.java:628) ~[na:na]
	at java.base/java.lang.Thread.run(Thread.java:834) ~[na:na]

17-40-51-922  INFO 3240 --- [com.alibaba.nacos.client.remote.worker] com.alibaba.nacos.common.remote.client   : [a244ca18-c11c-4d0a-90eb-25184f5cc6ca] Fail to connect server, after trying 314 times, last try server is {serverIp = '192.168.10.101', server main port = 8848}, error = unknown
17-40-59-936 ERROR 3240 --- [com.alibaba.nacos.client.remote.worker] c.a.n.c.remote.client.grpc.GrpcClient    : Server check fail, please check server 192.168.10.101 ,port 9848 is available , error ={}

java.util.concurrent.TimeoutException: Waited 3000 milliseconds (plus 1 milliseconds, 101100 nanoseconds delay) for com.alibaba.nacos.shaded.io.grpc.stub.ClientCalls$GrpcFuture@299feac3[status=PENDING, info=[GrpcFuture{clientCall={delegate={delegate=ClientCallImpl{method=MethodDescriptor{fullMethodName=Request/request, type=UNARY, idempotent=false, safe=false, sampledToLocalTracing=true, requestMarshaller=com.alibaba.nacos.shaded.io.grpc.protobuf.lite.ProtoLiteUtils$MessageMarshaller@24e11377, responseMarshaller=com.alibaba.nacos.shaded.io.grpc.protobuf.lite.ProtoLiteUtils$MessageMarshaller@424f5fa2, schemaDescriptor=com.alibaba.nacos.api.grpc.auto.RequestGrpc$RequestMethodDescriptorSupplier@56847fbc}}}}}]]
	at com.alibaba.nacos.shaded.com.google.common.util.concurrent.AbstractFuture.get(AbstractFuture.java:508) ~[nacos-client-2.0.4.jar:na]
	at com.alibaba.nacos.common.remote.client.grpc.GrpcClient.serverCheck(GrpcClient.java:148) ~[nacos-client-2.0.4.jar:na]
	at com.alibaba.nacos.common.remote.client.grpc.GrpcClient.connectToServer(GrpcClient.java:264) ~[nacos-client-2.0.4.jar:na]
	at com.alibaba.nacos.common.remote.client.RpcClient.reconnect(RpcClient.java:522) ~[nacos-client-2.0.4.jar:na]
	at com.alibaba.nacos.common.remote.client.RpcClient.lambda$start$2(RpcClient.java:370) ~[nacos-client-2.0.4.jar:na]
	at java.base/java.util.concurrent.Executors$RunnableAdapter.call(Executors.java:515) ~[na:na]
	at java.base/java.util.concurrent.FutureTask.run(FutureTask.java:264) ~[na:na]
	at java.base/java.util.concurrent.ScheduledThreadPoolExecutor$ScheduledFutureTask.run(ScheduledThreadPoolExecutor.java:304) ~[na:na]
	at java.base/java.util.concurrent.ThreadPoolExecutor.runWorker(ThreadPoolExecutor.java:1128) ~[na:na]
	at java.base/java.util.concurrent.ThreadPoolExecutor$Worker.run(ThreadPoolExecutor.java:628) ~[na:na]
	at java.base/java.lang.Thread.run(Thread.java:834) ~[na:na]

17-40-59-938  INFO 3240 --- [com.alibaba.nacos.client.remote.worker] com.alibaba.nacos.common.remote.client   : [a244ca18-c11c-4d0a-90eb-25184f5cc6ca] Fail to connect server, after trying 315 times, last try server is {serverIp = '192.168.10.101', server main port = 8848}, error = unknown
17-41-07-951 ERROR 3240 --- [com.alibaba.nacos.client.remote.worker] c.a.n.c.remote.client.grpc.GrpcClient    : Server check fail, please check server 192.168.10.101 ,port 9848 is available , error ={}

java.util.concurrent.TimeoutException: Waited 3000 milliseconds (plus 1 milliseconds, 161700 nanoseconds delay) for com.alibaba.nacos.shaded.io.grpc.stub.ClientCalls$GrpcFuture@6f4869b6[status=PENDING, info=[GrpcFuture{clientCall={delegate={delegate=ClientCallImpl{method=MethodDescriptor{fullMethodName=Request/request, type=UNARY, idempotent=false, safe=false, sampledToLocalTracing=true, requestMarshaller=com.alibaba.nacos.shaded.io.grpc.protobuf.lite.ProtoLiteUtils$MessageMarshaller@24e11377, responseMarshaller=com.alibaba.nacos.shaded.io.grpc.protobuf.lite.ProtoLiteUtils$MessageMarshaller@424f5fa2, schemaDescriptor=com.alibaba.nacos.api.grpc.auto.RequestGrpc$RequestMethodDescriptorSupplier@56847fbc}}}}}]]
	at com.alibaba.nacos.shaded.com.google.common.util.concurrent.AbstractFuture.get(AbstractFuture.java:508) ~[nacos-client-2.0.4.jar:na]
	at com.alibaba.nacos.common.remote.client.grpc.GrpcClient.serverCheck(GrpcClient.java:148) ~[nacos-client-2.0.4.jar:na]
	at com.alibaba.nacos.common.remote.client.grpc.GrpcClient.connectToServer(GrpcClient.java:264) ~[nacos-client-2.0.4.jar:na]
	at com.alibaba.nacos.common.remote.client.RpcClient.reconnect(RpcClient.java:522) ~[nacos-client-2.0.4.jar:na]
	at com.alibaba.nacos.common.remote.client.RpcClient.lambda$start$2(RpcClient.java:370) ~[nacos-client-2.0.4.jar:na]
	at java.base/java.util.concurrent.Executors$RunnableAdapter.call(Executors.java:515) ~[na:na]
	at java.base/java.util.concurrent.FutureTask.run(FutureTask.java:264) ~[na:na]
	at java.base/java.util.concurrent.ScheduledThreadPoolExecutor$ScheduledFutureTask.run(ScheduledThreadPoolExecutor.java:304) ~[na:na]
	at java.base/java.util.concurrent.ThreadPoolExecutor.runWorker(ThreadPoolExecutor.java:1128) ~[na:na]
	at java.base/java.util.concurrent.ThreadPoolExecutor$Worker.run(ThreadPoolExecutor.java:628) ~[na:na]
	at java.base/java.lang.Thread.run(Thread.java:834) ~[na:na]

17-41-07-953  INFO 3240 --- [com.alibaba.nacos.client.remote.worker] com.alibaba.nacos.common.remote.client   : [a244ca18-c11c-4d0a-90eb-25184f5cc6ca] Fail to connect server, after trying 316 times, last try server is {serverIp = '192.168.10.101', server main port = 8848}, error = unknown
17-41-15-979 ERROR 3240 --- [com.alibaba.nacos.client.remote.worker] c.a.n.c.remote.client.grpc.GrpcClient    : Server check fail, please check server 192.168.10.101 ,port 9848 is available , error ={}

java.util.concurrent.TimeoutException: Waited 3000 milliseconds (plus 11 milliseconds, 229700 nanoseconds delay) for com.alibaba.nacos.shaded.io.grpc.stub.ClientCalls$GrpcFuture@6c446281[status=PENDING, info=[GrpcFuture{clientCall={delegate={delegate=ClientCallImpl{method=MethodDescriptor{fullMethodName=Request/request, type=UNARY, idempotent=false, safe=false, sampledToLocalTracing=true, requestMarshaller=com.alibaba.nacos.shaded.io.grpc.protobuf.lite.ProtoLiteUtils$MessageMarshaller@24e11377, responseMarshaller=com.alibaba.nacos.shaded.io.grpc.protobuf.lite.ProtoLiteUtils$MessageMarshaller@424f5fa2, schemaDescriptor=com.alibaba.nacos.api.grpc.auto.RequestGrpc$RequestMethodDescriptorSupplier@56847fbc}}}}}]]
	at com.alibaba.nacos.shaded.com.google.common.util.concurrent.AbstractFuture.get(AbstractFuture.java:508) ~[nacos-client-2.0.4.jar:na]
	at com.alibaba.nacos.common.remote.client.grpc.GrpcClient.serverCheck(GrpcClient.java:148) ~[nacos-client-2.0.4.jar:na]
	at com.alibaba.nacos.common.remote.client.grpc.GrpcClient.connectToServer(GrpcClient.java:264) ~[nacos-client-2.0.4.jar:na]
	at com.alibaba.nacos.common.remote.client.RpcClient.reconnect(RpcClient.java:522) ~[nacos-client-2.0.4.jar:na]
	at com.alibaba.nacos.common.remote.client.RpcClient.lambda$start$2(RpcClient.java:370) ~[nacos-client-2.0.4.jar:na]
	at java.base/java.util.concurrent.Executors$RunnableAdapter.call(Executors.java:515) ~[na:na]
	at java.base/java.util.concurrent.FutureTask.run(FutureTask.java:264) ~[na:na]
	at java.base/java.util.concurrent.ScheduledThreadPoolExecutor$ScheduledFutureTask.run(ScheduledThreadPoolExecutor.java:304) ~[na:na]
	at java.base/java.util.concurrent.ThreadPoolExecutor.runWorker(ThreadPoolExecutor.java:1128) ~[na:na]
	at java.base/java.util.concurrent.ThreadPoolExecutor$Worker.run(ThreadPoolExecutor.java:628) ~[na:na]
	at java.base/java.lang.Thread.run(Thread.java:834) ~[na:na]

17-41-15-980  INFO 3240 --- [com.alibaba.nacos.client.remote.worker] com.alibaba.nacos.common.remote.client   : [a244ca18-c11c-4d0a-90eb-25184f5cc6ca] Fail to connect server, after trying 317 times, last try server is {serverIp = '192.168.10.101', server main port = 8848}, error = unknown
17-41-24-011 ERROR 3240 --- [com.alibaba.nacos.client.remote.worker] c.a.n.c.remote.client.grpc.GrpcClient    : Server check fail, please check server 192.168.10.101 ,port 9848 is available , error ={}

java.util.concurrent.TimeoutException: Waited 3000 milliseconds (plus 13 milliseconds, 330300 nanoseconds delay) for com.alibaba.nacos.shaded.io.grpc.stub.ClientCalls$GrpcFuture@5d0af875[status=PENDING, info=[GrpcFuture{clientCall={delegate={delegate=ClientCallImpl{method=MethodDescriptor{fullMethodName=Request/request, type=UNARY, idempotent=false, safe=false, sampledToLocalTracing=true, requestMarshaller=com.alibaba.nacos.shaded.io.grpc.protobuf.lite.ProtoLiteUtils$MessageMarshaller@24e11377, responseMarshaller=com.alibaba.nacos.shaded.io.grpc.protobuf.lite.ProtoLiteUtils$MessageMarshaller@424f5fa2, schemaDescriptor=com.alibaba.nacos.api.grpc.auto.RequestGrpc$RequestMethodDescriptorSupplier@56847fbc}}}}}]]
	at com.alibaba.nacos.shaded.com.google.common.util.concurrent.AbstractFuture.get(AbstractFuture.java:508) ~[nacos-client-2.0.4.jar:na]
	at com.alibaba.nacos.common.remote.client.grpc.GrpcClient.serverCheck(GrpcClient.java:148) ~[nacos-client-2.0.4.jar:na]
	at com.alibaba.nacos.common.remote.client.grpc.GrpcClient.connectToServer(GrpcClient.java:264) ~[nacos-client-2.0.4.jar:na]
	at com.alibaba.nacos.common.remote.client.RpcClient.reconnect(RpcClient.java:522) ~[nacos-client-2.0.4.jar:na]
	at com.alibaba.nacos.common.remote.client.RpcClient.lambda$start$2(RpcClient.java:370) ~[nacos-client-2.0.4.jar:na]
	at java.base/java.util.concurrent.Executors$RunnableAdapter.call(Executors.java:515) ~[na:na]
	at java.base/java.util.concurrent.FutureTask.run(FutureTask.java:264) ~[na:na]
	at java.base/java.util.concurrent.ScheduledThreadPoolExecutor$ScheduledFutureTask.run(ScheduledThreadPoolExecutor.java:304) ~[na:na]
	at java.base/java.util.concurrent.ThreadPoolExecutor.runWorker(ThreadPoolExecutor.java:1128) ~[na:na]
	at java.base/java.util.concurrent.ThreadPoolExecutor$Worker.run(ThreadPoolExecutor.java:628) ~[na:na]
	at java.base/java.lang.Thread.run(Thread.java:834) ~[na:na]

17-41-24-012  INFO 3240 --- [com.alibaba.nacos.client.remote.worker] com.alibaba.nacos.common.remote.client   : [a244ca18-c11c-4d0a-90eb-25184f5cc6ca] Fail to connect server, after trying 318 times, last try server is {serverIp = '192.168.10.101', server main port = 8848}, error = unknown
17-41-32-047 ERROR 3240 --- [com.alibaba.nacos.client.remote.worker] c.a.n.c.remote.client.grpc.GrpcClient    : Server check fail, please check server 192.168.10.101 ,port 9848 is available , error ={}

java.util.concurrent.TimeoutException: Waited 3000 milliseconds (plus 14 milliseconds, 69900 nanoseconds delay) for com.alibaba.nacos.shaded.io.grpc.stub.ClientCalls$GrpcFuture@c28ab12[status=PENDING, info=[GrpcFuture{clientCall={delegate={delegate=ClientCallImpl{method=MethodDescriptor{fullMethodName=Request/request, type=UNARY, idempotent=false, safe=false, sampledToLocalTracing=true, requestMarshaller=com.alibaba.nacos.shaded.io.grpc.protobuf.lite.ProtoLiteUtils$MessageMarshaller@24e11377, responseMarshaller=com.alibaba.nacos.shaded.io.grpc.protobuf.lite.ProtoLiteUtils$MessageMarshaller@424f5fa2, schemaDescriptor=com.alibaba.nacos.api.grpc.auto.RequestGrpc$RequestMethodDescriptorSupplier@56847fbc}}}}}]]
	at com.alibaba.nacos.shaded.com.google.common.util.concurrent.AbstractFuture.get(AbstractFuture.java:508) ~[nacos-client-2.0.4.jar:na]
	at com.alibaba.nacos.common.remote.client.grpc.GrpcClient.serverCheck(GrpcClient.java:148) ~[nacos-client-2.0.4.jar:na]
	at com.alibaba.nacos.common.remote.client.grpc.GrpcClient.connectToServer(GrpcClient.java:264) ~[nacos-client-2.0.4.jar:na]
	at com.alibaba.nacos.common.remote.client.RpcClient.reconnect(RpcClient.java:522) ~[nacos-client-2.0.4.jar:na]
	at com.alibaba.nacos.common.remote.client.RpcClient.lambda$start$2(RpcClient.java:370) ~[nacos-client-2.0.4.jar:na]
	at java.base/java.util.concurrent.Executors$RunnableAdapter.call(Executors.java:515) ~[na:na]
	at java.base/java.util.concurrent.FutureTask.run(FutureTask.java:264) ~[na:na]
	at java.base/java.util.concurrent.ScheduledThreadPoolExecutor$ScheduledFutureTask.run(ScheduledThreadPoolExecutor.java:304) ~[na:na]
	at java.base/java.util.concurrent.ThreadPoolExecutor.runWorker(ThreadPoolExecutor.java:1128) ~[na:na]
	at java.base/java.util.concurrent.ThreadPoolExecutor$Worker.run(ThreadPoolExecutor.java:628) ~[na:na]
	at java.base/java.lang.Thread.run(Thread.java:834) ~[na:na]

17-41-32-049  INFO 3240 --- [com.alibaba.nacos.client.remote.worker] com.alibaba.nacos.common.remote.client   : [a244ca18-c11c-4d0a-90eb-25184f5cc6ca] Fail to connect server, after trying 319 times, last try server is {serverIp = '192.168.10.101', server main port = 8848}, error = unknown
17-41-34-323 ERROR 3240 --- [com.alibaba.nacos.client.naming.updater.0] com.alibaba.nacos.common.remote.client   : Send request fail, request = ServiceQueryRequest{headers={app=unknown}, requestId='null'}, retryTimes = 0, errorMessage = Client not connected, current status:UNHEALTHY
17-41-34-431 ERROR 3240 --- [com.alibaba.nacos.client.naming.updater.0] com.alibaba.nacos.common.remote.client   : Send request fail, request = ServiceQueryRequest{headers={app=unknown}, requestId='null'}, retryTimes = 1, errorMessage = Client not connected, current status:UNHEALTHY
17-41-34-538 ERROR 3240 --- [com.alibaba.nacos.client.naming.updater.0] com.alibaba.nacos.common.remote.client   : Send request fail, request = ServiceQueryRequest{headers={app=unknown}, requestId='null'}, retryTimes = 2, errorMessage = Client not connected, current status:UNHEALTHY
17-41-40-081 ERROR 3240 --- [com.alibaba.nacos.client.remote.worker] c.a.n.c.remote.client.grpc.GrpcClient    : Server check fail, please check server 192.168.10.101 ,port 9848 is available , error ={}

java.util.concurrent.TimeoutException: Waited 3000 milliseconds (plus 14 milliseconds, 557800 nanoseconds delay) for com.alibaba.nacos.shaded.io.grpc.stub.ClientCalls$GrpcFuture@3b379485[status=PENDING, info=[GrpcFuture{clientCall={delegate={delegate=ClientCallImpl{method=MethodDescriptor{fullMethodName=Request/request, type=UNARY, idempotent=false, safe=false, sampledToLocalTracing=true, requestMarshaller=com.alibaba.nacos.shaded.io.grpc.protobuf.lite.ProtoLiteUtils$MessageMarshaller@24e11377, responseMarshaller=com.alibaba.nacos.shaded.io.grpc.protobuf.lite.ProtoLiteUtils$MessageMarshaller@424f5fa2, schemaDescriptor=com.alibaba.nacos.api.grpc.auto.RequestGrpc$RequestMethodDescriptorSupplier@56847fbc}}}}}]]
	at com.alibaba.nacos.shaded.com.google.common.util.concurrent.AbstractFuture.get(AbstractFuture.java:508) ~[nacos-client-2.0.4.jar:na]
	at com.alibaba.nacos.common.remote.client.grpc.GrpcClient.serverCheck(GrpcClient.java:148) ~[nacos-client-2.0.4.jar:na]
	at com.alibaba.nacos.common.remote.client.grpc.GrpcClient.connectToServer(GrpcClient.java:264) ~[nacos-client-2.0.4.jar:na]
	at com.alibaba.nacos.common.remote.client.RpcClient.reconnect(RpcClient.java:522) ~[nacos-client-2.0.4.jar:na]
	at com.alibaba.nacos.common.remote.client.RpcClient.lambda$start$2(RpcClient.java:370) ~[nacos-client-2.0.4.jar:na]
	at java.base/java.util.concurrent.Executors$RunnableAdapter.call(Executors.java:515) ~[na:na]
	at java.base/java.util.concurrent.FutureTask.run(FutureTask.java:264) ~[na:na]
	at java.base/java.util.concurrent.ScheduledThreadPoolExecutor$ScheduledFutureTask.run(ScheduledThreadPoolExecutor.java:304) ~[na:na]
	at java.base/java.util.concurrent.ThreadPoolExecutor.runWorker(ThreadPoolExecutor.java:1128) ~[na:na]
	at java.base/java.util.concurrent.ThreadPoolExecutor$Worker.run(ThreadPoolExecutor.java:628) ~[na:na]
	at java.base/java.lang.Thread.run(Thread.java:834) ~[na:na]

17-41-40-083  INFO 3240 --- [com.alibaba.nacos.client.remote.worker] com.alibaba.nacos.common.remote.client   : [a244ca18-c11c-4d0a-90eb-25184f5cc6ca] Fail to connect server, after trying 320 times, last try server is {serverIp = '192.168.10.101', server main port = 8848}, error = unknown
17-41-48-089 ERROR 3240 --- [com.alibaba.nacos.client.remote.worker] c.a.n.c.remote.client.grpc.GrpcClient    : Server check fail, please check server 192.168.10.101 ,port 9848 is available , error ={}

java.util.concurrent.TimeoutException: Waited 3000 milliseconds (plus 617100 nanoseconds delay) for com.alibaba.nacos.shaded.io.grpc.stub.ClientCalls$GrpcFuture@53be5984[status=PENDING, info=[GrpcFuture{clientCall={delegate={delegate=ClientCallImpl{method=MethodDescriptor{fullMethodName=Request/request, type=UNARY, idempotent=false, safe=false, sampledToLocalTracing=true, requestMarshaller=com.alibaba.nacos.shaded.io.grpc.protobuf.lite.ProtoLiteUtils$MessageMarshaller@24e11377, responseMarshaller=com.alibaba.nacos.shaded.io.grpc.protobuf.lite.ProtoLiteUtils$MessageMarshaller@424f5fa2, schemaDescriptor=com.alibaba.nacos.api.grpc.auto.RequestGrpc$RequestMethodDescriptorSupplier@56847fbc}}}}}]]
	at com.alibaba.nacos.shaded.com.google.common.util.concurrent.AbstractFuture.get(AbstractFuture.java:508) ~[nacos-client-2.0.4.jar:na]
	at com.alibaba.nacos.common.remote.client.grpc.GrpcClient.serverCheck(GrpcClient.java:148) ~[nacos-client-2.0.4.jar:na]
	at com.alibaba.nacos.common.remote.client.grpc.GrpcClient.connectToServer(GrpcClient.java:264) ~[nacos-client-2.0.4.jar:na]
	at com.alibaba.nacos.common.remote.client.RpcClient.reconnect(RpcClient.java:522) ~[nacos-client-2.0.4.jar:na]
	at com.alibaba.nacos.common.remote.client.RpcClient.lambda$start$2(RpcClient.java:370) ~[nacos-client-2.0.4.jar:na]
	at java.base/java.util.concurrent.Executors$RunnableAdapter.call(Executors.java:515) ~[na:na]
	at java.base/java.util.concurrent.FutureTask.run(FutureTask.java:264) ~[na:na]
	at java.base/java.util.concurrent.ScheduledThreadPoolExecutor$ScheduledFutureTask.run(ScheduledThreadPoolExecutor.java:304) ~[na:na]
	at java.base/java.util.concurrent.ThreadPoolExecutor.runWorker(ThreadPoolExecutor.java:1128) ~[na:na]
	at java.base/java.util.concurrent.ThreadPoolExecutor$Worker.run(ThreadPoolExecutor.java:628) ~[na:na]
	at java.base/java.lang.Thread.run(Thread.java:834) ~[na:na]

17-41-48-090  INFO 3240 --- [com.alibaba.nacos.client.remote.worker] com.alibaba.nacos.common.remote.client   : [a244ca18-c11c-4d0a-90eb-25184f5cc6ca] Fail to connect server, after trying 321 times, last try server is {serverIp = '192.168.10.101', server main port = 8848}, error = unknown
17-41-56-107 ERROR 3240 --- [com.alibaba.nacos.client.remote.worker] c.a.n.c.remote.client.grpc.GrpcClient    : Server check fail, please check server 192.168.10.101 ,port 9848 is available , error ={}

java.util.concurrent.TimeoutException: Waited 3000 milliseconds (plus 1 milliseconds, 292200 nanoseconds delay) for com.alibaba.nacos.shaded.io.grpc.stub.ClientCalls$GrpcFuture@7d851a5c[status=PENDING, info=[GrpcFuture{clientCall={delegate={delegate=ClientCallImpl{method=MethodDescriptor{fullMethodName=Request/request, type=UNARY, idempotent=false, safe=false, sampledToLocalTracing=true, requestMarshaller=com.alibaba.nacos.shaded.io.grpc.protobuf.lite.ProtoLiteUtils$MessageMarshaller@24e11377, responseMarshaller=com.alibaba.nacos.shaded.io.grpc.protobuf.lite.ProtoLiteUtils$MessageMarshaller@424f5fa2, schemaDescriptor=com.alibaba.nacos.api.grpc.auto.RequestGrpc$RequestMethodDescriptorSupplier@56847fbc}}}}}]]
	at com.alibaba.nacos.shaded.com.google.common.util.concurrent.AbstractFuture.get(AbstractFuture.java:508) ~[nacos-client-2.0.4.jar:na]
	at com.alibaba.nacos.common.remote.client.grpc.GrpcClient.serverCheck(GrpcClient.java:148) ~[nacos-client-2.0.4.jar:na]
	at com.alibaba.nacos.common.remote.client.grpc.GrpcClient.connectToServer(GrpcClient.java:264) ~[nacos-client-2.0.4.jar:na]
	at com.alibaba.nacos.common.remote.client.RpcClient.reconnect(RpcClient.java:522) ~[nacos-client-2.0.4.jar:na]
	at com.alibaba.nacos.common.remote.client.RpcClient.lambda$start$2(RpcClient.java:370) ~[nacos-client-2.0.4.jar:na]
	at java.base/java.util.concurrent.Executors$RunnableAdapter.call(Executors.java:515) ~[na:na]
	at java.base/java.util.concurrent.FutureTask.run(FutureTask.java:264) ~[na:na]
	at java.base/java.util.concurrent.ScheduledThreadPoolExecutor$ScheduledFutureTask.run(ScheduledThreadPoolExecutor.java:304) ~[na:na]
	at java.base/java.util.concurrent.ThreadPoolExecutor.runWorker(ThreadPoolExecutor.java:1128) ~[na:na]
	at java.base/java.util.concurrent.ThreadPoolExecutor$Worker.run(ThreadPoolExecutor.java:628) ~[na:na]
	at java.base/java.lang.Thread.run(Thread.java:834) ~[na:na]

17-41-56-110  INFO 3240 --- [com.alibaba.nacos.client.remote.worker] com.alibaba.nacos.common.remote.client   : [a244ca18-c11c-4d0a-90eb-25184f5cc6ca] Fail to connect server, after trying 322 times, last try server is {serverIp = '192.168.10.101', server main port = 8848}, error = unknown
17-42-04-128 ERROR 3240 --- [com.alibaba.nacos.client.remote.worker] c.a.n.c.remote.client.grpc.GrpcClient    : Server check fail, please check server 192.168.10.101 ,port 9848 is available , error ={}

java.util.concurrent.TimeoutException: Waited 3000 milliseconds (plus 87100 nanoseconds delay) for com.alibaba.nacos.shaded.io.grpc.stub.ClientCalls$GrpcFuture@a822c76[status=PENDING, info=[GrpcFuture{clientCall={delegate={delegate=ClientCallImpl{method=MethodDescriptor{fullMethodName=Request/request, type=UNARY, idempotent=false, safe=false, sampledToLocalTracing=true, requestMarshaller=com.alibaba.nacos.shaded.io.grpc.protobuf.lite.ProtoLiteUtils$MessageMarshaller@24e11377, responseMarshaller=com.alibaba.nacos.shaded.io.grpc.protobuf.lite.ProtoLiteUtils$MessageMarshaller@424f5fa2, schemaDescriptor=com.alibaba.nacos.api.grpc.auto.RequestGrpc$RequestMethodDescriptorSupplier@56847fbc}}}}}]]
	at com.alibaba.nacos.shaded.com.google.common.util.concurrent.AbstractFuture.get(AbstractFuture.java:508) ~[nacos-client-2.0.4.jar:na]
	at com.alibaba.nacos.common.remote.client.grpc.GrpcClient.serverCheck(GrpcClient.java:148) ~[nacos-client-2.0.4.jar:na]
	at com.alibaba.nacos.common.remote.client.grpc.GrpcClient.connectToServer(GrpcClient.java:264) ~[nacos-client-2.0.4.jar:na]
	at com.alibaba.nacos.common.remote.client.RpcClient.reconnect(RpcClient.java:522) ~[nacos-client-2.0.4.jar:na]
	at com.alibaba.nacos.common.remote.client.RpcClient.lambda$start$2(RpcClient.java:370) ~[nacos-client-2.0.4.jar:na]
	at java.base/java.util.concurrent.Executors$RunnableAdapter.call(Executors.java:515) ~[na:na]
	at java.base/java.util.concurrent.FutureTask.run(FutureTask.java:264) ~[na:na]
	at java.base/java.util.concurrent.ScheduledThreadPoolExecutor$ScheduledFutureTask.run(ScheduledThreadPoolExecutor.java:304) ~[na:na]
	at java.base/java.util.concurrent.ThreadPoolExecutor.runWorker(ThreadPoolExecutor.java:1128) ~[na:na]
	at java.base/java.util.concurrent.ThreadPoolExecutor$Worker.run(ThreadPoolExecutor.java:628) ~[na:na]
	at java.base/java.lang.Thread.run(Thread.java:834) ~[na:na]

17-42-04-129  INFO 3240 --- [com.alibaba.nacos.client.remote.worker] com.alibaba.nacos.common.remote.client   : [a244ca18-c11c-4d0a-90eb-25184f5cc6ca] Fail to connect server, after trying 323 times, last try server is {serverIp = '192.168.10.101', server main port = 8848}, error = unknown
17-42-12-164 ERROR 3240 --- [com.alibaba.nacos.client.remote.worker] c.a.n.c.remote.client.grpc.GrpcClient    : Server check fail, please check server 192.168.10.101 ,port 9848 is available , error ={}

java.util.concurrent.TimeoutException: Waited 3000 milliseconds (plus 15 milliseconds, 368400 nanoseconds delay) for com.alibaba.nacos.shaded.io.grpc.stub.ClientCalls$GrpcFuture@67c18334[status=PENDING, info=[GrpcFuture{clientCall={delegate={delegate=ClientCallImpl{method=MethodDescriptor{fullMethodName=Request/request, type=UNARY, idempotent=false, safe=false, sampledToLocalTracing=true, requestMarshaller=com.alibaba.nacos.shaded.io.grpc.protobuf.lite.ProtoLiteUtils$MessageMarshaller@24e11377, responseMarshaller=com.alibaba.nacos.shaded.io.grpc.protobuf.lite.ProtoLiteUtils$MessageMarshaller@424f5fa2, schemaDescriptor=com.alibaba.nacos.api.grpc.auto.RequestGrpc$RequestMethodDescriptorSupplier@56847fbc}}}}}]]
	at com.alibaba.nacos.shaded.com.google.common.util.concurrent.AbstractFuture.get(AbstractFuture.java:508) ~[nacos-client-2.0.4.jar:na]
	at com.alibaba.nacos.common.remote.client.grpc.GrpcClient.serverCheck(GrpcClient.java:148) ~[nacos-client-2.0.4.jar:na]
	at com.alibaba.nacos.common.remote.client.grpc.GrpcClient.connectToServer(GrpcClient.java:264) ~[nacos-client-2.0.4.jar:na]
	at com.alibaba.nacos.common.remote.client.RpcClient.reconnect(RpcClient.java:522) ~[nacos-client-2.0.4.jar:na]
	at com.alibaba.nacos.common.remote.client.RpcClient.lambda$start$2(RpcClient.java:370) ~[nacos-client-2.0.4.jar:na]
	at java.base/java.util.concurrent.Executors$RunnableAdapter.call(Executors.java:515) ~[na:na]
	at java.base/java.util.concurrent.FutureTask.run(FutureTask.java:264) ~[na:na]
	at java.base/java.util.concurrent.ScheduledThreadPoolExecutor$ScheduledFutureTask.run(ScheduledThreadPoolExecutor.java:304) ~[na:na]
	at java.base/java.util.concurrent.ThreadPoolExecutor.runWorker(ThreadPoolExecutor.java:1128) ~[na:na]
	at java.base/java.util.concurrent.ThreadPoolExecutor$Worker.run(ThreadPoolExecutor.java:628) ~[na:na]
	at java.base/java.lang.Thread.run(Thread.java:834) ~[na:na]

17-42-12-165  INFO 3240 --- [com.alibaba.nacos.client.remote.worker] com.alibaba.nacos.common.remote.client   : [a244ca18-c11c-4d0a-90eb-25184f5cc6ca] Fail to connect server, after trying 324 times, last try server is {serverIp = '192.168.10.101', server main port = 8848}, error = unknown
17-42-20-190 ERROR 3240 --- [com.alibaba.nacos.client.remote.worker] c.a.n.c.remote.client.grpc.GrpcClient    : Server check fail, please check server 192.168.10.101 ,port 9848 is available , error ={}

java.util.concurrent.TimeoutException: Waited 3000 milliseconds (plus 12 milliseconds, 19000 nanoseconds delay) for com.alibaba.nacos.shaded.io.grpc.stub.ClientCalls$GrpcFuture@2eedbfb6[status=PENDING, info=[GrpcFuture{clientCall={delegate={delegate=ClientCallImpl{method=MethodDescriptor{fullMethodName=Request/request, type=UNARY, idempotent=false, safe=false, sampledToLocalTracing=true, requestMarshaller=com.alibaba.nacos.shaded.io.grpc.protobuf.lite.ProtoLiteUtils$MessageMarshaller@24e11377, responseMarshaller=com.alibaba.nacos.shaded.io.grpc.protobuf.lite.ProtoLiteUtils$MessageMarshaller@424f5fa2, schemaDescriptor=com.alibaba.nacos.api.grpc.auto.RequestGrpc$RequestMethodDescriptorSupplier@56847fbc}}}}}]]
	at com.alibaba.nacos.shaded.com.google.common.util.concurrent.AbstractFuture.get(AbstractFuture.java:508) ~[nacos-client-2.0.4.jar:na]
	at com.alibaba.nacos.common.remote.client.grpc.GrpcClient.serverCheck(GrpcClient.java:148) ~[nacos-client-2.0.4.jar:na]
	at com.alibaba.nacos.common.remote.client.grpc.GrpcClient.connectToServer(GrpcClient.java:264) ~[nacos-client-2.0.4.jar:na]
	at com.alibaba.nacos.common.remote.client.RpcClient.reconnect(RpcClient.java:522) ~[nacos-client-2.0.4.jar:na]
	at com.alibaba.nacos.common.remote.client.RpcClient.lambda$start$2(RpcClient.java:370) ~[nacos-client-2.0.4.jar:na]
	at java.base/java.util.concurrent.Executors$RunnableAdapter.call(Executors.java:515) ~[na:na]
	at java.base/java.util.concurrent.FutureTask.run(FutureTask.java:264) ~[na:na]
	at java.base/java.util.concurrent.ScheduledThreadPoolExecutor$ScheduledFutureTask.run(ScheduledThreadPoolExecutor.java:304) ~[na:na]
	at java.base/java.util.concurrent.ThreadPoolExecutor.runWorker(ThreadPoolExecutor.java:1128) ~[na:na]
	at java.base/java.util.concurrent.ThreadPoolExecutor$Worker.run(ThreadPoolExecutor.java:628) ~[na:na]
	at java.base/java.lang.Thread.run(Thread.java:834) ~[na:na]

17-42-20-192  INFO 3240 --- [com.alibaba.nacos.client.remote.worker] com.alibaba.nacos.common.remote.client   : [a244ca18-c11c-4d0a-90eb-25184f5cc6ca] Fail to connect server, after trying 325 times, last try server is {serverIp = '192.168.10.101', server main port = 8848}, error = unknown
17-42-28-210 ERROR 3240 --- [com.alibaba.nacos.client.remote.worker] c.a.n.c.remote.client.grpc.GrpcClient    : Server check fail, please check server 192.168.10.101 ,port 9848 is available , error ={}

java.util.concurrent.TimeoutException: Waited 3000 milliseconds (plus 13 milliseconds, 398000 nanoseconds delay) for com.alibaba.nacos.shaded.io.grpc.stub.ClientCalls$GrpcFuture@537656bc[status=PENDING, info=[GrpcFuture{clientCall={delegate={delegate=ClientCallImpl{method=MethodDescriptor{fullMethodName=Request/request, type=UNARY, idempotent=false, safe=false, sampledToLocalTracing=true, requestMarshaller=com.alibaba.nacos.shaded.io.grpc.protobuf.lite.ProtoLiteUtils$MessageMarshaller@24e11377, responseMarshaller=com.alibaba.nacos.shaded.io.grpc.protobuf.lite.ProtoLiteUtils$MessageMarshaller@424f5fa2, schemaDescriptor=com.alibaba.nacos.api.grpc.auto.RequestGrpc$RequestMethodDescriptorSupplier@56847fbc}}}}}]]
	at com.alibaba.nacos.shaded.com.google.common.util.concurrent.AbstractFuture.get(AbstractFuture.java:508) ~[nacos-client-2.0.4.jar:na]
	at com.alibaba.nacos.common.remote.client.grpc.GrpcClient.serverCheck(GrpcClient.java:148) ~[nacos-client-2.0.4.jar:na]
	at com.alibaba.nacos.common.remote.client.grpc.GrpcClient.connectToServer(GrpcClient.java:264) ~[nacos-client-2.0.4.jar:na]
	at com.alibaba.nacos.common.remote.client.RpcClient.reconnect(RpcClient.java:522) ~[nacos-client-2.0.4.jar:na]
	at com.alibaba.nacos.common.remote.client.RpcClient.lambda$start$2(RpcClient.java:370) ~[nacos-client-2.0.4.jar:na]
	at java.base/java.util.concurrent.Executors$RunnableAdapter.call(Executors.java:515) ~[na:na]
	at java.base/java.util.concurrent.FutureTask.run(FutureTask.java:264) ~[na:na]
	at java.base/java.util.concurrent.ScheduledThreadPoolExecutor$ScheduledFutureTask.run(ScheduledThreadPoolExecutor.java:304) ~[na:na]
	at java.base/java.util.concurrent.ThreadPoolExecutor.runWorker(ThreadPoolExecutor.java:1128) ~[na:na]
	at java.base/java.util.concurrent.ThreadPoolExecutor$Worker.run(ThreadPoolExecutor.java:628) ~[na:na]
	at java.base/java.lang.Thread.run(Thread.java:834) ~[na:na]

17-42-28-211  INFO 3240 --- [com.alibaba.nacos.client.remote.worker] com.alibaba.nacos.common.remote.client   : [a244ca18-c11c-4d0a-90eb-25184f5cc6ca] Fail to connect server, after trying 326 times, last try server is {serverIp = '192.168.10.101', server main port = 8848}, error = unknown
17-42-32-705  WARN 3240 --- [Thread-4] c.a.nacos.common.notify.NotifyCenter     : [NotifyCenter] Start destroying Publisher
17-42-32-706  WARN 3240 --- [Thread-4] c.a.nacos.common.notify.NotifyCenter     : [NotifyCenter] Destruction of the end
17-42-32-706  WARN 3240 --- [Thread-7] c.a.n.common.http.HttpClientBeanHolder   : [HttpClientBeanHolder] Start destroying common HttpClient
17-42-32-708  WARN 3240 --- [Thread-7] c.a.n.common.http.HttpClientBeanHolder   : [HttpClientBeanHolder] Destruction of the end
17-42-34-324 ERROR 3240 --- [SpringApplicationShutdownHook] com.alibaba.nacos.common.remote.client   : Send request fail, request = SubscribeServiceRequest{headers={app=unknown}, requestId='null'}, retryTimes = 0, errorMessage = Client not connected, current status:UNHEALTHY
17-42-34-431 ERROR 3240 --- [SpringApplicationShutdownHook] com.alibaba.nacos.common.remote.client   : Send request fail, request = SubscribeServiceRequest{headers={app=unknown}, requestId='null'}, retryTimes = 1, errorMessage = Client not connected, current status:UNHEALTHY
17-42-34-539 ERROR 3240 --- [SpringApplicationShutdownHook] com.alibaba.nacos.common.remote.client   : Send request fail, request = SubscribeServiceRequest{headers={app=unknown}, requestId='null'}, retryTimes = 2, errorMessage = Client not connected, current status:UNHEALTHY
17-42-34-541 ERROR 3240 --- [SpringApplicationShutdownHook] c.a.cloud.nacos.discovery.NacosWatch     : namingService unsubscribe failed, properties:NacosDiscoveryProperties{serverAddr='192.168.10.101:8848', username='', password='', endpoint='', namespace='', watchDelay=30000, logName='', service='item-service', weight=1.0, clusterName='DEFAULT', group='DEFAULT_GROUP', namingLoadCacheAtStart='false', metadata={preserved.register.source=SPRING_CLOUD}, registerEnabled=true, ip='172.17.0.1', networkInterface='', port=8081, secure=false, accessKey='', secretKey='', heartBeatInterval=null, heartBeatTimeout=null, ipDeleteTimeout=null, instanceEnabled=true, ephemeral=true, failureToleranceEnabled=false}, ipDeleteTimeout=null, failFast=true}

com.alibaba.nacos.api.exception.NacosException: Request nacos server failed: 
	at com.alibaba.nacos.client.naming.remote.gprc.NamingGrpcClientProxy.requestToServer(NamingGrpcClientProxy.java:290) ~[nacos-client-2.0.4.jar:na]
	at com.alibaba.nacos.client.naming.remote.gprc.NamingGrpcClientProxy.doUnsubscribe(NamingGrpcClientProxy.java:260) ~[nacos-client-2.0.4.jar:na]
	at com.alibaba.nacos.client.naming.remote.gprc.NamingGrpcClientProxy.unsubscribe(NamingGrpcClientProxy.java:241) ~[nacos-client-2.0.4.jar:na]
	at com.alibaba.nacos.client.naming.remote.NamingClientProxyDelegate.unsubscribe(NamingClientProxyDelegate.java:157) ~[nacos-client-2.0.4.jar:na]
	at com.alibaba.nacos.client.naming.NacosNamingService.unsubscribe(NacosNamingService.java:417) ~[nacos-client-2.0.4.jar:na]
	at com.alibaba.cloud.nacos.discovery.NacosWatch.stop(NacosWatch.java:174) ~[spring-cloud-starter-alibaba-nacos-discovery-2021.0.4.0.jar:2021.0.4.0]
	at com.alibaba.cloud.nacos.discovery.NacosWatch.stop(NacosWatch.java:107) ~[spring-cloud-starter-alibaba-nacos-discovery-2021.0.4.0.jar:2021.0.4.0]
	at org.springframework.context.support.DefaultLifecycleProcessor.doStop(DefaultLifecycleProcessor.java:234) ~[spring-context-5.3.27.jar:5.3.27]
	at org.springframework.context.support.DefaultLifecycleProcessor.access$300(DefaultLifecycleProcessor.java:54) ~[spring-context-5.3.27.jar:5.3.27]
	at org.springframework.context.support.DefaultLifecycleProcessor$LifecycleGroup.stop(DefaultLifecycleProcessor.java:373) ~[spring-context-5.3.27.jar:5.3.27]
	at org.springframework.context.support.DefaultLifecycleProcessor.stopBeans(DefaultLifecycleProcessor.java:206) ~[spring-context-5.3.27.jar:5.3.27]
	at org.springframework.context.support.DefaultLifecycleProcessor.onClose(DefaultLifecycleProcessor.java:129) ~[spring-context-5.3.27.jar:5.3.27]
	at org.springframework.context.support.AbstractApplicationContext.doClose(AbstractApplicationContext.java:1069) ~[spring-context-5.3.27.jar:5.3.27]
	at org.springframework.boot.web.servlet.context.ServletWebServerApplicationContext.doClose(ServletWebServerApplicationContext.java:174) ~[spring-boot-2.7.12.jar:2.7.12]
	at org.springframework.context.support.AbstractApplicationContext.close(AbstractApplicationContext.java:1023) ~[spring-context-5.3.27.jar:5.3.27]
	at org.springframework.boot.SpringApplicationShutdownHook.closeAndWait(SpringApplicationShutdownHook.java:145) ~[spring-boot-2.7.12.jar:2.7.12]
	at java.base/java.lang.Iterable.forEach(Iterable.java:75) ~[na:na]
	at org.springframework.boot.SpringApplicationShutdownHook.run(SpringApplicationShutdownHook.java:114) ~[spring-boot-2.7.12.jar:2.7.12]
	at java.base/java.lang.Thread.run(Thread.java:834) ~[na:na]
Caused by: com.alibaba.nacos.api.exception.NacosException: Client not connected, current status:UNHEALTHY
	at com.alibaba.nacos.common.remote.client.RpcClient.request(RpcClient.java:650) ~[nacos-client-2.0.4.jar:na]
	at com.alibaba.nacos.common.remote.client.RpcClient.request(RpcClient.java:630) ~[nacos-client-2.0.4.jar:na]
	at com.alibaba.nacos.client.naming.remote.gprc.NamingGrpcClientProxy.requestToServer(NamingGrpcClientProxy.java:280) ~[nacos-client-2.0.4.jar:na]
	... 18 common frames omitted

17-42-34-549  INFO 3240 --- [SpringApplicationShutdownHook] c.a.c.n.registry.NacosServiceRegistry    : De-registering from Nacos Server now...
17-42-34-662 ERROR 3240 --- [SpringApplicationShutdownHook] com.alibaba.nacos.common.remote.client   : Send request fail, request = InstanceRequest{headers={app=unknown}, requestId='null'}, retryTimes = 0, errorMessage = Client not connected, current status:UNHEALTHY
17-42-34-770 ERROR 3240 --- [SpringApplicationShutdownHook] com.alibaba.nacos.common.remote.client   : Send request fail, request = InstanceRequest{headers={app=unknown}, requestId='null'}, retryTimes = 1, errorMessage = Client not connected, current status:UNHEALTHY
17-42-34-877 ERROR 3240 --- [SpringApplicationShutdownHook] com.alibaba.nacos.common.remote.client   : Send request fail, request = InstanceRequest{headers={app=unknown}, requestId='null'}, retryTimes = 2, errorMessage = Client not connected, current status:UNHEALTHY
17-42-34-880 ERROR 3240 --- [SpringApplicationShutdownHook] c.a.c.n.registry.NacosServiceRegistry    : ERR_NACOS_DEREGISTER, de-register failed...NacosRegistration{nacosDiscoveryProperties=NacosDiscoveryProperties{serverAddr='192.168.10.101:8848', username='', password='', endpoint='', namespace='', watchDelay=30000, logName='', service='item-service', weight=1.0, clusterName='DEFAULT', group='DEFAULT_GROUP', namingLoadCacheAtStart='false', metadata={preserved.register.source=SPRING_CLOUD}, registerEnabled=true, ip='172.17.0.1', networkInterface='', port=8081, secure=false, accessKey='', secretKey='', heartBeatInterval=null, heartBeatTimeout=null, ipDeleteTimeout=null, instanceEnabled=true, ephemeral=true, failureToleranceEnabled=false}, ipDeleteTimeout=null, failFast=true}},

com.alibaba.nacos.api.exception.NacosException: Request nacos server failed: 
	at com.alibaba.nacos.client.naming.remote.gprc.NamingGrpcClientProxy.requestToServer(NamingGrpcClientProxy.java:290) ~[nacos-client-2.0.4.jar:na]
	at com.alibaba.nacos.client.naming.remote.gprc.NamingGrpcClientProxy.doDeregisterService(NamingGrpcClientProxy.java:153) ~[nacos-client-2.0.4.jar:na]
	at com.alibaba.nacos.client.naming.remote.gprc.NamingGrpcClientProxy.deregisterService(NamingGrpcClientProxy.java:139) ~[nacos-client-2.0.4.jar:na]
	at com.alibaba.nacos.client.naming.remote.NamingClientProxyDelegate.deregisterService(NamingClientProxyDelegate.java:99) ~[nacos-client-2.0.4.jar:na]
	at com.alibaba.nacos.client.naming.NacosNamingService.deregisterInstance(NacosNamingService.java:180) ~[nacos-client-2.0.4.jar:na]
	at com.alibaba.nacos.client.naming.NacosNamingService.deregisterInstance(NacosNamingService.java:170) ~[nacos-client-2.0.4.jar:na]
	at com.alibaba.cloud.nacos.registry.NacosServiceRegistry.deregister(NacosServiceRegistry.java:106) ~[spring-cloud-starter-alibaba-nacos-discovery-2021.0.4.0.jar:2021.0.4.0]
	at org.springframework.cloud.client.serviceregistry.AbstractAutoServiceRegistration.deregister(AbstractAutoServiceRegistration.java:249) ~[spring-cloud-commons-3.1.3.jar:3.1.3]
	at org.springframework.cloud.client.serviceregistry.AbstractAutoServiceRegistration.stop(AbstractAutoServiceRegistration.java:264) ~[spring-cloud-commons-3.1.3.jar:3.1.3]
	at org.springframework.cloud.client.serviceregistry.AbstractAutoServiceRegistration.destroy(AbstractAutoServiceRegistration.java:201) ~[spring-cloud-commons-3.1.3.jar:3.1.3]
	at java.base/jdk.internal.reflect.NativeMethodAccessorImpl.invoke0(Native Method) ~[na:na]
	at java.base/jdk.internal.reflect.NativeMethodAccessorImpl.invoke(NativeMethodAccessorImpl.java:62) ~[na:na]
	at java.base/jdk.internal.reflect.DelegatingMethodAccessorImpl.invoke(DelegatingMethodAccessorImpl.java:43) ~[na:na]
	at java.base/java.lang.reflect.Method.invoke(Method.java:566) ~[na:na]
	at org.springframework.beans.factory.annotation.InitDestroyAnnotationBeanPostProcessor$LifecycleElement.invoke(InitDestroyAnnotationBeanPostProcessor.java:389) ~[spring-beans-5.3.27.jar:5.3.27]
	at org.springframework.beans.factory.annotation.InitDestroyAnnotationBeanPostProcessor$LifecycleMetadata.invokeDestroyMethods(InitDestroyAnnotationBeanPostProcessor.java:347) ~[spring-beans-5.3.27.jar:5.3.27]
	at org.springframework.beans.factory.annotation.InitDestroyAnnotationBeanPostProcessor.postProcessBeforeDestruction(InitDestroyAnnotationBeanPostProcessor.java:177) ~[spring-beans-5.3.27.jar:5.3.27]
	at org.springframework.beans.factory.support.DisposableBeanAdapter.destroy(DisposableBeanAdapter.java:197) ~[spring-beans-5.3.27.jar:5.3.27]
	at org.springframework.beans.factory.support.DefaultSingletonBeanRegistry.destroyBean(DefaultSingletonBeanRegistry.java:587) ~[spring-beans-5.3.27.jar:5.3.27]
	at org.springframework.beans.factory.support.DefaultSingletonBeanRegistry.destroySingleton(DefaultSingletonBeanRegistry.java:559) ~[spring-beans-5.3.27.jar:5.3.27]
	at org.springframework.beans.factory.support.DefaultListableBeanFactory.destroySingleton(DefaultListableBeanFactory.java:1163) ~[spring-beans-5.3.27.jar:5.3.27]
	at org.springframework.beans.factory.support.DefaultSingletonBeanRegistry.destroySingletons(DefaultSingletonBeanRegistry.java:520) ~[spring-beans-5.3.27.jar:5.3.27]
	at org.springframework.beans.factory.support.DefaultListableBeanFactory.destroySingletons(DefaultListableBeanFactory.java:1156) ~[spring-beans-5.3.27.jar:5.3.27]
	at org.springframework.context.support.AbstractApplicationContext.destroyBeans(AbstractApplicationContext.java:1108) ~[spring-context-5.3.27.jar:5.3.27]
	at org.springframework.context.support.AbstractApplicationContext.doClose(AbstractApplicationContext.java:1077) ~[spring-context-5.3.27.jar:5.3.27]
	at org.springframework.boot.web.servlet.context.ServletWebServerApplicationContext.doClose(ServletWebServerApplicationContext.java:174) ~[spring-boot-2.7.12.jar:2.7.12]
	at org.springframework.context.support.AbstractApplicationContext.close(AbstractApplicationContext.java:1023) ~[spring-context-5.3.27.jar:5.3.27]
	at org.springframework.boot.SpringApplicationShutdownHook.closeAndWait(SpringApplicationShutdownHook.java:145) ~[spring-boot-2.7.12.jar:2.7.12]
	at java.base/java.lang.Iterable.forEach(Iterable.java:75) ~[na:na]
	at org.springframework.boot.SpringApplicationShutdownHook.run(SpringApplicationShutdownHook.java:114) ~[spring-boot-2.7.12.jar:2.7.12]
	at java.base/java.lang.Thread.run(Thread.java:834) ~[na:na]
Caused by: com.alibaba.nacos.api.exception.NacosException: Client not connected, current status:UNHEALTHY
	at com.alibaba.nacos.common.remote.client.RpcClient.request(RpcClient.java:650) ~[nacos-client-2.0.4.jar:na]
	at com.alibaba.nacos.common.remote.client.RpcClient.request(RpcClient.java:630) ~[nacos-client-2.0.4.jar:na]
	at com.alibaba.nacos.client.naming.remote.gprc.NamingGrpcClientProxy.requestToServer(NamingGrpcClientProxy.java:280) ~[nacos-client-2.0.4.jar:na]
	... 30 common frames omitted

17-42-34-881  INFO 3240 --- [SpringApplicationShutdownHook] c.a.c.n.registry.NacosServiceRegistry    : De-registration finished.
17-42-34-886  INFO 3240 --- [SpringApplicationShutdownHook] com.alibaba.nacos.common.remote.client   : Shutdown rpc client, set status to shutdown
17-42-34-886  INFO 3240 --- [SpringApplicationShutdownHook] com.alibaba.nacos.common.remote.client   : Shutdown client event executor java.util.concurrent.ScheduledThreadPoolExecutor@3fe94015[Running, pool size = 2, active threads = 2, queued tasks = 0, completed tasks = 0]
17-42-34-886  INFO 3240 --- [SpringApplicationShutdownHook] com.alibaba.nacos.common.remote.client   : Close current connection 1746604212299_192.168.10.1_63962
17-42-34-887 ERROR 3240 --- [com.alibaba.nacos.client.remote.worker] c.a.n.c.remote.client.grpc.GrpcClient    : Server check fail, please check server 192.168.10.101 ,port 9848 is available , error ={}

java.lang.InterruptedException: null
	at com.alibaba.nacos.shaded.com.google.common.util.concurrent.AbstractFuture.get(AbstractFuture.java:438) ~[nacos-client-2.0.4.jar:na]
	at com.alibaba.nacos.common.remote.client.grpc.GrpcClient.serverCheck(GrpcClient.java:148) ~[nacos-client-2.0.4.jar:na]
	at com.alibaba.nacos.common.remote.client.grpc.GrpcClient.connectToServer(GrpcClient.java:264) ~[nacos-client-2.0.4.jar:na]
	at com.alibaba.nacos.common.remote.client.RpcClient.reconnect(RpcClient.java:522) ~[nacos-client-2.0.4.jar:na]
	at com.alibaba.nacos.common.remote.client.RpcClient.lambda$start$2(RpcClient.java:370) ~[nacos-client-2.0.4.jar:na]
	at java.base/java.util.concurrent.Executors$RunnableAdapter.call(Executors.java:515) ~[na:na]
	at java.base/java.util.concurrent.FutureTask.run(FutureTask.java:264) ~[na:na]
	at java.base/java.util.concurrent.ScheduledThreadPoolExecutor$ScheduledFutureTask.run(ScheduledThreadPoolExecutor.java:304) ~[na:na]
	at java.base/java.util.concurrent.ThreadPoolExecutor.runWorker(ThreadPoolExecutor.java:1128) ~[na:na]
	at java.base/java.util.concurrent.ThreadPoolExecutor$Worker.run(ThreadPoolExecutor.java:628) ~[na:na]
	at java.base/java.lang.Thread.run(Thread.java:834) ~[na:na]

17-42-34-887  INFO 3240 --- [SpringApplicationShutdownHook] c.a.n.c.remote.client.grpc.GrpcClient    : Shutdown grpc executor java.util.concurrent.ThreadPoolExecutor@40c020a8[Running, pool size = 1, active threads = 0, queued tasks = 0, completed tasks = 1198]
17-42-34-889 ERROR 3240 --- [com.alibaba.nacos.client.remote.worker] c.a.n.c.remote.client.grpc.GrpcClient    : [a244ca18-c11c-4d0a-90eb-25184f5cc6ca]Fail to connect to server!,error={}

java.util.concurrent.RejectedExecutionException: Task com.alibaba.nacos.shaded.io.grpc.internal.SerializingExecutor@5889826b rejected from java.util.concurrent.ThreadPoolExecutor@40c020a8[Terminated, pool size = 0, active threads = 0, queued tasks = 0, completed tasks = 1198]
	at java.base/java.util.concurrent.ThreadPoolExecutor$AbortPolicy.rejectedExecution(ThreadPoolExecutor.java:2055) ~[na:na]
	at java.base/java.util.concurrent.ThreadPoolExecutor.reject(ThreadPoolExecutor.java:825) ~[na:na]
	at java.base/java.util.concurrent.ThreadPoolExecutor.execute(ThreadPoolExecutor.java:1355) ~[na:na]
	at com.alibaba.nacos.shaded.io.grpc.internal.SerializingExecutor.schedule(SerializingExecutor.java:93) ~[nacos-client-2.0.4.jar:na]
	at com.alibaba.nacos.shaded.io.grpc.internal.SerializingExecutor.execute(SerializingExecutor.java:86) ~[nacos-client-2.0.4.jar:na]
	at com.alibaba.nacos.shaded.io.grpc.internal.ClientCallImpl$ClientStreamListenerImpl.closedInternal(ClientCallImpl.java:696) ~[nacos-client-2.0.4.jar:na]
	at com.alibaba.nacos.shaded.io.grpc.internal.ClientCallImpl$ClientStreamListenerImpl.closed(ClientCallImpl.java:646) ~[nacos-client-2.0.4.jar:na]
	at com.alibaba.nacos.shaded.io.grpc.internal.ClientCallImpl$ClientStreamListenerImpl.closed(ClientCallImpl.java:639) ~[nacos-client-2.0.4.jar:na]
	at com.alibaba.nacos.shaded.io.grpc.internal.DelayedStream.cancel(DelayedStream.java:302) ~[nacos-client-2.0.4.jar:na]
	at com.alibaba.nacos.shaded.io.grpc.internal.DelayedClientTransport$PendingStream.cancel(DelayedClientTransport.java:363) ~[nacos-client-2.0.4.jar:na]
	at com.alibaba.nacos.shaded.io.grpc.internal.DelayedClientTransport.shutdownNow(DelayedClientTransport.java:241) ~[nacos-client-2.0.4.jar:na]
	at com.alibaba.nacos.shaded.io.grpc.internal.ManagedChannelImpl$UncommittedRetriableStreamsRegistry.onShutdownNow(ManagedChannelImpl.java:1021) ~[nacos-client-2.0.4.jar:na]
	at com.alibaba.nacos.shaded.io.grpc.internal.ManagedChannelImpl.shutdownNow(ManagedChannelImpl.java:752) ~[nacos-client-2.0.4.jar:na]
	at com.alibaba.nacos.shaded.io.grpc.internal.ManagedChannelImpl.shutdownNow(ManagedChannelImpl.java:105) ~[nacos-client-2.0.4.jar:na]
	at com.alibaba.nacos.shaded.io.grpc.internal.ForwardingManagedChannel.shutdownNow(ForwardingManagedChannel.java:52) ~[nacos-client-2.0.4.jar:na]
	at com.alibaba.nacos.shaded.io.grpc.internal.ManagedChannelOrphanWrapper.shutdownNow(ManagedChannelOrphanWrapper.java:66) ~[nacos-client-2.0.4.jar:na]
	at com.alibaba.nacos.common.remote.client.grpc.GrpcClient.shuntDownChannel(GrpcClient.java:130) ~[nacos-client-2.0.4.jar:na]
	at com.alibaba.nacos.common.remote.client.grpc.GrpcClient.connectToServer(GrpcClient.java:266) ~[nacos-client-2.0.4.jar:na]
	at com.alibaba.nacos.common.remote.client.RpcClient.reconnect(RpcClient.java:522) ~[nacos-client-2.0.4.jar:na]
	at com.alibaba.nacos.common.remote.client.RpcClient.lambda$start$2(RpcClient.java:370) ~[nacos-client-2.0.4.jar:na]
	at java.base/java.util.concurrent.Executors$RunnableAdapter.call(Executors.java:515) ~[na:na]
	at java.base/java.util.concurrent.FutureTask.run(FutureTask.java:264) ~[na:na]
	at java.base/java.util.concurrent.ScheduledThreadPoolExecutor$ScheduledFutureTask.run(ScheduledThreadPoolExecutor.java:304) ~[na:na]
	at java.base/java.util.concurrent.ThreadPoolExecutor.runWorker(ThreadPoolExecutor.java:1128) ~[na:na]
	at java.base/java.util.concurrent.ThreadPoolExecutor$Worker.run(ThreadPoolExecutor.java:628) ~[na:na]
	at java.base/java.lang.Thread.run(Thread.java:834) ~[na:na]

17-42-34-889  INFO 3240 --- [com.alibaba.nacos.client.remote.worker] com.alibaba.nacos.common.remote.client   : Close current connection 1746604212299_192.168.10.1_63962
17-42-34-890  INFO 3240 --- [com.alibaba.nacos.client.remote.worker] com.alibaba.nacos.common.remote.client   : [a244ca18-c11c-4d0a-90eb-25184f5cc6ca] Fail to connect server, after trying 327 times, last try server is {serverIp = '192.168.10.101', server main port = 8848}, error = unknown
